{"\u0621": 6.661218890508604e-05, "\u0621\u0621": 1.0538235865383016e-07, "\u0621\u06a9\u06d2": 7.376765105768111e-08, "\u0621\u0627": 3.1614707596149046e-08, "\u0621\u06a9\u06cc": 3.1614707596149046e-08, "\u0621\u0627\u0628\u0622\u0626": 3.1614707596149046e-08}