{"\u0623\u0639\u0648\u0630": 1.1697441810575147e-06, "\u0623\u0646": 3.467079599711012e-06, "\u0623\u0628": 1.3488941907690259e-06, "\u0623\u0634\u06c1\u062f": 6.428323877883639e-07, "\u0623\u062d\u0645\u062f": 3.1614707596149046e-07, "\u0623\u06c1\u0644": 7.376765105768111e-07, "\u0623\u0646\u0632\u0644": 2.9507060423072444e-07, "\u0623\u06cc\u06c1\u0627": 4.742206139422357e-07, "\u0623\u06a9\u0628\u0631": 4.952970856730017e-07, "\u0623\u064a\u0647\u0627": 3.5830001942302254e-07, "\u0623\u0628\u0648": 8.430588692306413e-07, "\u0623\u062e\u0631\u062c\u06c1": 5.269117932691507e-07, "\u0623\u0631\u0648\u0627\u062d": 1.5807353798074523e-07, "\u0623\u0639\u0644\u0645": 1.4753530211536222e-07, "\u0623\u0628\u064a": 7.587529823075771e-07, "\u0623\u062d\u062f": 2.3184118903842633e-07, "\u0623\u0648": 9.062882844229393e-07, "\u0623\u0628\u06cc": 3.2668531182687346e-07, "\u0623\u062e\u0628\u0631\u0646\u0627": 3.1614707596149046e-07, "\u0623\u0645\u0627": 1.369970662499792e-07, "\u0623\u0648\u0644\u06cc": 1.4753530211536222e-07, "\u0623\u06cc\u0647\u0627": 9.484412278844714e-08, "\u0623\u0648\u0644\u0626": 1.5807353798074523e-07, "\u0623\u0648\u0644": 3.3722354769225647e-07, "\u0623\u0646\u0647": 1.8968824557689427e-07, "\u0623\u0646\u06c1": 1.369970662499792e-07, "\u0623\u0646\u0632": 1.369970662499792e-07, "\u0623\u0645\u0631": 2.8453236836534144e-07, "\u0623\u062a\u064a\u0646": 7.376765105768111e-08, "\u0623\u062c\u0645\u0639": 7.376765105768111e-08, "\u0623\u0645\u0648\u0627\u0644": 1.1592059451921316e-07, "\u0623\u06cc\u06be\u0627": 7.376765105768111e-08, "\u0623\u062d\u0635": 1.0538235865383016e-07, "\u0623\u0633\u0623\u0644\u06a9": 1.369970662499792e-07, "\u0623\u0628\u0648\u062f\u0627\u0648\u062f": 1.0538235865383016e-07, "\u0623\u0631\u0627\u062f": 6.322941519229809e-08, "\u0623\u0641\u0628": 6.322941519229809e-08, "\u0623\u062e": 1.0538235865383016e-07, "\u0623\u0633\u0631\u0627\u0631": 6.322941519229809e-08, "\u0623\u062a": 6.322941519229809e-08, "\u0623\u0644\u0633\u062a": 6.322941519229809e-08, "\u0623\u0646\u0641\u0633": 3.6883825528840554e-07, "\u0623\u062e\u062a": 6.322941519229809e-08, "\u0623\u0645": 3.8991472701917156e-07, "\u0623\u0635\u062d\u0627\u0628": 1.4753530211536222e-07, "\u0623\u0647\u0644": 2.739941324999584e-07, "\u0623\u0646\u0627": 1.4753530211536222e-07, "\u0623\u064a\u0645\u0627\u0646\u0647\u0645": 9.484412278844714e-08, "\u0623\u0632\u0648\u0627\u062c": 1.369970662499792e-07, "\u0623\u0644\u0633\u062a\u0645": 5.269117932691508e-08, "\u0623\u0628\u064a\u0647": 9.484412278844714e-08, "\u0623\u0646\u0648\u0627\u0631": 5.269117932691508e-08, "\u0623\u0634\u0647\u062f": 5.269117932691508e-08, "\u0623\u062d\u0633\u0646": 9.484412278844714e-08, "\u0623\u064a\u062f": 1.4753530211536222e-07, "\u0623\u062c\u0631\u06c1\u0627": 5.269117932691508e-08, "\u0623\u06cc\u0627\u0645": 5.269117932691508e-08, "\u0623\u062c\u0648\u0631\u0647\u0646": 9.484412278844714e-08, "\u0623\u062c\u0631": 5.269117932691508e-08, "\u0623\u0646\u06cc": 5.269117932691508e-08, "\u0623\u0628\u0627": 1.8968824557689427e-07, "\u0623\u0641\u0636\u0644": 5.269117932691508e-08, "\u0623\u062d\u0644": 5.269117932691508e-08, "\u0623\u0648\u0644\u0627\u062f": 4.215294346153206e-08, "\u0623\u062d\u0633": 4.215294346153206e-08, "\u0623\u0644\u0627": 7.376765105768111e-08, "\u0623\u06cc\u062f": 4.215294346153206e-08, "\u0623\u0641\u062d\u0643\u0645": 4.215294346153206e-08, "\u0623\u0646\u062a": 2.1076471730766031e-07, "\u0623\u0647\u0648\u0627\u0621": 4.215294346153206e-08, "\u0623\u062c\u0627\u0628": 4.215294346153206e-08, "\u0623\u0631\u0642": 4.215294346153206e-08, "\u0623\u0635\u0644\u062d\u0643": 4.215294346153206e-08, "\u0623\u0645\u0629": 4.215294346153206e-08, "\u0623\u0645\u062a\u064a": 1.0538235865383016e-07, "\u0623\u064a\u0645\u0627\u0646\u0643\u0645": 8.430588692306412e-08, "\u0623\u0643\u0628\u0631": 4.215294346153206e-08, "\u0623\u062e\u0631\u062a": 4.215294346153206e-08, "\u0623\u0631\u062f\u062a": 4.215294346153206e-08, "\u0623\u062e\u064a": 4.215294346153206e-08, "\u0623\u062d\u0628": 1.369970662499792e-07, "\u0623\u06be\u0644": 4.215294346153206e-08, "\u0623\u0639": 8.430588692306412e-08, "\u0623\u064a\u0627\u0645": 4.215294346153206e-08, "\u0623\u064a\u0648\u0628": 4.215294346153206e-08, "\u0623\u0633\u0627\u0648": 4.215294346153206e-08, "\u0623\u0646\u06a9": 4.215294346153206e-08, "\u0623\u0630\u06c1": 3.1614707596149046e-08, "\u0623\u0643\u0631\u0645\u0643\u0645": 3.1614707596149046e-08, "\u0623\u062a\u0627\u06a9": 3.1614707596149046e-08, "\u0623\u062d\u06a9\u0627\u0645": 3.1614707596149046e-08, "\u0623\u06c1\u0644\u0629": 3.1614707596149046e-08, "\u0623\u0628\u0646\u0622\u0626": 3.1614707596149046e-08, "\u0623\u0633\u0631\u0631\u062a": 3.1614707596149046e-08, "\u0623\u0628\u0635\u0631": 3.1614707596149046e-08, "\u0623\u062e\u0630": 3.1614707596149046e-08, "\u0623\u0631\u0627\u0647": 3.1614707596149046e-08, "\u0623\u0628\u0648\u06cc\u06c1": 3.1614707596149046e-08, "\u0623\u0633\u0644\u0645\u0648\u0627": 3.1614707596149046e-08, "\u0623\u0635\u0644": 3.1614707596149046e-08, "\u0623\u0645\u062a": 3.1614707596149046e-08, "\u0623\u0646\u0633": 3.1614707596149046e-08, "\u0623\u0646\u06d2": 3.1614707596149046e-08, "\u0623\u0645\u0631\u06c1": 3.1614707596149046e-08, "\u0623\u0645\u0648\u0627\u0644\u0643\u0645": 3.1614707596149046e-08, "\u0623\u0633": 3.1614707596149046e-08, "\u0623\u062e\u0631\u062c": 3.1614707596149046e-08, "\u0623\u0646\u0628\u0623\u0646\u0627": 3.1614707596149046e-08, "\u0623\u0642\u0631\u0628": 3.1614707596149046e-08, "\u0623\u062c\u0648\u0631\u06c1\u0645": 3.1614707596149046e-08, "\u0623\u0628\u0648\u0627\u0628": 3.1614707596149046e-08, "\u0623\u0639\u0644\u0646\u062a": 3.1614707596149046e-08, "\u0623\u0629": 3.1614707596149046e-08, "\u0623\u0639\u062a\u0642": 3.1614707596149046e-08, "\u0623\u062d\u0628\u062a\u0647": 3.1614707596149046e-08, "\u0623\u0637\u06cc\u0639\u0648\u0627": 3.1614707596149046e-08, "\u0623\u062d\u062f\u062b": 6.322941519229809e-08, "\u0623\u0644\u0642": 3.1614707596149046e-08, "\u0623\u0633\u0631\u0649": 3.1614707596149046e-08, "\u0623\u062e\u0628\u0631\u0646": 6.322941519229809e-08, "\u0623\u0632\u0648\u062c": 3.1614707596149046e-08, "\u0623\u0646\u062a\u0645": 3.1614707596149046e-08, "\u0623\u0646\u0641\u0642\u0648\u0627": 3.1614707596149046e-08, "\u0623\u0639\u0637\u06cc\u062a": 3.1614707596149046e-08, "\u0623\u0632\u0648\u0627\u062c\u0643\u0645": 3.1614707596149046e-08, "\u0623\u062a\u0623\u062e\u0630\u0648\u0646\u06c1": 3.1614707596149046e-08, "\u0623\u0645\u064a": 3.1614707596149046e-08, "\u0623\u062e\u0628\u0631\u0646\u064a": 3.1614707596149046e-08, "\u0623\u0633\u062a\u063a\u0641": 3.1614707596149046e-08, "\u0623\u0626": 3.1614707596149046e-08, "\u0623\u0639\u062f\u0627\u0621": 3.1614707596149046e-08, "\u0623\u0646\u0639\u0645": 3.1614707596149046e-08, "\u0623\u0648\u0644\u0627\u062f\u0647": 3.1614707596149046e-08, "\u0623\u0648\u062d": 3.1614707596149046e-08, "\u0623\u06a9\u06d2": 3.1614707596149046e-08, "\u0623\u0648\u0636\u0627\u0639": 3.1614707596149046e-08, "\u0623\u062c": 3.1614707596149046e-08, "\u0623\u0635\u062d\u0627\u0628\u06c1": 6.322941519229809e-08, "\u0623\u062d\u062f\u06a9\u0645": 3.1614707596149046e-08, "\u0623\u0648\u062a": 3.1614707596149046e-08, "\u0623\u0645\u064a\u0631\u0647": 3.1614707596149046e-08, "\u0623\u0630": 3.1614707596149046e-08, "\u0623\u0643\u062b\u0631": 3.1614707596149046e-08, "\u0623\u0648\u062d\u064a\u0646\u0627": 3.1614707596149046e-08, "\u0623\u062d\u0631\u0627\u0631\u0627": 3.1614707596149046e-08, "\u0623\u0633\u0631\u0641\u062a": 3.1614707596149046e-08, "\u0623\u0646\u0633\u0627": 3.1614707596149046e-08, "\u0623\u0631\u0642\u0645": 3.1614707596149046e-08, "\u0623\u0631\u0628\u0639": 3.1614707596149046e-08, "\u0623\u0639\u0631": 3.1614707596149046e-08, "\u0623\u0628\u062f\u0627": 3.1614707596149046e-08, "\u0623\u0646\u0647\u0645": 3.1614707596149046e-08, "\u0623\u0642\u0633": 3.1614707596149046e-08, "\u0623\u0646\u0632\u0644\u0646\u0627": 3.1614707596149046e-08,