{"\u0625": 2.7135957353361266e-05, "\u0625\u0644\u06be": 1.5807353798074522e-06, "\u0625\u0646": 3.2141619389418196e-06, "\u0625\u0644\u06c1": 1.7809618612497297e-06, "\u0625\u0644\u0627": 2.4448707207688596e-06, "\u0625\u0644\u06cc\u06a9": 7.271382747114281e-07, "\u0625\u0628\u0631\u0627\u06be": 3.2668531182687346e-07, "\u0625\u0644\u06cc": 1.5491206722113033e-06, "\u0625\u0646\u06a9": 5.585265008652998e-07, "\u0625\u0646\u06c1": 2.0022648144227728e-07, "\u0625\u0630\u0627": 5.269117932691507e-07, "\u0625\u0628\u0631\u0627\u0647\u064a\u0645": 8.430588692306412e-08, "\u0625\u062d\u062f\u06cc": 7.376765105768111e-08, "\u0625\u062d\u0633\u0627\u0646": 7.376765105768111e-08, "\u0625\u0646\u0645\u0627": 1.0538235865383016e-07, "\u0625\u0642\u0648\u0627\u0621": 6.322941519229809e-08, "\u0625\u0630\u0646": 9.484412278844714e-08, "\u0625\u0633\u0645\u0627\u0639": 6.322941519229809e-08, "\u0625\u0631\u0634\u0627\u062f\u06c1": 6.322941519229809e-08, "\u0625\u0633\u062d\u0627\u0642": 8.430588692306412e-08, "\u0625\u0644\u06cc\u06be": 5.269117932691508e-08, "\u0625\u062e\u0648\u0627\u0646": 4.215294346153206e-08, "\u0625\u0646\u0627": 1.0538235865383016e-07, "\u0625\u0646\u0639\u0627\u0645": 4.215294346153206e-08, "\u0625\u0644\u0649": 1.0538235865383016e-07, "\u0625\u0637\u0639\u0627\u0645": 4.215294346153206e-08, "\u0625\u0628\u0631\u0627\u0647": 4.215294346153206e-08, "\u0625\u0644\u06cc\u06c1": 4.215294346153206e-08, "\u0625\u062d\u0633\u0627\u0646\u0627": 4.215294346153206e-08, "\u0625\u06cc\u0627\u06a9\u0645": 4.215294346153206e-08, "\u0625\u0633\u0631\u0627\u0626\u06cc\u0644": 6.322941519229809e-08, "\u0625\u0631\u0627\u062f\u062a": 6.322941519229809e-08, "\u0625\u0633\u0645\u0627\u0639\u064a\u0644": 3.1614707596149046e-08, "\u0625\u0633\u0631\u0627\u0641": 3.1614707596149046e-08, "\u0625\u0630": 6.322941519229809e-08, "\u0625\u0628\u0631\u0627\u06c1\u06cc\u0645": 3.1614707596149046e-08, "\u0625\u0645\u062a\u064a": 3.1614707596149046e-08}