{"\u062b\u0646\u0627": 3.589713466273943e-05, "\u062b\u0627\u0628\u062a": 0.00034020586844215987, "\u062b\u0627\u0646\u06cc": 2.548145432249613e-05, "\u062b\u0642\u0627\u0641\u062a\u06cc": 4.149149331147804e-05, "\u062b\u0642\u0627\u0641\u062a": 5.034922783864751e-05, "\u062b\u0645\u0631\u06c1": 8.391537973107918e-06, "\u062b\u0631\u0648\u062a": 1.7282706819228145e-05, "\u062b\u0628\u0648\u062a": 9.931233479536954e-05, "\u062b\u0648\u0628": 9.32393108123102e-07, "\u062b\u0628\u062a": 5.8803356128837225e-06, "\u062b\u0642\u0644\u06cc\u0646": 6.992948310923265e-06, "\u062b\u0627\u0646\u06cc\u06c1": 3.496474155461632e-05, "\u062b\u0645\u0646": 3.263375878430857e-06, "\u062b\u0642\u0644": 6.526751756861714e-06, "\u062b\u0642\u0627\u0641\u06cc": 1.398589662184653e-06, "\u062b\u0627\u0646\u0648\u06cc": 2.183522471307361e-05, "\u062b\u0645\u0631\u0627\u062a": 4.784359082883889e-06, "\u062b\u0646\u0627\u0627\u0644\u0644\u06c1": 4.195768986553959e-06, "\u062b\u0642\u0627\u0641\u062a\u0648\u06ba": 9.790127635292571e-06, "\u062b\u0627\u0644\u062b\u06cc": 1.7249272500277385e-05, "\u062b\u0645\u0631": 9.589794637498544e-06, "\u062b\u0628\u0648\u062a\u0648\u06ba": 7.925341419046366e-06, "\u062b\u0627\u0626\u0646\u06c1": 9.32393108123102e-07, "\u062b\u0627\u0644\u062b": 7.925341419046366e-06, "\u062b\u0645\u06cc\u0646\u06c1": 7.459144864984816e-06, "\u062b\u0645\u0631\u06cc\u0646": 1.398589662184653e-06, "\u062b\u0642\u0627\u0641\u062a\u06cc\u06ba": 1.864786216246204e-06, "\u062b\u0648\u0628\u06cc\u06c1": 8.430588692306413e-07, "\u062b\u0627\u0642\u0628": 1.202412712240202e-05, "\u062b\u0646\u0627\u0621": 3.044496341509153e-05, "\u062b\u0642\u0627\u0642\u062a": 4.66196554061551e-07, "\u062b\u0648\u0627\u0628": 5.4682905905472466e-05, "\u062b\u0631\u06cc\u0627": 7.459144864984816e-06, "\u062b\u0645\u0631\u0642\u0646\u062f": 4.66196554061551e-07, "\u062b\u0646\u0627\u0621\u0627\u0644\u0644\u06c1": 4.66196554061551e-07, "\u062b\u0644\u0627\u062b\u06c2": 4.66196554061551e-07, "\u062b\u0646\u0627\u0644\u0644\u06c1": 4.66196554061551e-07, "\u062b\u0645\u06cc\u0646": 4.66196554061551e-07, "\u062b\u0645": 4.626285544903144e-06, "\u062b\u0645\u0648\u062f": 5.0794296871146135e-06, "\u062b\u0642\u06c1": 2.9612442781726275e-06, "\u062b\u0645\u0631\u06cc\u0646\u06c1": 8.957500485575563e-07, "\u062b\u0648\u0628\u0627\u0646": 1.5701971439420693e-06, "\u062b\u0648\u0631\u06cc": 2.1708765882689012e-06, "\u062b\u0648\u0631": 1.1592059451921318e-06, "\u062b\u0644\u0627\u062b\u06c1": 9.695176996152374e-07, "\u062b\u0642\u06cc\u0641": 8.114441616344922e-07, "\u062b\u0628\u0627\u062a": 2.1392618806727523e-06, "\u062b\u0627": 3.8991472701917156e-07, "\u062b\u0639\u0644\u0628\u06c1": 1.0432853506729186e-06, "\u062b\u0644\u062b": 8.852118126921733e-07, "\u062b\u0628\u0627\u062a\u06cc": 6.744470953845129e-07, "\u062b\u0646\u0627\u0626\u06d2": 7.166000388460451e-07, "\u062b\u0631": 4.952970856730017e-07, "\u062b\u0645\u0627\u0645\u06c1": 3.8991472701917156e-07, "\u062b\u0642\u0641\u06cc": 4.952970856730017e-07, "\u062b\u0627\u0646\u06cc\u0627": 2.739941324999584e-07, "\u062b\u0646\u06cc\u06c3": 2.1076471730766031e-07, "\u062b\u0642\u06cc\u0644": 4.742206139422357e-07, "\u062b\u0628\u0648": 1.4753530211536222e-07, "\u062b\u06cc\u0628\u06c1": 3.8991472701917156e-07, "\u062b\u0639\u0644\u0628": 1.2645883038459618e-07, "\u062b\u0644\u0627\u062b\u06cc": 1.5807353798074523e-07, "\u062b\u0628": 1.1592059451921316e-07, "\u062b\u0627\u0646\u06cc\u06d2": 2.0022648144227728e-07, "\u062b\u0627\u0645": 9.484412278844714e-08, "\u062b\u0644": 4.952970856730017e-07, "\u062b\u0631\u06cc\u0646": 9.484412278844714e-08, "\u062b\u0639\u0644\u0628\u06c3": 2.1076471730766031e-07, "\u062b\u0627\u0626\u0631": 8.430588692306412e-08, "\u062b\u0645\u0646\u0627": 1.0538235865383016e-07, "\u062b\u0645\u0648\u062f\u06cc\u0648\u06ba": 2.4237942490380936e-07, "\u062b\u0628\u06cc\u0646": 1.0538235865383016e-07, "\u062b\u0644\u0627\u062b": 1.2645883038459618e-07, "\u062b\u0642\u0627\u0644": 1.0538235865383016e-07, "\u062b\u0646\u06cc": 9.484412278844714e-08, "\u062b": 9.273647561537053e-07, "\u062b\u0627\u0628\u062a\u06c1": 1.6861177384612824e-07, "\u062b\u0645\u0627\u0645\u06c3": 5.269117932691508e-08, "\u062b\u0627\u0644\u062b\u06c1": 5.269117932691508e-08, "\u062b\u0627\u0644\u062b\u0648\u06ba": 5.269117932691508e-08, "\u062b\u0631\u06cc\u062f": 8.430588692306412e-08, "\u062b\u0646\u062a\u06cc\u0646": 4.215294346153206e-08, "\u062b\u0642\u0627\u062a": 4.215294346153206e-08, "\u062b\u0645\u0631\u0645\u0646": 4.215294346153206e-08, "\u062b\u0642\u0627\u0644\u062a": 8.430588692306412e-08, "\u062b\u0646\u0627\u0646\u06cc\u0648\u0632": 4.215294346153206e-08, "\u062b\u0627\u0631": 4.215294346153206e-08, "\u062b\u0644\u062b\u0627": 4.215294346153206e-08, "\u062b\u0646\u06cc\u062a\u06c1": 4.215294346153206e-08, "\u062b\u0646\u06cc\u06c1": 4.215294346153206e-08, "\u062b\u0646\u0623": 4.215294346153206e-08, "\u062b\u0648\u06cc\u0631": 4.215294346153206e-08, "\u062b\u0642\u0627\u06c1\u062a": 4.215294346153206e-08, "\u062b\u0627\u0646\u0648\u0646\u06cc": 3.1614707596149046e-08, "\u062b\u0627\u0644": 3.1614707596149046e-08, "\u062b\u0642\u0644\u06cc": 3.1614707596149046e-08, "\u062b\u0631\u06cc\u0627\u06ba": 3.1614707596149046e-08, "\u062b\u062a": 3.1614707596149046e-08, "\u062b\u0627\u0642\u0628\u06c1": 3.1614707596149046e-08, "\u062b\u0648\u0631\u0628\u0646": 3.1614707596149046e-08, "\u062b\u0645\u0631\u0645\u0628\u0627\u0631\u06a9": 3.1614707596149046e-08, "\u062b\u0631\u06c1": 3.1614707596149046e-08, "\u062b\u0645\u0627": 3.1614707596149046e-08, "\u062b\u0644\u062b\u0648\u0646": 3.1614707596149046e-08, "\u062b\u0648\u0627\u0628\u062a": 3.1614707596149046e-08, "\u062b\u0646\u0622\u0624\u06a9": 3.1614707596149046e-08, "\u062b\u06cc\u0628": 6.322941519229809e-08, "\u062b\u0647": 3.1614707596149046e-08, "\u062b\u062a\u0645": 3.1614707596149046e-08, "\u062b\u0645\u0631\u06cc": 3.1614707596149046e-08, "\u062b\u0627\u0646\u06cc\u0648\u06ba": 3.1614707596149046e-08, "\u062b\u0627\u0628": 3.1614707596149046e-08, "\u062b\u0646\u0648\u06cc\u062a": 3.1614707596149046e-08}