{"\u0630\u06a9\u0631": 0.0002615168612353449, "\u0630\u0631\u06cc\u0639\u06c1": 0.00010021862307979248, "\u0630\u0631\u0627\u0626\u0639": 0.00039780786568234343, "\u0630\u0631\u06cc\u0639\u06d2": 0.00046479796439936633, "\u0630\u0627\u062a\u06cc": 0.00012167730061006482, "\u0630\u06c1\u0627\u0646\u062a": 3.729572432492408e-05, "\u0630\u0631\u0627": 9.699392290498527e-05, "\u0630\u06a9\u0627": 2.5291766076919237e-06, "\u0630\u0645\u06c1": 0.00038929297110311395, "\u0630\u06c1\u0646\u06cc": 8.391537973107918e-05, "\u0630\u06c1\u0646": 0.00012015696533709714, "\u0630\u06cc\u0644\u06cc": 1.348894190769026e-05, "\u0630\u062e\u06cc\u0631\u06d2": 3.729572432492408e-06, "\u0630\u06cc\u0627\u062f\u06c1": 1.864786216246204e-06, "\u0630\u0648\u06c1\u06cc\u0628": 4.66196554061551e-07, "\u0630\u062e\u06cc\u0631\u06c1": 3.822811743304718e-05, "\u0630\u0648\u0642": 1.9464121643362428e-05, "\u0630\u06c1\u0646\u0648\u06ba": 1.7504009772401188e-05, "\u0630\u0627\u062a": 9.727845527335062e-05, "\u0630\u0627\u0626\u0642\u06d2": 1.5850682838092733e-05, "\u0630\u06cc\u0634\u0627\u0646": 1.1244297668363677e-05, "\u0630\u062e\u0627\u0626\u0631\u06c1\u06cc\u06ba": 4.66196554061551e-07, "\u0630\u062e\u0627\u0626\u0631": 8.205059351483297e-05, "\u0630\u0628\u062d": 2.8959072158072525e-05, "\u0630\u0627\u062a\u0648\u06ba": 5.594358648738612e-06, "\u0630\u0644\u06cc\u0644": 1.6408033242401354e-05, "\u0630\u0627\u0626\u0642\u06c1": 2.330982770307755e-05, "\u0630\u06cc\u0644": 3.271068412614888e-05, "\u0630\u062e\u06cc\u0631\u0648\u06ba": 4.66196554061551e-07, "\u0630\u0631\u06cc\u0639\u0648\u06ba": 9.32393108123102e-07, "\u0630\u06be\u06cc\u0646": 4.66196554061551e-07, "\u0630\u0648\u0627\u0644\u0641\u0642\u0627\u0631": 0.00010869136471556043, "\u0630\u0627\u062a\u06cc\u06ba": 1.864786216246204e-06, "\u0630\u06c1\u06cc\u0646": 1.6316879392154285e-05, "\u0630\u0644\u062a": 2.092893642865067e-05, "\u0630\u06cc\u0627\u0648\u067e\u0646\u06af": 4.66196554061551e-07, "\u0630\u0648\u0642\u00a0\u0627\u06cc\u06a9\u00a0\u062c\u06cc\u0633\u0627": 4.66196554061551e-07, "\u0630\u0631\u06cc\u0639\u06d2\u0645\u0627\u0631\u06d2": 4.66196554061551e-07, "\u0630\u06c1\u0646\u06cc\u062a": 1.5384486284031184e-05, "\u0630\u0628\u06cc\u062d": 5.594358648738612e-06, "\u0630\u06cc\u0627\u0628\u06cc\u0637\u0633": 3.449854500055477e-05, "\u0630\u0627\u06a9\u0631\u062e\u0627\u0646": 4.66196554061551e-07, "\u0630\u06a9\u06cc\u06c1": 3.729572432492408e-06, "\u0630\u0627\u0626\u0642\u0648\u06ba": 4.195768986553959e-06, "\u0630\u0627\u06a9\u0631": 1.6316879392154285e-05, "\u0630\u0631\u0645\u0628\u0627\u062f\u0644\u06c1": 9.32393108123102e-07, "\u0630\u0645\u06d2": 5.617933539835685e-05, "\u0630\u0631\u0627\u062a": 1.6316879392154285e-05, "\u0630\u06cc\u0627\u0628\u0637\u06cc\u0633": 4.66196554061551e-07, "\u0630\u0627\u062ax27": 9.32393108123102e-07, "\u0630\u06a9\u06cc": 3.8464560908648e-06, "\u0630\u06cc\u0639\u06d2": 4.66196554061551e-07, "\u0630\u0631\u06c1": 1.4511150786632413e-05, "\u0630\u0631\u062e\u06cc\u0632": 4.66196554061551e-07, "\u0630\u062f": 9.32393108123102e-07, "\u0630\u0631\u06cc\u0639\u06d2\u0628\u0691\u06cc": 4.66196554061551e-07, "\u0630\u0631\u06d2": 4.54197965798008e-06, "\u0630\u062e\u06c1": 4.66196554061551e-07, "\u0630\u06a9\u0631\u06cc": 9.905941713460035e-07, "\u0630\u0648\u0644\u0641\u0642\u0627\u0631": 4.66196554061551e-07, "\u0630\u06a9\u0631\u0639\u0628\u0627\u0633": 4.66196554061551e-07, "\u0630\u0631\u0627\u0626\u0639x27": 4.66196554061551e-07, "\u0630\u0633\u062a": 9.32393108123102e-07, "\u0630\u06a9\u0631\u06cc\u0627": 1.864786216246204e-06, "\u0630\u0631\u06c1\u0639\u06d2": 4.66196554061551e-07, "\u0630\u062f\u06c1": 4.66196554061551e-07, "\u0630\u06c1\u0631\u06c1": 4.66196554061551e-07, "\u0630\u06c1\u06cc\u0646\u06cc\u062a": 4.66196554061551e-07, "\u0630\u0627\u062a\u067e\u0631\u0641\u062e\u0631\u0627\u0648\u0631\u0627\u0633\u06a9\u06cc\u0634\u0627\u0646": 4.66196554061551e-07, "\u0630\u0627\u06be\u06cc": 9.32393108123102e-07, "\u0630\u0644\u062a\u0648\u06ba": 4.66196554061551e-07, "\u0630\u0648\u0627\u0644\u0641\u0642\u0627\u0631\u062e\u0627\u0646": 9.32393108123102e-07, "\u0630\u062d\u0627\u0626\u0631": 4.66196554061551e-07, "\u0630\u0648\u0627\u0644\u0641\u0642\u0627\u0631\u0639\u0644\u06cc": 2.1392618806727523e-06, "\u0630\u06c1\u0627\u0646\u062a\u06cc\u06ba": 4.66196554061551e-07, "\u0630\u06c1\u062f\u062a": 4.66196554061551e-07, "\u0630\u0648\u0627\u0644\u0642\u0631\u0646\u06cc\u0646": 1.0780615290286825e-05, "\u0630\u06cc": 1.691386856393974e-05, "\u0630\u0648\u0642\u06cc": 1.369970662499792e-05, "\u0630": 9.50548875057548e-06, "\u0630\u0631\u0627\u06cc\u0639": 5.026738507787698e-06, "\u0630\u0631\u06cc\u0639\u06c2": 3.7094590246148212e-06, "\u0630\u0644": 5.458806178268402e-06, "\u0630\u06a9\u0627\u0621": 3.1403942878841387e-06, "\u0630\u0631": 3.835917854999417e-06, "\u0630\u062e\u06cc\u0631\u06c2": 9.800559354806203e-07, "\u0630\u0648\u0627\u0644\u062d\u0644\u06cc\u0641\u06c1": 1.4753530211536222e-06, "\u0630\u0648\u06cc": 1.6334265591343674e-06, "\u0630\u0648": 2.4554089566342427e-06, "\u0630\u0627\u0644": 6.006794443268319e-07, "\u0630\u0627\u062a\u06cc\u0627\u062a": 8.009059257691091e-07, "\u0630\u06c1\u0628\u06cc": 7.587529823075771e-07, "\u0630\u0648\u0627\u0644\u062c\u0646\u0627\u062d": 9.062882844229393e-07, "\u0630\u06a9\u0631\u06a9\u0631\u062a\u06d2": 3.1614707596149046e-07, "\u0630\u0648\u0627\u0644\u062c\u0644\u0627\u0644": 1.0538235865383015e-06, "\u0630\u0645\u06cc": 1.2224353603844298e-06, "\u0630\u0627": 3.1087795802879898e-06, "\u0630\u0648\u0627\u0644\u0642\u0631": 2.5291766076919237e-07, "\u0630\u0648\u0627\u0644\u062d\u062c\u06c1": 8.114441616344922e-07, "\u0630\u0644\u06a9": 5.690647367306829e-07, "\u0630\u0631\u06cc\u062a": 6.322941519229809e-07, "\u0630\u0628\u06cc\u062d\u06c1": 8.325206333652582e-07, "\u0630\u0627\u06a9\u0631\u06cc\u0646": 8.325206333652582e-07, "\u0630\u0646\u0648\u0628": 2.9507060423072444e-07, "\u0630\u0631\u0648\u06ba": 9.379029920190884e-07, "\u0630\u0646": 6.744470953845129e-07, "\u0630\u0628": 2.0022648144227728e-07, "\u0630\u06a9\u0631\u06c1\u06d2": 1.5807353798074523e-07, "\u0630\u062e\u0627": 1.4753530211536222e-07, "\u0630\u0648\u0627\u0644\u0642\u0639\u062f\u06c1": 3.0560884009610745e-07, "\u0630\u0626\u0628": 1.8968824557689427e-07, "\u0630\u06a9\u0627\u0648\u062a": 3.6883825528840554e-07, "\u0630\u06a9": 1.1592059451921316e-07, "\u0630\u06a9\u0648\u0627\u0646": 2.0022648144227728e-07, "\u0630\u0646\u0628": 1.4753530211536222e-07, "\u0630\u0648\u0627\u0644\u06a9\u0641\u0644": 2.6345589663457537e-07, "\u0630\u06a9\u0631\u06a9\u06cc\u0627": 1.0538235865383016e-07, "\u0630\u0645\u06cc\u0648\u06ba": 1.369970662499792e-07, "\u0630\u06cc\u0627": 9.484412278844714e-08, "\u0630\u062e\u0627\u0631": 1.369970662499792e-07, "\u0630\u0628\u0627\u0646\u06cc": 8.430588692306412e-08, "\u0630\u06cc\u0642\u0639\u062f\u06c1": 1.1592059451921316e-07, "\u0630\u0631\u0627\u0633\u06cc": 1.5807353798074523e-07, "\u0630\u0644\u06cc\u0644\u0648\u06ba": 1.369970662499792e-07, "\u0630\u0648\u0627": 7.376765105768111e-08, "\u0630\u06cc\u0642\u0639\u062f\u06c3": 7.376765105768111e-08, "\u0630\u0648\u0627\u0644\u0646\u0648\u0646": 6.322941519229809e-08, "\u0630\u0648\u0627\u0644\u06cc\u062f\u06cc\u0646": 1.6861177384612824e-07, "\u0630\u0648\u06cc\u0628": 6.322941519229809e-08, "\u0630\u06cc\u0642\u0639\u062f": 1.369970662499792e-07, "\u0630\u06cc\u0627\u062f\u062a\u06cc\u0648\u06ba": 6.322941519229809e-08, "\u0630\u0631\u0626\u0639": 6.322941519229809e-08, "\u0630\u06a9\u0631\u06cc\u06c1": 5.269117932691508e-08, "\u0630\u0631\u062e\u06cc\u0632\u06cc": 5.269117932691508e-08, "\u0630\u06a9\u0631\u0648\u0644\u0627\u062f\u062a": 9.484412278844714e-08, "\u0630\u0631\u06cc\u0639\u06c1\u0674": 8.430588692306412e-08, "\u0630\u062e": 5.269117932691508e-08, "\u0630\u0648\u0631": 8.430588692306412e-08, "\u0630\u062e\u0627\u0626\u0631\u0645\u0648\u062c\u0648\u062f": 4.215294346153206e-08,