{"\u0636\u0631\u0648\u0631\u06cc": 0.0003176645819261056, "\u0636\u0631\u0648\u0631": 0.00016298435589401372, "\u0636\u0631\u0648\u0631\u062a": 0.0005195561046351134, "\u0636\u0631\u0648\u0631\u0636\u0631\u0648\u0631\u00a0\u0622\u0648\u06d2": 4.66196554061551e-07, "\u0636\u0627\u0628\u0637\u06d2": 1.1518291800863636e-05, "\u0636\u0644\u0639": 0.0001361293937859729, "\u0636\u0645\u0646\u06cc": 2.522853666172694e-05, "\u0636\u0631\u0648\u0631\u06cc\u0627\u062a": 5.3133785233261166e-05, "\u0636\u0627\u0628\u0637\u06af\u06cc\u0648\u06ba": 3.972914921249397e-06, "\u0636\u0644\u0639\u06cc": 4.364937295441645e-05, "\u0636\u062f": 1.5849506741536055e-05, "\u0636\u0648\u0627\u0628\u0637": 2.2377434594954448e-05, "\u0636\u0645\u06cc\u0631": 2.9928589857687764e-05, "\u0636\u06cc\u0627": 6.526751756861714e-05, "\u0636\u0631\u0648\u0631\u062a\u06cc\u06ba": 2.054955993749688e-06, "\u0636\u0645\u0627\u0646\u062a": 5.7808372703632326e-05, "\u0636\u06cc\u0627\u0639": 7.661297474133452e-06, "\u0636\u0627\u0626\u0639": 5.386092350797259e-05, "\u0636\u0628\u0637": 3.1701365676185465e-05, "\u0636\u0627\u0645\u0646": 8.8731945986525e-06, "\u0636\u06cc\u0627\u0627\u0644\u062f\u06cc\u0646": 4.66196554061551e-07, "\u0636\u0631\u0631\u06cc\u0627\u062a": 4.66196554061551e-07, "\u0636\u0631\u0648\u0631\u06c1\u06cc\u06ba": 4.66196554061551e-07, "\u0636\u062f\u06cc": 1.4542765494228562e-06, "\u0636\u0631\u0648\u0631\u062a\u0648\u06ba": 9.526565222306245e-06, "\u0636\u0631\u0648\u0631\u06cc\u06c1": 3.5513854866340762e-06, "\u0636\u0627\u0628\u0637\u0648\u06ba": 5.594358648738612e-06, "\u0636\u0627\u0628\u0637\u06af\u06cc": 1.398589662184653e-06, "\u0636\u0644\u0639\u06d2": 4.66196554061551e-06, "\u0636\u0645": 1.0722520743415674e-05, "\u0636\u0645\u0646": 8.599200466152541e-05, "\u0636\u0648": 1.422661841826707e-06, "\u0636\u06cc\u0639\u0641": 4.66196554061551e-07, "\u0636\u06cc\u0627\u0641\u062a\u0648\u06ba": 4.66196554061551e-07, "\u0636\u06cc\u0627\u0627\u0644\u062d\u0642": 3.235238410672586e-06, "\u0636\u0627\u0628\u0637\u06c1": 2.121346879701601e-05, "\u0636\u06cc\u0627\u0641\u062a": 3.7094590246148212e-06, "\u0636\u0631\u0628": 1.4901065513651584e-05, "\u0636\u06cc\u0627\u0627\u0644\u0644\u06c1": 9.32393108123102e-07, "\u0636\u0648\u0627\u0628\u0637\u06cc": 4.66196554061551e-07, "\u0636\u0631\u0627\u0631": 3.263375878430857e-06, "\u0636\u0631\u0631": 7.925341419046366e-06, "\u0636\u0631\u0628\u06cc\u06ba": 9.32393108123102e-07, "\u0636\u0631\u0631\u0648\u06cc": 9.32393108123102e-07, "\u0636\u06cc\u063a\u0645": 4.195768986553959e-06, "\u0636\u0631\u0631\u0648": 4.66196554061551e-07, "\u0636\u06cc\u0627\u0621\u0627\u0644\u0644\u06c1": 1.864786216246204e-06, "\u0636\u06cc\u0627\u0621": 7.895246310344955e-05, "\u0636\u0639\u06cc\u0641": 1.7693698017978082e-05, "\u0636\u0645\u0627\u0646\u062a\u06cc\u06ba": 1.9179589274997087e-06, "\u0636\u062e\u0627\u0645\u062a": 9.32393108123102e-07, "\u0636\u0631\u0631\u0648\u062a": 1.398589662184653e-06, "\u0636\u0631\u0648\u0631\u0631\u06cc\u0627\u062a": 4.66196554061551e-07, "\u0636\u0631\u0627\u0631\u0627\u062d\u0645\u062f": 9.32393108123102e-07, "\u0636\u0645\u0646\u0627\u062a": 4.66196554061551e-07, "\u0636\u0628\u0637\u06cc": 1.398589662184653e-06, "\u0636\u0628\u06af\u06cc": 4.66196554061551e-07, "\u0636\u062e\u06cc\u0645": 1.2013588886536638e-06, "\u0636\u0631\u0648\u0631\u0679": 4.66196554061551e-07, "\u0636\u0631\u0648\u0631\u062ax27": 4.66196554061551e-07, "\u0636\u0645\u06cc\u0631\u06af\u06be\u0645\u0631\u0648": 4.66196554061551e-07, "\u0636\u0644\u0639\u0648\u06ba": 1.2329735962498127e-06, "\u0636\u0645\u0627\u0646\u062a\u0648\u06ba": 1.6861177384612825e-06, "\u0636\u0631\u0648\u062a": 4.66196554061551e-07, "\u0636\u06cc\u0627\u0626\u0639": 4.66196554061551e-07, "\u0636\u0631\u0648\u0631\u062a\u00a0\u06a9\u06d2\u00a0\u0633\u0627\u062a\u06be\u00a0\u0633\u0627\u062a\u06be": 4.66196554061551e-07, "\u0636\u0631\u063a\u0627\u0645": 4.66196554061551e-07, "\u0636\u0627\u0628\u0637\u06c1\u0674": 1.6755795025958994e-06, "\u0636\u062d\u0627\u06a9": 2.97178251403801e-06, "\u0636\u0639\u0641": 5.269117932691508e-06, "\u0636\u0644\u0627\u0644\u062a": 3.993991392980163e-06, "\u0636\u06cc\u0627\u0621\u0627\u0644\u062d\u0642": 2.033879522018922e-06, "\u0636\u0639\u06cc\u0641\u06cc": 8.852118126921733e-07, "\u0636\u0631": 8.535971050960243e-07, "\u0636\u0648\u0639": 5.374500291345338e-07, "\u0636\u0627\u06cc\u0639": 2.4343324849034765e-06, "\u0636\u0645\u0627\u0626\u0631": 7.692912181729601e-07, "\u0636\u062d\u06cc": 5.585265008652998e-07, "\u0636\u0627\u0628\u0637\u06c2": 5.269117932691507e-07, "\u0636\u0645\u06cc\u0631\u0648\u06ba": 5.690647367306829e-07, "\u0636\u0627\u0641\u06c1": 7.166000388460451e-07, "\u0636\u0645\u06cc\u0645\u06d2": 3.7937649115378855e-07, "\u0636\u062d": 1.8968824557689427e-07, "\u0636\u06cc\u0627\u0626\u06cc": 4.847588498076187e-07, "\u0636\u06cc\u0642": 3.4776178355763953e-07, "\u0636\u0631\u06cc\u062d": 2.739941324999584e-07, "\u0636\u0631\u0648\u06cc\u0627\u06c1": 2.3184118903842633e-07, "\u0636\u0628\u0627\u0639\u06c1": 1.2645883038459618e-07, "\u0636\u0627\u0628\u0637\u06af\u06cc\u0627\u06ba": 3.5830001942302254e-07, "\u0636\u0631\u0648": 2.8453236836534144e-07, "\u0636\u0645\u0646\u0627": 2.6345589663457537e-07, "\u0636": 8.219823974998752e-07, "\u0636\u0645\u0631\u06c1": 2.2130295317304332e-07, "\u0636\u0631\u0648\u0631\u06cc\u0627": 1.2645883038459618e-07, "\u0636\u0644\u0627\u0644": 5.163735574037677e-07, "\u0636\u06cc\u0623": 1.8968824557689427e-07, "\u0636\u06cc\u0627\u0645\u062d\u06cc": 1.1592059451921316e-07, "\u0636\u0631\u0628\u0648\u06ba": 1.1592059451921316e-07, "\u0636\u0645\u06cc\u0645\u06c1": 2.2130295317304332e-07, "\u0636\u0631\u0648\u0631\u062a\u0645\u0646\u062f": 1.0538235865383016e-07, "\u0636\u0645\u0627\u0646": 4.3206767048070363e-07, "\u0636\u0648\u0627\u0646": 2.1076471730766031e-07, "\u0636\u0627\u0645\u0646\u0648\u06ba": 3.6883825528840554e-07, "\u0636\u0627\u06a9": 9.484412278844714e-08, "\u0636\u0627\u0641\u06d2": 1.2645883038459618e-07, "\u0636\u0627\u0641\u06cc\u062a": 1.2645883038459618e-07, "\u0636\u0639\u06cc\u0641\u0648\u06ba": 2.739941324999584e-07, "\u0636\u0648\u06ba": 1.1592059451921316e-07, "\u0636\u0627": 2.6345589663457537e-07, "\u0636\u0645\u0627\u0646\u062a\u06cc": 1.369970662499792e-07, "\u0636\u0628\u0637\u06af\u06cc": 6.322941519229809e-08, "\u0636\u0645\u0627\u062f": 9.484412278844714e-08, "\u0636\u0627\u062d\u06a9": 1.0538235865383016e-07, "\u0636\u062f\u06cc\u06ba": 6.322941519229809e-08, "\u0636\u0627\u0641\u06cc": 9.484412278844714e-08, "\u0636\u06cc\u0628\u0627": 1.7915000971151127e-07, "\u0636\u0627\u062f": 1.0538235865383016e-07, "\u0636\u0644": 5.269117932691508e-08, "\u0636\u06cc": 8.430588692306412e-08, "\u0636\u0645\u0636\u0645": 5.269117932691508e-08, "\u0636\u0648\u0628\u0627\u06c1": 9.484412278844714e-08, "\u0636\u0645\u0631\u06c3": 5.269117932691508e-08, "\u0636\u0644\u0645\u0646\u0639": 4.215294346153206e-08, "\u0636\u0627\u0644": 7.376765105768111e-08, "\u0636\u0645\u06cc\u0631\u06cc": 1.6861177384612824e-07, "\u0636\u06cc\u0627\u0626\u06d2": 1.0538235865383016e-07, "\u0636\u0648\u0627": 4.215294346153206e-08, "\u0636\u0648\u0627\u0646\u0627\u0632": 4.215294346153206e-08, "\u0636\u0639\u06cc\u0641\u0648": 4.215294346153206e-08, "\u0636\u0639\u06cc\u0641\u06c1": 4.215294346153206e-08, "\u0636\u0644\u0644": 7.376765105768111e-08, "\u0636\u06cc\u0627\u0628": 4.215294346153206e-08, "\u0636\u0645\u0627": 3.1614707596149046e-08, "\u0636\u06d2\u0627\u0621\u0627\u0644\u062d\u0642": 3.1614707596149046e-08, "\u0636\u06c1": 3.1614707596149046e-08, "\u0636\u0631\u0628\u0627\u062a": 3.1614707596149046e-08, "\u0636\u06cc\u0627\u06d2": 3.1614707596149046e-08, "\u0636\u0631\u0627\u0628": 3.1614707596149046e-08, "\u0636\u0631\u0648\u0631\u062a\u0645\u0646\u062f\u0648\u06ba": 3.1614707596149046e-08, "\u0636\u0631\u0648\u0631\u06a9\u06cc\u0627": 3.1614707596149046e-08, "\u0636\u0631\u062a\u0627\u0646": 3.1614707596149046e-08,