{"\u0638\u0627\u0644\u0645\u0627\u0646\u06c1": 1.0722520743415674e-05, "\u0638\u0644\u0645": 0.0001247727126461349, "\u0638\u0627\u06c1\u0631": 0.00032866857061339345, "\u0638\u06c1\u0628\u06cc": 1.864786216246204e-06, "\u0638\u0631\u06cc\u0641": 3.263375878430857e-06, "\u0638\u06c1\u0648\u0631": 2.2983892422400355e-05, "\u0638\u0641\u0631": 8.679291058729451e-05, "\u0638\u0627\u0644\u0645": 3.5008019544802375e-05, "\u0638\u0631\u06cc\u0641\u06cc": 8.391537973107918e-06, "\u0638\u0627\u06c1\u0631\u06cc": 1.5733586147016842e-05, "\u0638\u06c1\u06cc\u0631\u0627\u0644\u062f\u06cc\u0646": 1.398589662184653e-06, "\u0638\u06c1\u06cc\u0631": 2.981266926316855e-05, "\u0638\u0631\u06cc\u0641\u06c1": 7.459144864984816e-06, "\u0638\u0631\u0641": 3.245776646537969e-06, "\u0638\u0641\u0631\u0627\u0644\u0644\u06c1": 2.797179324369306e-06, "\u0638\u06c1\u0631": 1.7735850961439615e-05, "\u0638\u0627\u06c1\u0631\u06c1\u0648": 4.66196554061551e-07, "\u0638\u0627\u06c1\u0631\u062c\u0639\u0641\u0631\u06a9\u0648\u0686\u06be": 4.66196554061551e-07, "\u0638\u0627\u06c1\u0631\u062c\u0639\u0641\u0631\u0646\u06d2": 4.66196554061551e-07, "\u0638\u0644": 8.857734527169469e-06, "\u0638\u0641\u0631\u0646\u06d2": 4.66196554061551e-07, "\u0638\u0627\u0644\u0645\u0648\u06ba": 2.0539021701631497e-05, "\u0638\u06c1\u0631\u0627\u0646\u06d2": 5.005662036056933e-06, "\u0638\u0641\u0631\u0627\u0642\u0628\u0627\u0644": 1.864786216246204e-06, "\u0638\u0631\u0627\u0641\u062a": 2.8769383912495634e-06, "\u0638": 1.1486677093267487e-06, "\u0638\u0631\u06cc\u0641\u0627\u0646\u06c1": 5.058353215383847e-07, "\u0638\u06c1\u06cc\u0631\u0639\u0628\u0627\u0633": 4.66196554061551e-07, "\u0638\u0627\u06c1\u0631\u0646\u06c1": 4.66196554061551e-07, "\u0638\u0627\u0641\u0631": 5.574726772787615e-06, "\u0638\u0627\u06c1\u0631\u06a9\u06cc": 2.3921795414419445e-06, "\u0638\u06c1\u0631\u0627\u0646\u06c1": 1.5069677287497713e-06, "\u0638\u0627\u06c1\u0631\u06c1\u0648\u062a\u0627": 8.852118126921733e-07, "\u0638\u06c1\u0627\u0631": 3.7305354963455874e-06, "\u0638\u0644\u0645\u062a": 3.899147270191716e-06, "\u0638\u0646": 3.498694307307161e-06, "\u0638\u0627\u06c1\u0631\u06a9\u06cc\u0627": 7.798294540383431e-07, "\u0638\u0641\u0631\u0627\u0644\u062d\u0642": 7.060618029806621e-07, "\u0638\u0631\u0641\u06cc": 1.0538235865383015e-06, "\u0638\u0627\u0644\u0645\u06cc\u0646": 1.254050067980579e-06, "\u0638\u0644\u0645\u0627\u062a": 7.587529823075771e-07, "\u0638\u0627": 4.2152943461532063e-07, "\u0638\u0627\u06c1\u0631\u06a9\u0631\u062a\u06d2": 3.7937649115378855e-07, "\u0638\u0628\u06cc": 6.322941519229809e-07, "\u0638\u0644\u0645\u062a\u0648\u06ba": 6.955235671152791e-07, "\u0638\u0627\u06c1\u0631\u06c1\u06d2": 2.1076471730766031e-07, "\u0638\u0627\u06c1\u0631\u06a9\u0631\u062f\u06cc": 2.2130295317304332e-07, "\u0638\u0631\u0648\u0641": 3.1614707596149046e-07, "\u0638\u0641\u0631\u0639\u0644\u06cc": 1.4753530211536222e-07, "\u0638\u0627\u06c1\u0631\u06c1\u0648\u0627": 2.1076471730766031e-07, "\u0638\u0644\u06c1": 2.8453236836534144e-07, "\u0638\u0627\u06c1\u0631\u06a9\u06cc\u06d2": 1.1592059451921316e-07, "\u0638\u0627\u06c1\u0631\u06a9\u0631\u0646\u06d2": 1.1592059451921316e-07, "\u0638\u0627\u06c1\u0631\u06a9\u0631\u062a\u0627": 1.0538235865383016e-07, "\u0638\u0648\u0627\u06c1\u0631": 2.1076471730766031e-07, "\u0638\u0641\u06cc\u0631": 2.0022648144227728e-07, "\u0638\u06c1\u0631\u06cc\u0646": 3.3722354769225647e-07, "\u0638\u0627\u06c1\u0631\u0627": 1.2645883038459618e-07, "\u0638\u0627\u06c1\u0631\u06c1\u0648\u062a\u0627\u06c1\u06d2": 9.484412278844714e-08, "\u0638\u0631": 8.430588692306412e-08, "\u0638\u0641\u0631\u0639\u0628\u0627\u0633": 8.430588692306412e-08, "\u0638\u0646\u06cc": 1.2645883038459618e-07, "\u0638\u0647\u0631": 7.376765105768111e-08, "\u0638\u0627\u06c1\u0631\u0639\u0644\u06cc": 7.376765105768111e-08, "\u0638\u0641\u0631\u06cc": 2.6345589663457537e-07, "\u0638\u0641\u0631\u0646\u0642\u0648\u06cc": 6.322941519229809e-08, "\u0638\u0645": 1.2645883038459618e-07, "\u0638\u06c1\u06cc\u0631\u0627\u0644\u0627\u0633\u0644\u0627\u0645": 9.484412278844714e-08, "\u0638\u0627\u0644": 1.2645883038459618e-07, "\u0638\u0646\u0648\u0646": 9.484412278844714e-08, "\u0638\u0627\u0641\u0631\u062e\u0635\u0648\u0635\u06cc": 5.269117932691508e-08, "\u0638\u06c1\u06cc\u0631\u062e\u0627\u0646": 1.4753530211536222e-07, "\u0638\u06c1\u0648\u0631\u0627\u0644\u06c1\u06cc": 8.430588692306412e-08, "\u0638\u0631\u0627\u0626\u0641": 4.215294346153206e-08, "\u0638\u0631\u06cc\u0641\u0648\u06ba": 4.215294346153206e-08, "\u0638\u0644\u0644": 4.215294346153206e-08, "\u0638\u06c1\u0631\u062a\u0627": 4.215294346153206e-08, "\u0638\u062a\u06cc": 4.215294346153206e-08, "\u0638\u06c1\u0648\u0631\u06cc": 1.0538235865383016e-07, "\u0638\u0627\u06c1\u0631\u06a9\u06cc\u0627\u06c1\u06d2": 4.215294346153206e-08, "\u0638\u0644\u0645\u0629": 4.215294346153206e-08, "\u0638\u0641\u0631\u0645\u062d\u0645\u0648\u062f": 4.215294346153206e-08, "\u0638\u0644\u0645\u0627": 1.2645883038459618e-07, "\u0638\u0627\u06c1": 3.1614707596149046e-08, "\u0638\u0627\u06be": 3.1614707596149046e-08, "\u0638\u06c1\u0631\u0627\u0646\u0648\u06ba": 3.1614707596149046e-08, "\u0638\u0641\u0631\u0639\u0632\u06cc\u0632": 3.1614707596149046e-08, "\u0638\u0641\u0631\u0627\u0644\u062f\u06cc\u0646": 3.1614707596149046e-08, "\u0638\u0627\u06c1\u0631\u0646\u06c1\u06cc\u06ba": 3.1614707596149046e-08, "\u0638\u0627\u06c1\u0631\u06c1": 3.1614707596149046e-08, "\u0638\u0644\u0627\u0644": 3.1614707596149046e-08, "\u0638\u0641\u0631\u0627\u062d\u0645\u062f": 3.1614707596149046e-08, "\u0638\u06be\u0631": 3.1614707596149046e-08, "\u0638\u0648\u0627": 6.322941519229809e-08, "\u0638\u06c1\u06cc\u0631\u06a9\u06cc": 3.1614707596149046e-08, "\u0638\u06c1\u06cc\u0645": 3.1614707596149046e-08, "\u0638\u06c1\u0648": 3.1614707596149046e-08, "\u0638\u06c1\u0648\u0631\u0627\u0644\u062d\u0633\u0646": 3.1614707596149046e-08, "\u0638\u06a9\u0645": 3.1614707596149046e-08, "\u0638\u0627\u06c1\u0631\u06a9\u0631\u062a\u06cc": 3.1614707596149046e-08, "\u0638\u0627\u0644\u0645\u0628\u0633\u062a\u06cc": 3.1614707596149046e-08, "\u0638\u06c1\u0648\u0631\u0646": 3.1614707596149046e-08, "\u0638\u0627\u06c1\u0631\u0648": 3.1614707596149046e-08, "\u0638\u06c1\u0648\u0631\u0628\u0644\u0648\u0686": 3.1614707596149046e-08, "\u0638\u062a": 6.322941519229809e-08, "\u0638\u0627\u0644\u0645\u0627\u0646": 3.1614707596149046e-08, "\u0638\u06be\u0648\u0631": 3.1614707596149046e-08, "\u0638\u0641\u0631\u0645\u0646\u062f": 3.1614707596149046e-08, "\u0638\u0641\u0631\u0642\u0631\u06cc\u0634\u06cc": 6.322941519229809e-08, "\u0638\u0627\u0644\u0645\u0648": 3.1614707596149046e-08}