{"\u0643\u06d2": 8.94696224971018e-06, "\u0643\u06c1\u0627": 1.6755795025958994e-06, "\u0643\u0631\u062a\u06d2": 5.163735574037677e-07, "\u0643\u0631\u0646\u06d2": 1.3067412473074939e-06, "\u0643\u06cc": 3.825379619134034e-06, "\u0643\u06c1": 1.359432426634409e-06, "\u0643\u0627": 2.191953059999667e-06, "\u0643\u06cc\u0627": 6.744470953845129e-07, "\u0643\u0627\u0646": 1.0116706430767695e-06, "\u0643\u06c1\u0646\u0627": 2.5291766076919237e-07, "\u0643\u0631": 5.796029725960659e-07, "\u0643\u064a\u0627": 4.2152943461532063e-07, "\u0643": 1.5912736156728353e-06, "\u0643\u0631\u06d2": 2.2130295317304332e-07, "\u0643\u0648": 1.0116706430767695e-06, "\u0643\u0631\u06cc\u06ba": 1.369970662499792e-07, "\u0643\u0631\u062a\u0627": 1.2645883038459618e-07, "\u0643\u0631\u062f\u06cc\u0627": 1.1592059451921316e-07, "\u0643\u0633\u06cc": 1.2645883038459618e-07, "\u0643\u0631\u0648\u0691": 8.430588692306412e-08, "\u0643\u0648\u0626\u06cc": 1.2645883038459618e-07, "\u0643\u0648\u0646\u0633\u0644": 1.6861177384612824e-07, "\u0643\u062a\u0627\u0628": 3.1614707596149046e-07, "\u0643\u0631\u062f\u06cc": 1.0538235865383016e-07, "\u0643\u0648\u0631\u0679": 1.1592059451921316e-07, "\u0643\u0644": 7.376765105768111e-08, "\u0643\u0627\u0645": 7.376765105768111e-08, "\u0643\u0630\u0644": 7.376765105768111e-08, "\u0643\u0631\u0643\u0679": 1.369970662499792e-07, "\u0643\u062a": 7.376765105768111e-08, "\u0643\u0645": 5.901412084614489e-07, "\u0643\u0631\u0627\u06cc\u0648\u06ba": 6.322941519229809e-08, "\u0643\u0645\u0627": 1.4753530211536222e-07, "\u0643\u062a\u0631\u06cc\u0646\u06c1": 6.322941519229809e-08, "\u0643\u0631\u062f\u0627\u0631": 6.322941519229809e-08, "\u0643\u0631\u062f\u064a\u0627": 5.269117932691508e-08, "\u0643\u06be\u06cc\u0644\u06d2": 5.269117932691508e-08, "\u0643\u067e\u0648\u0631": 8.430588692306412e-08, "\u0643\u0626\u06d2": 8.430588692306412e-08, "\u0643\u06cc\u0633": 5.269117932691508e-08, "\u0643\u0627\u0646\u0648\u0627": 4.215294346153206e-08, "\u0643\u064a\u0645\u064a\u0627\u0626\u06cc": 4.215294346153206e-08, "\u0643\u0627\u0646\u062a": 1.8968824557689427e-07, "\u0643\u0644\u0648": 4.215294346153206e-08, "\u0643\u06be\u0644\u0627\u0691\u06cc\u0648\u06ba": 4.215294346153206e-08, "\u0643\u0631\u064a\u06ba": 4.215294346153206e-08, "\u0643\u0646\u062a\u0646": 4.215294346153206e-08, "\u0643\u067e": 4.215294346153206e-08, "\u0643\u06cc\u0645\u067e": 4.215294346153206e-08, "\u0643\u0631\u0646\u0627": 7.376765105768111e-08, "\u0643\u0631\u062a\u06cc": 4.215294346153206e-08, "\u0643\u0645\u06cc\u0679\u06cc": 4.215294346153206e-08, "\u0643\u0648\u06c1\u0644\u06cc": 4.215294346153206e-08, "\u0643\u0631\u0643\u0679\u0631\u0632": 4.215294346153206e-08, "\u0643\u0645\u0622": 4.215294346153206e-08, "\u0643\u0648\u0634\u0634": 4.215294346153206e-08, "\u0643\u0631\u0627\u0646\u06d2": 4.215294346153206e-08, "\u0643\u0627\u0645\u06cc\u0627\u0628": 4.215294346153206e-08, "\u0643\u0646\u062a\u0645": 1.0538235865383016e-07, "\u0643\u06cc\u0645\u06cc\u0627\u0626\u06cc": 4.215294346153206e-08, "\u0643\u064a\u0646\u0633\u0631": 3.1614707596149046e-08, "\u0643\u0631\u0644\u06cc\u0627": 3.1614707596149046e-08, "\u0643\u0646": 3.1614707596149046e-08, "\u0643\u0631\u064a\u0646\u06c1": 3.1614707596149046e-08, "\u0643\u0631\u0631\u06c1\u06cc": 3.1614707596149046e-08, "\u0643\u0633": 3.1614707596149046e-08, "\u0643\u0646\u0679\u0631\u0648\u0644": 3.1614707596149046e-08, "\u0643\u062b": 3.1614707596149046e-08, "\u0643\u06cc\u0648\u0646": 3.1614707596149046e-08, "\u0643\u0628": 3.1614707596149046e-08, "\u0643\u0627\u0646\u0641\u0631\u0646\u0633": 3.1614707596149046e-08, "\u0643\u0627\u0631\u0648\u0628\u0627\u0631\u06cc": 3.1614707596149046e-08, "\u0643\u0627\u0644\u06d2": 3.1614707596149046e-08, "\u0643\u0644\u0627\u0644\u0629": 3.1614707596149046e-08, "\u0643\u062b\u064a\u0631": 3.1614707596149046e-08, "\u0643\u0631\u0647\u0648\u0627": 3.1614707596149046e-08, "\u0643\u0644\u0647\u0627": 3.1614707596149046e-08, "\u0643\u06cc\u0627\u0646\u06cc": 3.1614707596149046e-08, "\u0643\u0631\u0644\u06cc": 3.1614707596149046e-08, "\u0643\u0630\u0628\u0648\u0627": 3.1614707596149046e-08, "\u0643\u0645\u06cc": 6.322941519229809e-08, "\u0643\u0627\u0644\u0630\u064a": 3.1614707596149046e-08, "\u0643\u0628\u0631": 3.1614707596149046e-08, "\u0643\u0627\u0631\u0631\u0648\u0627\u0626\u06cc": 3.1614707596149046e-08}