{"\u0647\u0648\u0627\u067e\u06cc\u0645\u0627\u0647\u0627\u06cc": 4.66196554061551e-07, "\u0647": 3.277391354134118e-06, "\u0647\u0631": 1.1486677093267487e-06, "\u0647\u0627": 4.847588498076187e-07, "\u0647\u0630": 1.1592059451921316e-07, "\u0647\u0648": 2.5291766076919237e-07, "\u0647\u0631\u064a\u0631\u0629": 2.3184118903842633e-07, "\u0647\u0645": 4.952970856730017e-07, "\u0647\u0631\u06cc\u0631\u0629": 8.430588692306412e-08, "\u0647\u0633\u062a": 1.7915000971151127e-07, "\u0647\u0630\u0627": 2.6345589663457537e-07, "\u0647\u0645\u0647": 3.2668531182687346e-07, "\u0647\u0630\u0647": 1.6861177384612824e-07, "\u0647\u062c\u0631": 5.269117932691508e-08, "\u0647\u062f\u0649": 5.269117932691508e-08, "\u0647\u0627\u062c\u0631": 4.215294346153206e-08, "\u0647\u0627\u0631\u0648\u0646": 7.376765105768111e-08, "\u0647\u0645\u06a9\u0627\u0631\u06cc": 3.1614707596149046e-08, "\u0647\u0627\u0646": 3.1614707596149046e-08, "\u0647\u0648\u0627\u0633\u062a": 3.1614707596149046e-08, "\u0647\u0627\u062f\u0648\u0627": 3.1614707596149046e-08, "\u0647\u0648\u0633": 3.1614707596149046e-08, "\u0647\u0645\u06af\u0627\u0646": 3.1614707596149046e-08, "\u0647\u064a\u0686": 3.1614707596149046e-08, "\u0647\u062c\u0631\u0627\u0646": 3.1614707596149046e-08, "\u0647\u0648\u0627\u06cc": 3.1614707596149046e-08, "\u0647\u0645\u062a": 3.1614707596149046e-08, "\u0647\u0634\u0627\u0645": 3.1614707596149046e-08, "\u0647\u0645\u0627\u0646": 3.1614707596149046e-08, "\u0647\u0644": 3.1614707596149046e-08}