{"\u0624": 1.4542765494228562e-06, "\u0624\u06ba": 4.5314414221146965e-07, "\u0624\u0646": 1.8968824557689427e-07, "\u0624\u0679": 5.269117932691508e-08, "\u0624\u0633": 7.376765105768111e-08, "\u0624\u0646\u0679": 3.1614707596149046e-08}