{"\u064a\u0627\u0626\u064a\u0631": 4.66196554061551e-07, "\u064a\u0627\u0633\u064a\u0646": 4.66196554061551e-07, "\u064a\u06c1\u0627\u06ba": 4.66196554061551e-07, "\u064a": 6.74447095384513e-06, "\u064a\u0646": 2.6556354380765197e-06, "\u064a\u0627": 9.905941713460035e-07, "\u064a\u0647": 4.4260590634608664e-07, "\u064a\u062d\u064a\u0649": 2.1076471730766031e-07, "\u064a\u062d": 2.2130295317304332e-07, "\u064a\u0624\u0645": 3.1614707596149046e-07, "\u064a\u0648\u0645": 3.4776178355763953e-07, "\u064a\u062d\u0643\u0645": 1.1592059451921316e-07, "\u064a\u0627\u062f": 1.5807353798074523e-07, "\u064a\u0627\u0631": 3.2668531182687346e-07, "\u064a\u0631": 1.369970662499792e-07, "\u064a\u06a9": 4.4260590634608664e-07, "\u064a\u0647\u0627": 5.585265008652998e-07, "\u064a\u0648\u0645\u0626": 8.430588692306412e-08, "\u064a\u0645\u0627": 1.5807353798074523e-07, "\u064a\u063a\u0641": 1.0538235865383016e-07, "\u064a\u0645": 1.4753530211536222e-07, "\u064a\u062f": 2.4237942490380936e-07, "\u064a\u0629": 1.4753530211536222e-07, "\u064a\u0627\u0631\u0633\u0648\u0644": 6.322941519229809e-08, "\u064a\u0627\u064a\u06be\u0627": 6.322941519229809e-08, "\u064a\u0645\u0644": 1.0538235865383016e-07, "\u064a\u0633\u0645\u0639\u0648\u0646": 6.322941519229809e-08, "\u064a\u0628\u062f": 6.322941519229809e-08, "\u064a\u062a": 6.322941519229809e-08, "\u064a\u0639\u0646\u064a": 6.322941519229809e-08, "\u064a\u0646\u062a\u0647\u0646": 6.322941519229809e-08, "\u064a\u0645\u0627\u0646": 6.322941519229809e-08, "\u064a\u0646\u0643": 5.269117932691508e-08, "\u064a\u0635\u0644": 5.269117932691508e-08, "\u064a\u0628\u063a\u0648\u0646": 5.269117932691508e-08, "\u064a\u0643\u0645": 8.430588692306412e-08, "\u064a\u0633\u062a\u0637": 8.430588692306412e-08, "\u064a\u0648\u0642": 5.269117932691508e-08, "\u064a\u0637": 5.269117932691508e-08, "\u064a\u0642\u0648\u0644": 1.1592059451921316e-07, "\u064a\u0645\u0646": 4.215294346153206e-08, "\u064a\u062f\u062e\u0644": 4.215294346153206e-08, "\u064a\u0639\u0646": 4.215294346153206e-08, "\u064a\u0630\u0628\u062d\u0648\u0646": 4.215294346153206e-08, "\u064a\u0648\u062b": 4.215294346153206e-08, "\u064a\u063a\u0644": 4.215294346153206e-08, "\u064a\u063a\u0646": 4.215294346153206e-08, "\u064a\u0632\u064a\u062f": 4.215294346153206e-08, "\u064a\u062f\u0639\u0648\u0646": 8.430588692306412e-08, "\u064a\u0647\u062f": 4.215294346153206e-08, "\u064a\u0645\u0648\u0627": 4.215294346153206e-08, "\u064a\u0643\u0646": 1.6861177384612824e-07, "\u064a\u0636\u0629": 4.215294346153206e-08, "\u064a\u0627\u0621": 4.215294346153206e-08, "\u064a\u0642\u0627\u0644": 7.376765105768111e-08, "\u064a\u0630\u06c1\u0628\u0646": 4.215294346153206e-08, "\u064a\u0639\u0630": 4.215294346153206e-08, "\u064a\u0634\u062a\u0631\u0637": 4.215294346153206e-08, "\u064a\u0643\u0648\u0646\u0648\u0627": 4.215294346153206e-08, "\u064a\u0633\u062a\u0631": 4.215294346153206e-08, "\u064a\u0623\u062a": 4.215294346153206e-08, "\u064a\u0648\u0648\u0631\u0627\u062c": 4.215294346153206e-08, "\u064a\u0648\u0635": 3.1614707596149046e-08, "\u064a\u062a\u0645": 3.1614707596149046e-08, "\u064a\u0648\u0646": 6.322941519229809e-08, "\u064a\u062f\u0646": 3.1614707596149046e-08, "\u064a\u063a\u0636\u0636\u0646": 3.1614707596149046e-08, "\u064a\u062d\u062f\u062b": 3.1614707596149046e-08, "\u064a\u062f\u0639": 3.1614707596149046e-08, "\u064a\u0634\u062a\u0631\u0648\u0646": 3.1614707596149046e-08, "\u064a\u0635": 6.322941519229809e-08, "\u064a\u06c1": 3.1614707596149046e-08, "\u064a\u062b": 3.1614707596149046e-08, "\u064a\u0627\u0643": 6.322941519229809e-08, "\u064a\u062c": 6.322941519229809e-08, "\u064a\u0633\u0649": 3.1614707596149046e-08, "\u064a\u062a\u0644\u0648": 3.1614707596149046e-08, "\u064a\u062a\u0647\u0645": 3.1614707596149046e-08, "\u064a\u0639\u0635": 3.1614707596149046e-08, "\u064a\u0639\u0631\u0641\u0646": 3.1614707596149046e-08, "\u064a\u0643\u0648\u0646\u0648\u0646": 3.1614707596149046e-08, "\u064a\u0634\u0631": 3.1614707596149046e-08, "\u064a\u0644": 6.322941519229809e-08, "\u064a\u0623\u064a\u0647\u0627": 3.1614707596149046e-08, "\u064a\u062a\u0648\u0641\u0627\u0647\u0646": 3.1614707596149046e-08, "\u064a\u062d\u0632\u0646\u0643": 3.1614707596149046e-08, "\u064a\u062a\u0635\u062f\u0642": 3.1614707596149046e-08, "\u064a\u0627\u064a\u06c1\u0627": 3.1614707596149046e-08, "\u064a\u0646\u0638\u0631": 3.1614707596149046e-08, "\u064a\u062a\u0648\u0641\u0648\u0646": 3.1614707596149046e-08, "\u064a\u0627\u0623\u064a\u0647\u0627": 3.1614707596149046e-08, "\u064a\u0644\u0627": 6.322941519229809e-08, "\u064a\u0634\u062a\u0631": 3.1614707596149046e-08, "\u064a\u0633\u0627\u0631": 3.1614707596149046e-08, "\u064a\u0646\u0628\u063a\u064a": 3.1614707596149046e-08, "\u064a\u0637\u0628\u0642": 3.1614707596149046e-08, "\u064a\u0634\u0631\u062d\u0648\u0646": 3.1614707596149046e-08, "\u064a\u0631\u0627": 3.1614707596149046e-08, "\u064a\u0627\u064a\u06be\u0627\u0627\u0644\u0630": 3.1614707596149046e-08, "\u064a\u0643\u0641\u0631\u0648\u0627": 3.1614707596149046e-08, "\u064a\u0648\u0633\u0641": 3.1614707596149046e-08, "\u064a\u0636\u0627": 3.1614707596149046e-08, "\u064a\u062d\u0627\u0631": 3.1614707596149046e-08, "\u064a\u0643\u0644": 3.1614707596149046e-08, "\u064a\u0633\u062a\u0631\u0642": 3.1614707596149046e-08, "\u064a\u0628": 3.1614707596149046e-08, "\u064a\u062d\u0644\u0648\u0646": 3.1614707596149046e-08, "\u064a\u0647\u062f\u064a": 3.1614707596149046e-08, "\u064a\u0631\u062c\u0639": 3.1614707596149046e-08, "\u064a\u0627\u0645": 3.1614707596149046e-08, "\u064a\u0632\u0643": 3.1614707596149046e-08, "\u064a\u0627\u0631\u0627\u0646": 3.1614707596149046e-08, "\u064a\u0631\u0627\u062c": 3.1614707596149046e-08, "\u064a\u062c\u0639\u0644": 6.322941519229809e-08, "\u064a\u0631\u0641\u0639": 3.1614707596149046e-08, "\u064a\u0648": 3.1614707596149046e-08, "\u064a\u0639\u062a\u0642": 3.1614707596149046e-08, "\u064a\u0623\u0633\u0631\u0648\u0646\u0647\u0645": 3.1614707596149046e-08, "\u064a\u0645\u0648\u0646": 3.1614707596149046e-08, "\u064a\u0633\u062a\u0643\u0628": 3.1614707596149046e-08, "\u064a\u0633": 3.1614707596149046e-08, "\u064a\u0631\u062d\u0645\u06a9": 3.1614707596149046e-08, "\u064a\u0639\u0627": 3.1614707596149046e-08, "\u064a\u0631\u0629": 3.1614707596149046e-08}