{"\u0626\u06cc\u06ba": 1.9284971633650918e-06, "\u0626\u0648\u0642\u062a": 4.66196554061551e-07, "\u0626\u06d2": 1.1117838837979081e-05, "\u0626\u06cc": 1.3109565416536471e-05, "\u0626\u0644": 1.2856647755767278e-06, "\u0626\u0645": 7.587529823075771e-07, "\u0626\u0631\u0646\u06af": 5.479882649999168e-07, "\u0626\u0628": 2.6345589663457537e-07, "\u0626\u06cc\u0648\u06ba": 9.273647561537053e-07, "\u0626\u06cc\u0645": 3.3722354769225647e-07, "\u0626\u0631": 4.2152943461532063e-07, "\u0626": 5.269117932691507e-07, "\u0626\u06cc\u06d2": 1.7915000971151127e-07, "\u0626\u0639": 2.9507060423072444e-07, "\u0626\u0631\u06cc\u06a9\u0679\u0631": 2.2130295317304332e-07, "\u0626\u0646": 1.4753530211536222e-07, "\u0626\u0646\u0644": 1.1592059451921316e-07, "\u0626\u062a": 1.369970662499792e-07, "\u0626\u0646\u0627": 1.369970662499792e-07, "\u0626\u06cc\u06a9\u0648": 3.0560884009610745e-07, "\u0626\u0646\u062f": 8.430588692306412e-08, "\u0626\u0646\u0679\u06cc": 1.369970662499792e-07, "\u0626\u0646\u062f\u06c1": 1.2645883038459618e-07, "\u0626\u0646\u062f\u06af\u06cc": 7.376765105768111e-08, "\u0626\u06cc\u0646\u06cc": 7.376765105768111e-08, "\u0626\u062f": 1.2645883038459618e-07, "\u0626\u062f\u06c1": 9.484412278844714e-08, "\u0626\u06cc\u0644": 5.269117932691508e-08, "\u0626\u0634\u06c1": 5.269117932691508e-08, "\u0626\u06cc\u0648": 7.376765105768111e-08, "\u0626\u0631\u0688": 4.215294346153206e-08, "\u0626\u06cc\u06a9\u0627\u0679": 4.215294346153206e-08, "\u0626\u0633": 6.322941519229809e-08, "\u0626\u06cc\u0688\u0644": 3.1614707596149046e-08, "\u0626\u0679": 3.1614707596149046e-08, "\u0626\u0632\u06c1": 6.322941519229809e-08, "\u0626\u0627\u062a": 6.322941519229809e-08, "\u0626\u06cc\u06af\u06cc": 3.1614707596149046e-08, "\u0626\u0632\u0631": 3.1614707596149046e-08, "\u0626\u06cc\u06af\u06cc\u0648\u06ba": 3.1614707596149046e-08, "\u0626\u06cc\u0646": 6.322941519229809e-08, "\u0626\u0646\u062f\u0648\u06ba": 3.1614707596149046e-08, "\u0626\u062c": 3.1614707596149046e-08, "\u0626\u0632": 3.1614707596149046e-08, "\u0626\u0645\u0632": 3.1614707596149046e-08, "\u0626\u0634": 3.1614707596149046e-08, "\u0626\u06cc\u06a9\u0644": 3.1614707596149046e-08}