{"\u0661": 8.430588692306413e-07, "\u0661\u0668": 4.215294346153206e-08, "\u0661\u0660": 4.215294346153206e-08, "\u0661\u0669\u0669\u0660\u0621": 4.215294346153206e-08, "\u0661\u0662\u0660": 3.1614707596149046e-08, "\u0661\u0660\u06be": 3.1614707596149046e-08, "\u0661\u0669": 6.322941519229809e-08, "\u0661\u0669\u0669\u0662\u0621": 3.1614707596149046e-08, "\u0661\u0660\u0664": 3.1614707596149046e-08, "\u0661\u0669\u0667\u0660\u0621": 3.1614707596149046e-08, "\u0661\u0661": 3.1614707596149046e-08, "\u0661\u0665": 3.1614707596149046e-08, "\u0661\u0665\u0664": 3.1614707596149046e-08}