{"\u0662": 2.8453236836534144e-07, "\u0662\u0664": 4.215294346153206e-08, "\u0662\u0665": 4.215294346153206e-08, "\u0662\u0663": 3.1614707596149046e-08, "\u0662\u06be": 3.1614707596149046e-08, "\u0662\u0668": 3.1614707596149046e-08}