{"\u0663": 1.2645883038459618e-07, "\u0663\u0663": 6.322941519229809e-08, "\u0663\u0662\u06be": 4.215294346153206e-08, "\u0663\u0666\u06be": 4.215294346153206e-08, "\u0663\u0665\u06be": 4.215294346153206e-08, "\u0663\u0667\u06be": 3.1614707596149046e-08}