{"\u0664": 1.5807353798074523e-07, "\u0664\u0668": 4.215294346153206e-08, "\u0664\u0664": 6.322941519229809e-08, "\u0664\u0662": 3.1614707596149046e-08, "\u0664\u0669": 3.1614707596149046e-08, "\u0664\u0663": 3.1614707596149046e-08}