{"\u0665\u06be": 5.269117932691508e-08, "\u0665\u0668": 4.215294346153206e-08, "\u0665": 4.215294346153206e-08, "\u0665\u0664": 3.1614707596149046e-08, "\u0665\u0667": 3.1614707596149046e-08}