{"\u0666": 9.484412278844714e-08, "\u0666\u06be": 5.269117932691508e-08, "\u0666\u0660\u06be": 3.1614707596149046e-08, "\u0666\u0668": 3.1614707596149046e-08, "\u0666\u0669": 3.1614707596149046e-08, "\u0666\u0660": 3.1614707596149046e-08}