{"\u0667": 1.1592059451921316e-07, "\u0667\u0668": 3.1614707596149046e-08}