{"\u0668\u06be": 7.376765105768111e-08, "\u0668\u0660": 4.215294346153206e-08, "\u0668\u0665": 3.1614707596149046e-08, "\u0668": 3.1614707596149046e-08}