{"\u0669\u06be": 8.430588692306412e-08, "\u0669": 1.6861177384612824e-07, "\u0669\u0663": 3.1614707596149046e-08, "\u0669\u06f2\u06f0": 3.1614707596149046e-08}