{"\u0671\u0644\u0648\u0644": 4.215294346153206e-08, "\u0671\u0644\u0645\u0624\u0645": 4.215294346153206e-08, "\u0671\u0644\u0646": 3.1614707596149046e-08, "\u0671\u0644\u0646\u0628": 3.1614707596149046e-08, "\u0671\u0644\u0630": 3.1614707596149046e-08}