{"\u0672\u0631\u062d\u0645": 8.852118126921733e-07, "\u0672": 1.7598853895189637e-06, "\u0672\u0628": 5.269117932691507e-07, "\u0672\u0645": 8.535971050960243e-07, "\u0672\u0646": 1.1275912375959826e-06, "\u0672\u0645\u0631": 6.428323877883639e-07, "\u0672\u062c\u0645\u0639": 2.739941324999584e-07, "\u0672\u0648\u0644": 3.7937649115378855e-07, "\u0672\u0633\u0672": 3.1614707596149046e-07, "\u0672\u062d\u062f": 5.058353215383847e-07, "\u0672\u0633\u0672\u0644\u06a9": 3.8991472701917156e-07, "\u0672\u0628\u0627": 4.847588498076187e-07, "\u0672\u0672\u062f\u062e\u0644": 2.0022648144227728e-07, "\u0672\u0634\u06be\u062f": 5.479882649999168e-07, "\u0672\u0648": 2.4237942490380936e-07, "\u0672\u0641\u0636\u0644": 1.5807353798074523e-07, "\u0672\u062f\u062e\u0644": 1.5807353798074523e-07, "\u0672\u0631\u0636": 2.4237942490380936e-07, "\u0672\u0639\u0648\u0630": 1.2645883038459618e-07, "\u0672\u062a\u0627\u06a9": 1.4753530211536222e-07, "\u0672\u0646\u062a": 3.1614707596149046e-07, "\u0672\u0645\u0644": 8.430588692306412e-08, "\u0672\u0639\u062f\u0627\u0626": 1.1592059451921316e-07, "\u0672\u0646\u06a9": 1.5807353798074523e-07, "\u0672\u062e": 1.0538235865383016e-07, "\u0672\u062f\u0631": 7.376765105768111e-08, "\u0672\u0626": 1.4753530211536222e-07, "\u0672\u0646\u0628": 7.376765105768111e-08, "\u0672\u0646\u062a\u0645": 6.322941519229809e-08, "\u0672\u06a9\u0628\u0631": 9.484412278844714e-08, "\u0672\u0645\u06c3": 6.322941519229809e-08, "\u0672\u06be\u0645\u0646": 6.322941519229809e-08, "\u0672\u0628\u0642\u06cc\u062a\u0646": 6.322941519229809e-08, "\u0672\u0633\u062a\u0648\u062f": 5.269117932691508e-08, "\u0672\u0628\u0631\u0672": 5.269117932691508e-08, "\u0672\u06cc\u06be\u0627": 1.0538235865383016e-07, "\u0672\u06be\u0644": 2.0022648144227728e-07, "\u0672\u062a\u0642\u0631\u0628": 8.430588692306412e-08, "\u0672\u062c\u0644": 5.269117932691508e-08, "\u0672\u0630": 8.430588692306412e-08, "\u0672\u062d\u0633\u0646": 5.269117932691508e-08, "\u0672\u0645\u062a": 9.484412278844714e-08, "\u0672\u0642\u0645\u062a": 5.269117932691508e-08, "\u0672\u0631\u0648\u0627\u062d": 5.269117932691508e-08, "\u0672\u062d\u062a\u0633": 5.269117932691508e-08, "\u0672\u062a\u0672\u0630\u0646": 5.269117932691508e-08, "\u0672\u062c": 4.215294346153206e-08, "\u0672\u0628\u062f\u0627": 7.376765105768111e-08, "\u0672\u0633\u0645\u0627\u0626": 4.215294346153206e-08, "\u0672\u0639\u0637\u06cc\u062a\u0646": 4.215294346153206e-08, "\u0672\u0646\u0635\u0627\u0631": 4.215294346153206e-08, "\u0672\u0646\u0627": 1.1592059451921316e-07, "\u0672\u06cc\u062f": 7.376765105768111e-08, "\u0672\u06a9\u0631\u0645\u062a\u0646\u0627": 4.215294346153206e-08, "\u0672\u062a\u06cc\u062a\u06a9": 3.1614707596149046e-08, "\u0672\u062a\u0648\u062c\u06c1": 6.322941519229809e-08, "\u0672\u0633\u062a\u063a\u0641": 3.1614707596149046e-08, "\u0672\u0628\u062f": 3.1614707596149046e-08, "\u0672\u06cc\u062a\u06be\u0627": 6.322941519229809e-08, "\u0672\u0639\u0644\u0645": 3.1614707596149046e-08, "\u0672\u0634\u0631\u0641": 3.1614707596149046e-08, "\u0672\u0639\u0638\u0645": 3.1614707596149046e-08, "\u0672\u0635\u0641": 3.1614707596149046e-08, "\u0672\u0637\u0639\u062a\u06a9": 3.1614707596149046e-08, "\u0672\u0633\u0645\u0639": 3.1614707596149046e-08, "\u0672\u0634\u06be": 3.1614707596149046e-08, "\u0672\u062d\u06cc\u0627\u0626": 3.1614707596149046e-08, "\u0672\u062a\u062e": 3.1614707596149046e-08, "\u0672\u0646\u0639\u0645\u062a": 3.1614707596149046e-08, "\u0672\u0639\u0637": 3.1614707596149046e-08, "\u0672\u06cc\u0627\u0645": 3.1614707596149046e-08}