{"\u0691": 8.746735768267903e-07, "\u0691\u06cc\u0648\u06ba": 3.4776178355763953e-07, "\u0691\u06cc\u0648": 2.0022648144227728e-07, "\u0691\u06a9\u0627\u0646\u06c1": 9.484412278844714e-08, "\u0691\u06cc": 2.8453236836534144e-07, "\u0691\u06cc\u0627": 5.269117932691508e-08, "\u0691\u06d2": 6.322941519229809e-08, "\u0691\u0627": 3.1614707596149046e-08}