{"\u0698\u06cc\u0627\u0624\u0632\u0648\u0626\u06cc": 8.391537973107918e-06, "\u0698\u0627\u0646\u06af": 9.32393108123102e-07, "\u0698\u0627\u0646": 4.66196554061551e-07, "\u0698\u0627\u0624\u0688\u0648\u0646\u06af": 9.32393108123102e-07, "\u0698\u0648\u0646\u062a\u06cc\u0627\u0646": 4.66196554061551e-07, "\u0698\u0648": 9.32393108123102e-07, "\u0698\u0646\u06c1\u0648\u0627": 1.398589662184653e-06, "\u0698\u06cc": 1.864786216246204e-06, "\u0698\u06cc\u0627\u0624": 4.66196554061551e-07, "\u0698\u0627\u0624": 9.32393108123102e-07, "\u0698\u0627\u0646\u0627\u06a9\u0631\u0646\u0648\u0688\u0644": 4.66196554061551e-07, "\u0698\u06cc\u0646\u06af": 4.66196554061551e-07, "\u0698\u06cc\u0646\u06af\u0632\u0648": 4.66196554061551e-07, "\u0698\u06cc\u0627\u0646": 4.66196554061551e-07, "\u0698\u06cc\u0634\u0648\u0641": 4.66196554061551e-07, "\u0698\u0627\u06ba": 4.66196554061551e-07, "\u0698\u0648\u0628": 9.32393108123102e-07, "\u0698\u06cc\u0624": 4.66196554061551e-07, "\u0698\u06cc\u06a9\u06cc\u0627\u0646\u06af": 9.32393108123102e-07, "\u0698\u0627\u0648": 4.66196554061551e-07, "\u0698\u0627\u0644\u06c1": 9.062882844229393e-07, "\u0698\u0627\u06a9": 9.273647561537053e-07, "\u0698\u0631\u0641": 3.7937649115378855e-07, "\u0698\u0627\u0644\u06d2": 2.2130295317304332e-07, "\u0698\u0648\u0644\u06cc\u062f\u06c1": 1.369970662499792e-07, "\u0698\u0646": 6.322941519229809e-08, "\u0698\u0631\u0627\u0641": 1.6861177384612824e-07, "\u0698\u0648\u06c1\u0627\u0626\u06cc": 5.269117932691508e-08, "\u0698\u06cc\u0627\u0646\u06af": 4.215294346153206e-08, "\u0698\u0646\u062f": 6.322941519229809e-08, "\u0698\u06cc\u0631\u0627\u062a\u06cc\u0648\u0644\u0648\u06ba": 3.1614707596149046e-08}