{"\u06ba": 4.763282611153123e-05, "\u06ba\u06a9\u06c1": 1.398589662184653e-06, "\u06ba\u06a9\u0627\u062d": 4.66196554061551e-07, "\u06ba\u0627\u0645\u0633\u0679\u0631": 4.66196554061551e-07, "\u06ba\u0627\u0635\u0631": 4.66196554061551e-07}