{"\u06be\u0628\u0627": 1.864786216246204e-06, "\u06be\u06d2": 4.66196554061551e-07, "\u06be\u06cc\u0627": 9.32393108123102e-07, "\u06be": 1.2456194792882724e-05, "\u06be\u0648": 3.0139354574995426e-06, "\u06be\u0630": 8.219823974998752e-07, "\u06be\u0631\u06cc\u0631\u06c3": 2.6345589663457537e-07, "\u06be\u0627": 4.4260590634608664e-07, "\u06be\u062c\u0631\u06cc": 1.369970662499792e-07, "\u06be\u0644": 3.6883825528840554e-07, "\u06be\u06cc\u0645": 1.0538235865383016e-07, "\u06be\u0645\u0645": 9.484412278844714e-08, "\u06be\u0630\u0627": 5.058353215383847e-07, "\u06be\u0627\u0644\u0627": 8.430588692306412e-08, "\u06be\u0645": 5.269117932691507e-07, "\u06be\u0648\u0627\u0644\u0644\u06c1": 7.376765105768111e-08, "\u06be\u06cc": 9.484412278844714e-08, "\u06be\u0630\u06c1": 9.484412278844714e-08, "\u06be\u0627\u062f\u06cc": 5.269117932691508e-08, "\u06be\u0646\u0633": 5.269117932691508e-08, "\u06be\u0631": 5.269117932691508e-08, "\u06be\u0631\u06cc\u0631\u06c1": 4.215294346153206e-08, "\u06be\u062f\u06cc": 7.376765105768111e-08, "\u06be\u0631\u0627": 4.215294346153206e-08, "\u06be\u0648\u0628\u06cc\u0644\u06c1": 4.215294346153206e-08, "\u06be\u0646\u06cc": 4.215294346153206e-08, "\u06be\u062f\u06cc\u062a\u0646": 4.215294346153206e-08, "\u06be\u0627\u0648\u06cc\u0631": 4.215294346153206e-08, "\u06be\u0631\u06cc\u0631\u0629": 4.215294346153206e-08, "\u06be\u0630\u0622": 4.215294346153206e-08, "\u06be\u0646": 7.376765105768111e-08, "\u06be\u062f\u0627\u06cc\u06c1": 3.1614707596149046e-08, "\u06be\u06cc\u0644": 6.322941519229809e-08, "\u06be\u0627\u0631\u0648\u0646": 3.1614707596149046e-08, "\u06be\u0644\u0627": 3.1614707596149046e-08, "\u06be\u0627\u062f": 3.1614707596149046e-08, "\u06be\u0648\u0627\u0644\u0630": 3.1614707596149046e-08, "\u06be\u062f": 3.1614707596149046e-08, "\u06be\u0622": 3.1614707596149046e-08, "\u06be\u062f\u06a9\u0645": 3.1614707596149046e-08, "\u06be\u0627\u062f\u0648\u0627": 3.1614707596149046e-08, "\u06be\u0628": 3.1614707596149046e-08, "\u06be\u06cc\u0646\u0633": 3.1614707596149046e-08, "\u06be\u0624": 3.1614707596149046e-08, "\u06be\u0627\u0634\u0645": 3.1614707596149046e-08, "\u06be\u06cc\u0628\u062a": 3.1614707596149046e-08, "\u06be\u0646\u06af": 3.1614707596149046e-08}