{"\u06d2": 1.8283839226439533e-05, "\u06d2\u06c1": 5.8803356128837225e-06, "\u06d2\u0627": 8.114441616344922e-07, "\u06d2\u06c1\u0627\u06ba": 2.9507060423072444e-07, "\u06d2\u06c1\u06cc": 3.0560884009610745e-07, "\u06d2\u0627\u062f": 2.5291766076919237e-07, "\u06d2\u0648\u0633\u0641": 2.1076471730766031e-07, "\u06d2\u0642\u06d2\u0646": 8.430588692306412e-08, "\u06d2\u0627\u0641\u062a\u06c1": 7.376765105768111e-08, "\u06d2\u0648\u0631\u067e": 4.215294346153206e-08, "\u06d2\u0648\u06ba": 9.484412278844714e-08, "\u06d2\u06a9": 3.1614707596149046e-08}