{"\u06f0\u06f0": 1.2435118321151958e-06, "\u06f0": 1.0432853506729186e-06, "\u06f0\u06f0\u06f0": 7.060618029806621e-07, "\u06f0\u06f1": 4.215294346153206e-08, "\u06f0\u06f5": 3.1614707596149046e-08}