{"\u06f1\u06f9\u06f7\u06f0": 4.66196554061551e-07, "\u06f1": 1.6871715620478208e-05, "\u06f1\u06f0": 8.198747503267985e-06, "\u06f1\u06f2": 7.081694501537386e-06, "\u06f1\u06f4": 3.951838449518631e-06, "\u06f1\u06f8": 4.573594365576228e-06, "\u06f1\u06f3": 3.909685506057099e-06, "\u06f1\u06f6": 3.972914921249397e-06, "\u06f1\u06f7": 4.573594365576228e-06, "\u06f1\u06f1": 5.574726772787615e-06, "\u06f1\u06f9": 3.7832266756725026e-06, "\u06f1\u06f5": 5.869797377018339e-06, "\u06f1\u06f8\u06f5\u06f7\u0621": 1.5491206722113033e-06, "\u06f1\u06f2\u06f5": 8.746735768267903e-07, "\u06f1\u06f9\u06f9\u06f0\u0621": 4.3206767048070363e-07, "\u06f1\u06f9\u06f9\u06f2\u0621": 4.5314414221146965e-07, "\u06f1\u06f9\u06f4\u06f7\u0621": 9.273647561537053e-07, "\u06f1\u06f9\u06f8\u06f0\u0621": 7.587529823075771e-07, "\u06f1\u06f9\u06f8\u06f8\u0621": 4.742206139422357e-07, "\u06f1\u06f9\u06f8\u06f5\u0621": 4.0045296288455456e-07, "\u06f1\u06f9\u06f6\u06f7\u0621": 3.1614707596149046e-07, "\u06f1\u06f9\u06f5\u06f3\u0621": 3.7937649115378855e-07, "\u06f1\u06f9\u06f8\u06f9\u0621": 3.3722354769225647e-07, "\u06f1\u06f9\u06f6\u06f2\u0621": 3.8991472701917156e-07, "\u06f1\u06f9\u06f7\u06f5\u0621": 3.7937649115378855e-07, "\u06f1\u06f9\u06f6\u06f0\u0621": 5.585265008652998e-07, "\u06f1\u06f9\u06f5\u06f2\u0621": 3.1614707596149046e-07, "\u06f1\u06f0\u06f0": 1.0749000582690675e-06, "\u06f1\u06f9\u06f7\u06f2\u0621": 3.8991472701917156e-07, "\u06f1\u06f9\u06f9\u06f5\u0621": 3.4776178355763953e-07, "\u06f1\u06f9\u06f7\u06f1\u0621": 3.5830001942302254e-07, "\u06f1\u06f9\u06f7\u06f9\u0621": 2.6345589663457537e-07, "\u06f1\u06f9\u06f9\u06f1\u0621": 2.5291766076919237e-07, "\u06f1\u06f9\u06f9\u06f9\u0621": 2.8453236836534144e-07, "\u06f1\u06f0\u06f5": 4.4260590634608664e-07, "\u06f1\u06f9\u06f9\u06f3\u0621": 2.739941324999584e-07, "\u06f1\u06f9\u06f7\u06f7\u0621": 3.1614707596149046e-07, "\u06f1\u06f9\u06f6\u06f6\u0621": 2.739941324999584e-07, "\u06f1\u06f0\u06f4": 5.585265008652998e-07, "\u06f1\u06f9\u06f3\u06f6\u0621": 4.0045296288455456e-07, "\u06f1\u06f9\u06f5\u06f6\u0621": 2.3184118903842633e-07, "\u06f1\u06f0\u06f1": 5.269117932691507e-07, "\u06f1\u06f9\u06f5\u06f5\u0621": 2.3184118903842633e-07, "\u06f1\u06f9\u06f9\u06f4\u0621": 3.1614707596149046e-07, "\u06f1\u06f9\u06f9\u06f8\u0621": 2.2130295317304332e-07, "\u06f1\u06f9\u06f4\u06f5\u0621": 2.5291766076919237e-07, "\u06f1\u06f9\u06f3\u06f7\u0621": 2.2130295317304332e-07, "\u06f1\u06f9\u06f7\u06f6\u0621": 2.6345589663457537e-07, "\u06f1\u06f9\u06f9\u06f6\u0621": 3.6883825528840554e-07, "\u06f1\u06f8\u06f5\u06f8": 2.1076471730766031e-07, "\u06f1\u06f9\u06f7\u06f4\u0621": 2.5291766076919237e-07, "\u06f1\u06f9\u06f8\u06f4\u0621": 2.6345589663457537e-07, "\u06f1\u06f9\u06f5\u06f9\u0621": 2.739941324999584e-07, "\u06f1\u06f9\u06f5\u06f8\u0621": 2.739941324999584e-07, "\u06f1\u06f9\u06f7\u06f0\u0621": 4.5314414221146965e-07, "\u06f1\u06f9\u06f8\u06f6\u0621": 2.6345589663457537e-07, "\u06f1\u06f9\u06f3\u06f3\u0621": 2.2130295317304332e-07, "\u06f1\u06f9\u06f5\u06f1\u0621": 1.8968824557689427e-07, "\u06f1\u06f0\u06f7": 4.0045296288455456e-07, "\u06f1\u06f9\u06f5\u06f0\u0621": 3.5830001942302254e-07, "\u06f1\u06f9\u06f6\u06f9\u0621": 2.2130295317304332e-07, "\u06f1\u06f9\u06f4\u06f2\u0621": 2.2130295317304332e-07, "\u06f1\u06f9\u06f6\u06f3\u0621": 2.2130295317304332e-07, "\u06f1\u06f2\u06f3": 2.2130295317304332e-07, "\u06f1\u06f9\u06f6\u06f5\u0621": 2.4237942490380936e-07, "\u06f1\u06f0\u06f2": 4.742206139422357e-07, "\u06f1\u06f9\u06f5\u06f7\u0621": 2.1076471730766031e-07, "\u06f1\u06f8\u06f5\u06f9": 1.7915000971151127e-07, "\u06f1\u06f9\u06f8\u06f1\u0621": 2.4237942490380936e-07, "\u06f1\u06f9\u06f9\u06f7\u0621": 2.6345589663457537e-07, "\u06f1\u06f9\u06f7\u06f3\u0621": 2.4237942490380936e-07, "\u06f1\u06f9\u06f4\u06f4\u0621": 1.6861177384612824e-07, "\u06f1\u06f1\u06f5": 3.1614707596149046e-07, "\u06f1\u06f9\u06f4\u06f6\u0621": 2.1076471730766031e-07, "\u06f1\u06f2\u06f9": 2.0022648144227728e-07, "\u06f1\u06f0\u06f8": 4.3206767048070363e-07, "\u06f1\u06f1\u06f2": 2.9507060423072444e-07, "\u06f1\u06f9\u06f8\u06f7\u0621": 2.0022648144227728e-07, "\u06f1\u06f0\u06f6": 4.0045296288455456e-07, "\u06f1\u06f9\u06f3\u06f1\u0621": 2.8453236836534144e-07, "\u06f1\u06f3\u06f2": 1.5807353798074523e-07, "\u06f1\u06f0\u06f9": 5.058353215383847e-07, "\u06f1\u06f1\u06f1": 4.4260590634608664e-07, "\u06f1\u06f1\u06f8": 2.739941324999584e-07, "\u06f1\u06f1\u06f6": 2.5291766076919237e-07, "\u06f1\u06f9\u06f4\u06f8\u0621": 2.2130295317304332e-07, "\u06f1\u06f9\u06f0\u06f8\u0621": 1.8968824557689427e-07, "\u06f1\u06f9\u06f6\u06f8\u0621": 2.1076471730766031e-07, "\u06f1\u06f2\u06f6": 2.1076471730766031e-07, "\u06f1\u06f1\u06f3": 2.6345589663457537e-07, "\u06f1\u06f9\u06f7\u06f8\u0621": 2.5291766076919237e-07, "\u06f1\u06f8\u06f5\u06f7": 4.109911987499376e-07, "\u06f1\u06f2\u06f2": 2.5291766076919237e-07, "\u06f1\u06f9\u06f8\u06f2\u0621": 1.8968824557689427e-07, "\u06f1\u06f1\u06f4": 3.0560884009610745e-07, "\u06f1\u06f9\u06f0\u06f0\u0621": 2.5291766076919237e-07, "\u06f1\u06f2\u06f1": 2.1076471730766031e-07, "\u06f1\u06f9\u06f5\u06f4\u0621": 1.7915000971151127e-07, "\u06f1\u06f9\u06f3\u06f2\u0621": 2.1076471730766031e-07, "\u06f1\u06f2\u06f7": 2.1076471730766031e-07, "\u06f1\u06f9\u06f2\u06f4\u0621": 1.369970662499792e-07, "\u06f1\u06f8\u06f1\u06f6\u0621": 1.369970662499792e-07, "\u06f1\u06f9\u06f3\u06f4\u0621": 1.7915000971151127e-07, "\u06f1\u06f1\u06f0": 3.2668531182687346e-07, "\u06f1\u06f2\u06f4": 2.9507060423072444e-07, "\u06f1\u06f9\u06f4\u06f0\u0621": 1.2645883038459618e-07, "\u06f1\u06f9\u06f8\u06f0": 1.8968824557689427e-07, "\u06f1\u06f9\u06f2\u06f3\u0621": 1.5807353798074523e-07, "\u06f1\u06f9\u06f1\u06f2\u0621": 1.4753530211536222e-07, "\u06f1\u06f9\u06f3\u06f8\u0621": 1.4753530211536222e-07, "\u06f1\u06f0\u06f3": 5.585265008652998e-07, "\u06f1\u06f1\u06f9\u06f3\u0621": 1.0538235865383016e-07, "\u06f1\u06f9\u06f0\u06f4\u0621": 1.0538235865383016e-07, "\u06f1\u06f8\u06f6\u06f0": 1.0538235865383016e-07, "\u06f1\u06f9\u06f3\u06f5\u0621": 1.4753530211536222e-07, "\u06f1\u06f9\u06f6\u06f1\u0621": 1.0538235865383016e-07, "\u06f1\u06f9\u06f0\u06f6\u0621": 1.0538235865383016e-07, "\u06f1\u06f5\u06f5": 1.369970662499792e-07, "\u06f1\u06f3\u06f8": 1.369970662499792e-07, "\u06f1\u06f1\u06f9": 1.6861177384612824e-07, "\u06f1\u06f3\u06f0": 2.1076471730766031e-07, "\u06f1\u06f6\u06f7": 9.484412278844714e-08, "\u06f1\u06f0\u06f0\u06f0": 1.7915000971151127e-07, "\u06f1\u06f9\u06f4\u06f9\u0621": 9.484412278844714e-08, "\u06f1\u06f9\u06f2\u06f2\u0621": 9.484412278844714e-08, "\u06f1\u06f3\u06f3": 1.5807353798074523e-07, "\u06f1\u06f2\u06f0": 2.1076471730766031e-07, "\u06f1\u06f9\u06f2\u06f1\u0621": 9.484412278844714e-08, "\u06f1\u06f6\u06f6": 1.2645883038459618e-07, "\u06f1\u06f9\u06f1\u06f3\u0621": 9.484412278844714e-08, "\u06f1\u06f8\u06f5\u06f8\u0621": 1.6861177384612824e-07, "\u06f1\u06f9\u06f2\u06f9\u0621": 1.2645883038459618e-07, "\u06f1\u06f1\u06f7": 2.8453236836534144e-07, "\u06f1\u06f7\u06f5": 1.2645883038459618e-07, "\u06f1\u06f1\u06f9\u06f6\u06be": 8.430588692306412e-08, "\u06f1\u06f5\u06f7\u06f0": 8.430588692306412e-08, "\u06f1\u06f9\u06f3\u06f0\u0621": 1.5807353798074523e-07, "\u06f1\u06f4\u06f1": 1.7915000971151127e-07, "\u06f1\u06f8\u06f6\u06f5": 1.2645883038459618e-07, "\u06f1\u06f5\u06f9": 1.4753530211536222e-07, "\u06f1\u06f4\u06f6": 1.7915000971151127e-07, "\u06f1\u06f9\u06f2": 1.5807353798074523e-07, "\u06f1\u06f8\u06f8\u06f1\u0621": 1.5807353798074523e-07, "\u06f1\u06f6\u06f4": 8.430588692306412e-08, "\u06f1\u06f9\u06f0\u06f5\u0621": 1.4753530211536222e-07, "\u06f1\u06f9\u06f4\u06f1\u0621": 7.376765105768111e-08, "\u06f1\u06f7\u06f3": 1.0538235865383016e-07, "\u06f1\u06f9\u06f3\u06f9\u0621": 1.0538235865383016e-07, "\u06f1\u06f5\u06f6": 1.369970662499792e-07, "\u06f1\u06f9\u06f8\u06f3\u0621": 1.6861177384612824e-07, "\u06f1\u06f8\u06f9\u06f6\u0621": 7.376765105768111e-08, "\u06f1\u06f5\u06f4": 1.369970662499792e-07,