{"\u06f2": 1.2835571284036512e-05, "\u06f2\u06f0": 6.50209152894132e-06, "\u06f2\u06f1": 4.046682572307078e-06, "\u06f2\u06f7": 3.53030901490331e-06, "\u06f2\u06f5": 4.373367884133952e-06, "\u06f2\u06f3": 4.289061997210887e-06, "\u06f2\u06f2": 3.0560884009610746e-06, "\u06f2\u06f4": 2.9612442781726275e-06, "\u06f2\u06f6": 4.689514960095442e-06, "\u06f2\u06f9": 2.3605648338457956e-06, "\u06f2\u06f8": 3.572461958364842e-06, "\u06f2\u06f0\u06f0\u06f0\u0621": 4.5314414221146965e-07, "\u06f2\u06f0\u06f0\u06f5\u0621": 6.322941519229809e-07, "\u06f2\u06f0\u06f0\u06f2\u0621": 4.5314414221146965e-07, "\u06f2\u06f0\u06f0\u06f4\u0621": 4.109911987499376e-07, "\u06f2\u06f0\u06f0\u06f8\u0621": 4.2152943461532063e-07, "\u06f2\u06f0\u06f0\u06f6\u0621": 4.3206767048070363e-07, "\u06f2\u06f0\u06f0\u06f1\u0621": 3.0560884009610745e-07, "\u06f2\u06f0\u06f0\u06f3\u0621": 3.3722354769225647e-07, "\u06f2\u06f5\u06f0": 5.269117932691507e-07, "\u06f2\u06f0\u06f0\u06f9\u0621": 5.374500291345338e-07, "\u06f2\u06f0\u06f1\u06f0\u0621": 1.8968824557689427e-07, "\u06f2\u06f0\u06f0\u06f7\u0621": 3.4776178355763953e-07, "\u06f2\u06f0\u06f1\u06f1\u0621": 1.369970662499792e-07, "\u06f2\u06f0\u06f0": 2.1076471730766031e-07, "\u06f2\u06f0\u06f0\u06f9": 1.369970662499792e-07, "\u06f2\u06f0\u06f0\u06f8": 9.484412278844714e-08, "\u06f2\u06f0\u06f0\u06f7": 5.269117932691508e-08, "\u06f2\u06f0\u06f0\u06f5": 9.484412278844714e-08, "\u06f2\u06f0\u06f6": 7.376765105768111e-08, "\u06f2\u06f3\u06f2": 4.215294346153206e-08, "\u06f2\u06f5\u06f2": 7.376765105768111e-08, "\u06f2\u06f4\u06f5": 4.215294346153206e-08, "\u06f2\u06f0\u06f0\u06f2": 4.215294346153206e-08, "\u06f2\u06f0\u06f5": 4.215294346153206e-08, "\u06f2\u06f6\u06f0": 7.376765105768111e-08, "\u06f2\u06f0\u06f3": 4.215294346153206e-08, "\u06f2\u06f0\u06f1\u06f2\u0621": 4.215294346153206e-08, "\u06f2\u06f1\u06f9": 3.1614707596149046e-08, "\u06f2\u06f6\u06f6": 3.1614707596149046e-08, "\u06f2\u06f8\u06f5": 3.1614707596149046e-08, "\u06f2\u06f4\u06f1": 3.1614707596149046e-08, "\u06f2\u06f1\u06f7": 3.1614707596149046e-08, "\u06f2\u06f0\u06f4": 6.322941519229809e-08, "\u06f2\u06f1\u06f2": 3.1614707596149046e-08, "\u06f2\u06f8\u06f0": 3.1614707596149046e-08, "\u06f2\u06f8\u06f1": 3.1614707596149046e-08, "\u06f2\u06f1\u06f8": 3.1614707596149046e-08, "\u06f2\u06f1\u06f5": 3.1614707596149046e-08, "\u06f2\u06f5\u06f8": 3.1614707596149046e-08, "\u06f2\u06f5\u06f5": 3.1614707596149046e-08, "\u06f2\u06f5\u06f6": 3.1614707596149046e-08, "\u06f2\u06f2\u06f6": 6.322941519229809e-08, "\u06f2\u06f6\u06f1": 3.1614707596149046e-08, "\u06f2\u06f6\u06f2": 6.322941519229809e-08, "\u06f2\u06f7\u06f1": 3.1614707596149046e-08, "\u06f2\u06f3\u06f0": 3.1614707596149046e-08, "\u06f2\u06f6\u06f7": 3.1614707596149046e-08, "\u06f2\u06f3\u06f7": 3.1614707596149046e-08, "\u06f2\u06f0\u06f0\u06f3": 6.322941519229809e-08, "\u06f2\u06f0\u06f1\u06f0": 3.1614707596149046e-08, "\u06f2\u06f2\u06f0": 3.1614707596149046e-08, "\u06f2\u06f2\u06f9": 3.1614707596149046e-08, "\u06f2\u06f8\u06f6": 3.1614707596149046e-08, "\u06f2\u06f2\u06f2": 3.1614707596149046e-08, "\u06f2\u06f0\u06f7": 3.1614707596149046e-08, "\u06f2\u06f2\u06f1\u06f0": 3.1614707596149046e-08, "\u06f2\u06f2\u06f7": 3.1614707596149046e-08, "\u06f2\u06f3\u06f1": 3.1614707596149046e-08, "\u06f2\u06f7\u06f4": 3.1614707596149046e-08, "\u06f2\u06f0\u06f1": 3.1614707596149046e-08, "\u06f2\u06f6\u06f8": 3.1614707596149046e-08, "\u06f2\u06f2\u06f3": 3.1614707596149046e-08, "\u06f2\u06f5\u06f3": 3.1614707596149046e-08, "\u06f2\u06f3\u06f8": 3.1614707596149046e-08, "\u06f2\u06f6\u06f4": 3.1614707596149046e-08, "\u06f2\u06f5\u06f4": 3.1614707596149046e-08, "\u06f2\u06f0\u06f0\u06f6": 3.1614707596149046e-08, "\u06f2\u06f2\u06f5": 3.1614707596149046e-08, "\u06f2\u06f5\u06f9": 3.1614707596149046e-08}