{"\u06f3": 1.0506621157786866e-05, "\u06f3\u06f6": 2.4659471924996254e-06, "\u06f3\u06f4": 2.4027177773073276e-06, "\u06f3\u06f1": 1.970650106826624e-06, "\u06f3\u06f2": 2.3184118903842635e-06, "\u06f3\u06f3": 2.4764854283650085e-06, "\u06f3\u06f8": 2.4764854283650085e-06, "\u06f3\u06f9": 2.065494229615071e-06, "\u06f3\u06f0": 3.7094590246148212e-06, "\u06f3\u06f7": 3.2247001748072027e-06, "\u06f3\u06f5": 2.3711030697111787e-06, "\u06f3\u06f0\u06f0": 1.1592059451921316e-07, "\u06f3\u06f7\u06f5": 4.215294346153206e-08, "\u06f3\u06f8\u06f1\u0621": 4.215294346153206e-08, "\u06f3\u06f3\u06f4": 7.376765105768111e-08, "\u06f3\u06f6\u06f6\u06f4": 4.215294346153206e-08, "\u06f3\u06f1\u06f2": 4.215294346153206e-08, "\u06f3\u06f9\u06f0": 4.215294346153206e-08, "\u06f3\u06f0\u06f3\u0621": 3.1614707596149046e-08, "\u06f3\u06be": 3.1614707596149046e-08, "\u06f3\u06f9\u06f9\u06f1\u0621": 3.1614707596149046e-08, "\u06f3\u06f2\u06f1": 3.1614707596149046e-08, "\u06f3\u06f8\u06f1": 3.1614707596149046e-08, "\u06f3\u06f5\u06f1\u06be": 3.1614707596149046e-08}