{"\u06f4": 7.450532756825792e-06, "\u06f4\u06f8": 1.5280442004805373e-06, "\u06f4\u06f6": 1.6439647949997505e-06, "\u06f4\u06f7": 1.5912736156728353e-06, "\u06f4\u06f3": 2.3078736545188804e-06, "\u06f4\u06f5": 1.9284971633650918e-06, "\u06f4\u06f1": 1.7177324460574314e-06, "\u06f4\u06f2": 1.5912736156728353e-06, "\u06f4\u06f0": 3.3406207693264157e-06, "\u06f4\u06f4": 1.8020383329804957e-06, "\u06f4\u06f9": 1.338355954903643e-06, "\u06f4\u06be": 7.376765105768111e-08, "\u06f4\u06f4\u06f0\u06f0\u06f1\u06f8": 6.322941519229809e-08, "\u06f4\u06f0\u06f0": 8.430588692306412e-08, "\u06f4\u06f0\u06f0\u06f2\u0621": 3.1614707596149046e-08, "\u06f4\u06f1\u06f4": 3.1614707596149046e-08, "\u06f4\u0669": 3.1614707596149046e-08, "\u06f4\u06f6\u06f0\u0621": 3.1614707596149046e-08}