{"\u06f5": 9.494950514710097e-06, "\u06f5\u06f8": 1.0959765299998335e-06, "\u06f5\u06f1": 1.7071942101920485e-06, "\u06f5\u06f3": 1.5701971439420693e-06, "\u06f5\u06f0": 3.0139354574995426e-06, "\u06f5\u06f6": 1.6755795025958994e-06, "\u06f5\u06f2": 1.6545030308651334e-06, "\u06f5\u06f7": 1.1697441810575147e-06, "\u06f5\u06f4": 1.6334265591343674e-06, "\u06f5\u06f5": 2.1814148241342843e-06, "\u06f5\u06f9": 8.325206333652582e-07, "\u06f5\u06f0\u06f0": 2.1076471730766031e-07, "\u06f5\u06f7\u0621": 3.1614707596149046e-08, "\u06f5\u06f7\u06f1": 3.1614707596149046e-08, "\u06f5\u06f5\u06f0\u0621": 3.1614707596149046e-08, "\u06f5\u06f9\u06f4": 3.1614707596149046e-08, "\u06f5\u06f9\u06f5": 3.1614707596149046e-08, "\u06f5\u06f0\u06f0\u062d\u062f\u06cc\u062b": 3.1614707596149046e-08, "\u06f5\u06f4\u06f6": 3.1614707596149046e-08}