{"\u06f6": 6.913082727691258e-06, "\u06f6\u06f1": 1.0749000582690675e-06, "\u06f6\u06f8": 1.1802824169228978e-06, "\u06f6\u06f0": 1.6755795025958994e-06, "\u06f6\u06f7": 1.1275912375959826e-06, "\u06f6\u06f9": 1.0011324072113866e-06, "\u06f6\u06f6": 1.0011324072113866e-06, "\u06f6\u06f2": 1.0959765299998335e-06, "\u06f6\u06f5": 1.1065147658652166e-06, "\u06f6\u06f4": 7.271382747114281e-07, "\u06f6\u06f3": 9.695176996152374e-07, "\u06f6\u06be": 7.376765105768111e-08, "\u06f6\u06f0\u06f0": 9.484412278844714e-08, "\u06f6\u06f6\u06f4\u0621": 4.215294346153206e-08, "\u06f6\u06f0\u06f1": 4.215294346153206e-08, "\u06f6\u06f9\u06f0": 4.215294346153206e-08, "\u06f6\u06f0\u0621": 3.1614707596149046e-08, "\u06f6\u06f5\u06f0": 3.1614707596149046e-08}