{"\u06f7": 7.534838643748856e-06, "\u06f7\u06f5": 1.6228883232689845e-06, "\u06f7\u06f3": 1.1381294734613658e-06, "\u06f7\u06f8": 9.905941713460035e-07, "\u06f7\u06f2": 1.2645883038459618e-06, "\u06f7\u06f4": 1.0854382941344506e-06, "\u06f7\u06f1": 1.0011324072113866e-06, "\u06f7\u06f6": 8.746735768267903e-07, "\u06f7\u06f0": 1.5175059646151542e-06, "\u06f7\u06f7": 1.0538235865383015e-06, "\u06f7\u06f9": 8.535971050960243e-07, "\u06f7\u06f0\u0621": 1.0538235865383016e-07, "\u06f7\u06f5\u06f0": 7.376765105768111e-08, "\u06f7\u06f1\u06f1": 3.1614707596149046e-08, "\u06f7\u06f0\u06f0": 3.1614707596149046e-08, "\u06f7\u06f8\u0621": 3.1614707596149046e-08, "\u06f7\u06be": 3.1614707596149046e-08}