{"\u06f8": 5.353423819614572e-06, "\u06f8\u06f6": 6.639088595191299e-07, "\u06f8\u06f0": 1.443738313557473e-06, "\u06f8\u06f2": 9.168265202883223e-07, "\u06f8\u06f5": 8.535971050960243e-07, "\u06f8\u06f1": 8.852118126921733e-07, "\u06f8\u06f7": 8.641353409614073e-07, "\u06f8\u06f4": 1.0643618224036846e-06, "\u06f8\u06f8": 8.641353409614073e-07, "\u06f8\u06f3": 7.376765105768111e-07, "\u06f8\u06f9": 7.692912181729601e-07, "\u06f8\u06f5\u0621": 8.430588692306412e-08, "\u06f8\u06f0\u0621": 5.269117932691508e-08, "\u06f8\u06f6\u06f4": 4.215294346153206e-08, "\u06f8\u06f0\u06f0\u06f2": 4.215294346153206e-08, "\u06f8\u06f0\u06be": 3.1614707596149046e-08}