{"\u06f9": 6.164867981249064e-06, "\u06f9\u06f3": 7.376765105768111e-07, "\u06f9\u06f9": 5.901412084614489e-07, "\u06f9\u06f5": 5.585265008652998e-07, "\u06f9\u06f0": 7.798294540383431e-07, "\u06f9\u06f2": 3.8991472701917156e-07, "\u06f9\u06f4": 5.901412084614489e-07, "\u06f9\u06f7": 5.058353215383847e-07, "\u06f9\u06f1": 6.428323877883639e-07, "\u06f9\u06f9\u06f7\u06be": 1.1592059451921316e-07, "\u06f9\u06f6": 6.639088595191299e-07, "\u06f9\u06f9\u06f3\u06be": 1.369970662499792e-07, "\u06f9\u06f8": 4.2152943461532063e-07, "\u06f9\u06f9\u06f9\u06be": 5.269117932691508e-08, "\u06f9\u06f9\u06f0": 5.269117932691508e-08, "\u06f9\u06f9\u06f1\u06be": 5.269117932691508e-08, "\u06f9\u06f1\u06f1": 4.215294346153206e-08, "\u06f9\u06f9\u06f5\u06be": 4.215294346153206e-08, "\u06f9\u06f9\u06f0\u06be": 4.215294346153206e-08, "\u06f9\u06f8\u06f2\u06be": 4.215294346153206e-08, "\u06f9\u06f8\u06f3\u06be": 6.322941519229809e-08, "\u06f9\u06f8\u06f1": 3.1614707596149046e-08, "\u06f9\u06f7\u06f5": 3.1614707596149046e-08, "\u06f9\u06f7\u06f4": 3.1614707596149046e-08, "\u06f9\u06f8\u06f5": 3.1614707596149046e-08, "\u06f9\u06f8\u06f5\u06be": 3.1614707596149046e-08, "\u06f9\u06f8\u06f8\u06be": 3.1614707596149046e-08, "\u06f9\u06f8\u06f9\u06be": 3.1614707596149046e-08}