{"\u0621": {"\u06a9\u0648": 7.376765105768111e-08, "\u0631\u06c1\u0646\u0645\u0627": 2.3184118903842633e-07, "\u062f\u0648": 6.322941519229809e-08, "\u062b\u0646\u0627": 5.690647367306829e-07, "\u0631\u0636\u0627": 3.1614707596149046e-08, "\u0627\u062c\u0631\u0627": 1.369970662499792e-07, "\u0644\u0648": 3.1614707596149046e-08, "\u0628\u0646\u0627": 5.479882649999168e-07, "\u0646\u0642\u0637\u06c1": 7.376765105768111e-08, "\u0627\u062b\u0646\u0627": 2.4237942490380936e-07, "\u0628\u0642\u0627": 1.369970662499792e-07, "\u0646\u0645\u0648\u0646\u06c1": 5.269117932691508e-08, "\u0630\u06a9\u0627": 3.1614707596149046e-08, "\u0627\u0634\u06cc\u0627": 7.798294540383431e-07, "\u0627\u063a\u0648\u0627": 1.8968824557689427e-07, "\u0633\u0644\u0633\u0644\u06c1": 6.322941519229809e-08, "\u0644\u0627": 3.7937649115378855e-07, "\u0634\u0639\u0628\u06c1": 5.269117932691508e-08, "\u0632\u0645\u0627\u0646\u06c1": 3.1614707596149046e-08, "\u0639\u0631\u0635\u06c1": 1.2645883038459618e-07, "\u0627\u06cc\u0634\u06cc\u0627": 2.6345589663457537e-07, "\u062f\u0639\u0627": 9.484412278844714e-08, "\u0622\u0632\u0627\u062f\u06cc": 5.269117932691508e-08, "\u0639\u0637\u0627": 4.4260590634608664e-07, "\u0648\u0632\u0631\u0627": 3.1614707596149046e-07, "\u0628\u0627\u0646\u06cc": 3.1614707596149046e-08, "\u0644\u0645\u062d\u06c1": 3.1614707596149046e-08, "\u062a\u0628\u0627\u062f\u0644\u06c1": 4.215294346153206e-08, "\u0637\u0644\u0628\u0627": 2.3184118903842633e-07, "\u0627\u0644\u062a\u0648\u0627": 8.430588692306412e-08, "\u0648\u06a9\u0644\u0627": 6.533706236537469e-07, "\u062e\u0644\u0627": 4.215294346153206e-08, "\u0630\u062e\u06cc\u0631\u06c1": 6.322941519229809e-08, "\u0627\u0628\u062a\u062f\u0627": 4.906239313597495e-07, "\u0627\u0644\u0646\u0633\u0627": 3.1614707596149046e-08, "\u0636\u06cc\u0627": 1.6123500874036014e-06, "\u0648\u0627\u062f\u06cc": 3.1614707596149046e-08, "\u0627\u0639\u0636\u0627": 1.369970662499792e-07, "\u0634\u06cc": 3.0560884009610745e-07, "\u0634\u0631\u06a9\u0627": 4.0045296288455456e-07, "\u062c\u0632": 1.6861177384612824e-07, "\u0641\u0636\u0627": 1.6861177384612824e-07, "\u06a9\u0631\u06c1": 3.1614707596149046e-08, "\u0641\u0644\u0633\u0641\u06c1": 6.322941519229809e-08, "\u0635\u0641\u062d\u06c1": 3.1614707596149046e-08, "\u0627\u0631\u062a\u0642\u0627": 6.322941519229809e-08, "\u062c\u0644\u0633\u06c1": 6.322941519229809e-08, "\u0622\u0628\u0627": 1.1592059451921316e-07, "\u0627\u0633\u062a\u062b\u0646\u0627": 4.215294346153206e-08, "\u0628\u0627": 4.215294346153206e-08, "\u0627\u0644\u0634\u0639\u0631\u0627": 3.1614707596149046e-08, "\u0627\u0644\u0639\u0644\u0645\u0627": 4.215294346153206e-08, "\u0639\u0644\u0645\u0627": 6.744470953845129e-07, "\u0622\u0631\u0627": 4.906239313597495e-07, "\u062f\u06cc\u062f\u06c1": 3.1614707596149046e-08, "\u0648\u0631\u062b\u0627": 1.2645883038459618e-07, "\u0634\u0627": 4.215294346153206e-08, "\u0627\u0646\u0634\u0627": 8.114441616344922e-07, "\u0627\u0645\u0631\u0627": 1.369970662499792e-07, "\u0621": 3.1614707596149046e-08, "\u0634\u06c1\u062f\u0627": 1.8968824557689427e-07, "\u06a9\u06cc\u0645\u06cc\u0627": 4.215294346153206e-08, "\u0645\u0627\u0648\u0631\u0627": 3.1614707596149046e-08, "\u06c1\u0627": 3.1614707596149046e-08, "\u0634\u0639\u0631\u0627": 2.2130295317304332e-07, "\u0622\u0626\u06cc\u0646\u06c1": 3.1614707596149046e-08, "\u0642\u0636\u0627": 3.1614707596149046e-08, "\u062d\u0631\u0627": 4.215294346153206e-08, "\u0627\u0633\u0645\u0627": 3.1614707596149046e-08, "\u0646\u0627\u0628\u063a\u06c1": 3.1614707596149046e-08, "\u0627\u0642\u0631\u0628\u0627": 5.269117932691508e-08, "\u0648\u0644\u0648\u0644\u06c1": 5.269117932691508e-08, "\u0627\u0648\u0644\u06cc\u0627": 6.322941519229809e-08, "\u067e\u06cc\u0631\u0627\u06cc\u06c1": 1.2645883038459618e-07, "\u0645\u0627\u0634\u0627": 1.7915000971151127e-07, "\u0639\u0644\u0627": 5.269117932691508e-08, "\u0646\u0648\u0634\u062a\u06c1": 3.1614707596149046e-08, "\u062c\u0631\u06cc\u062f\u06c1": 3.1614707596149046e-08, "\u0633\u0644\u0637\u0627\u0646\u06cc": 4.215294346153206e-08, "\u0642\u0631\u06cc\u06c1": 3.1614707596149046e-08, "\u0645\u0646\u0635\u06c1": 3.1614707596149046e-08, "\u0627\u0646\u0628\u06cc\u0627": 2.739941324999584e-07, "\u0641\u0642\u06c1\u0627": 7.376765105768111e-08, "\u0627\u0633\u062a\u0646\u062c\u0627": 4.215294346153206e-08, "\u0627\u062d\u06cc\u0627": 5.269117932691508e-08, "\u06f1\u06f8\u06f5\u06f8": 2.1076471730766031e-07, "\u06f1\u06f8\u06f5\u06f9": 1.7915000971151127e-07, "\u06f1\u06f8\u06f5\u06f7": 1.4753530211536222e-07, "\u06f1\u06f8\u06f6\u06f0": 1.0538235865383016e-07, "\u06f1\u06f8\u06f6\u06f5": 8.430588692306412e-08, "\u062c\u0622": 1.0538235865383016e-07, "\u06f1\u06f9\u06f8\u06f9": 4.215294346153206e-08, "\u06f2\u06f0\u06f0\u06f9": 6.322941519229809e-08, "\u06f2\u06f0\u06f0\u06f8": 6.322941519229809e-08, "\u062a\u06cc\u0634\u06c1": 4.215294346153206e-08, "\u0627\u0644\u0633\u0645\u0622": 6.322941519229809e-08, "\u06f1\u06f8\u06f6\u06f6": 5.269117932691508e-08, "\u06f2\u06f0\u06f0\u06f5": 5.269117932691508e-08, "\u06f1\u06f8\u06f6\u06f7": 4.215294346153206e-08, "\u06f9\u06f1\u06f1": 4.215294346153206e-08, "\u0627\u0633\u062a\u0633\u0642\u0627": 4.215294346153206e-08, "\u06f1\u06f8\u06f6\u06f3": 4.215294346153206e-08, "\u06f2\u06f0\u06f0\u06f2": 4.215294346153206e-08, "\u0646\u0633\u0627": 4.215294346153206e-08, "\u0627\u0641\u0636\u0627": 3.1614707596149046e-08, "\u06f1\u06f9\u06f3\u06f1": 4.215294346153206e-08, "\u06f2\u06f4\u06f1": 3.1614707596149046e-08, "\u06f7\u06f1\u06f1": 3.1614707596149046e-08, "\u06f1\u06f8\u06f0\u06f0": 3.1614707596149046e-08, "\u0634\u0622": 6.322941519229809e-08, "\u06f1\u06f8\u06f5\u06f6": 3.1614707596149046e-08, "\u06f1\u06f8\u06f5\u06f3": 3.1614707596149046e-08, "\u06f1\u06f8\u06f6\u06f8": 3.1614707596149046e-08, "\u06f1\u06f8\u06f6\u06f1": 3.1614707596149046e-08, "\u06f2\u06f0\u06f0\u06f3": 3.1614707596149046e-08, "\u06f2\u06f0\u06f1\u06f0": 3.1614707596149046e-08, "\u0631\u062e\u0622": 3.1614707596149046e-08, "\u06f5\u06f7\u06f1": 3.1614707596149046e-08, "\u06f3\u06f8\u06f1": 3.1614707596149046e-08, "\u06f1\u06f9\u06f7\u06f9": 3.1614707596149046e-08, "\u06cc\u0634\u0622": 3.1614707596149046e-08, "\u06f1\u06f9\u06f9\u06f7": 3.1614707596149046e-08}, "\u0621\u067e\u0631": {"\u0628\u0646\u0627": 3.1614707596149046e-08}, "\u0621\u067e\u0627\u06a9\u0633\u062a\u0627\u0646": {"\u0646\u0638\u0631\u06cc\u06c1": 3.1614707596149046e-08}, "\u0621\u0627\u0644\u062d\u0642": {"\u0636\u06cc\u0627": 7.376765105768111e-08}, "\u0621\u0627\u0644\u0644\u06c1": {"\u0634\u0627": 7.376765105768111e-08, "\u0627\u0646\u0634\u0627": 3.1614707596149046e-08}}