{"\u0623\u06c1\u0644": {"\u0645\u06cc\u06ba": 3.1614707596149046e-08, "\u0648": 4.215294346153206e-08, "\u0645\u0646": 5.269117932691508e-08, "\u0645\u0627": 9.484412278844714e-08, "\u0644": 3.1614707596149046e-08, "\u0625\u0646": 3.1614707596149046e-08, "\u0648\u0645\u0627": 2.4237942490380936e-07, "\u06cc\u0627\u06c1": 5.269117932691508e-08, "\u0632\u0627\u0644": 3.1614707596149046e-08}, "\u0623\u0646": {"\u063a\u06cc\u0631": 4.215294346153206e-08, "\u0648": 1.1592059451921316e-07, "\u0642\u0628\u0644": 1.0538235865383016e-07, "\u0639\u0644\u06cc": 6.322941519229809e-08, "\u0627\u0644\u0644\u06c1": 3.1614707596149046e-08, "\u0644\u0627": 1.5807353798074523e-07, "\u0645\u0646": 3.1614707596149046e-08, "\u06a9": 3.1614707596149046e-08, "\u0645\u0627": 3.1614707596149046e-08, "\u0631\u0648\u0627": 3.1614707596149046e-08, "\u0628": 4.215294346153206e-08, "\u0627\u0644\u0644\u0647": 3.1614707596149046e-08, "\u0633\u0644\u0645": 9.484412278844714e-08, "\u0639\u0646\u06c1": 3.1614707596149046e-08, "\u0634\u0627\u0621": 4.215294346153206e-08, "\u0644\u06c1": 3.1614707596149046e-08, "\u06cc\u062f": 4.215294346153206e-08, "\u0627\u0644\u0633\u0646\u06c3": 4.215294346153206e-08, "\u0623\u0634\u06c1\u062f": 6.428323877883639e-07, "\u0625\u0644\u0627": 1.4753530211536222e-07, "\u0648\u0623\u0634\u06c1\u062f": 2.5291766076919237e-07, "\u0625\u0644\u06cc": 3.1614707596149046e-08, "\u0627\u0644\u062f\u0631\u062f\u0627\u0621": 3.1614707596149046e-08, "\u0641\u0644\u06c1": 3.1614707596149046e-08, "\u062d\u062f\u062b": 3.1614707596149046e-08, "\u0639\u0644\u0649": 3.1614707596149046e-08, "\u06cc\u062c\u0648\u0632": 3.1614707596149046e-08, "\u064a\u0647\u0627": 4.215294346153206e-08, "\u064a\u062f": 3.1614707596149046e-08, "\u0643\u0645": 4.215294346153206e-08, "\u0623\u0631\u0627\u062f": 6.322941519229809e-08, "\u0648\u0623\u0634\u0647\u062f": 9.484412278844714e-08, "\u06a9\u0641\u0631\u0648\u0627": 3.1614707596149046e-08, "\u0623\u0634\u0647\u062f": 5.269117932691508e-08, "\u062f\u0639\u0648\u0627\u0646\u0627": 3.1614707596149046e-08, "\u0623\u062d\u0628": 3.1614707596149046e-08, "\u0648\u0627\u0639\u0644\u0645\u0648\u0627": 4.215294346153206e-08, "\u062a\u0634\u0647\u062f\u0648\u0646": 3.1614707596149046e-08, "\u06cc\u0646\u0628\u063a\u064a": 3.1614707596149046e-08, "\u0645\u0645\u0643\u0646\u0627": 3.1614707596149046e-08, "\u064a\u0646\u0628\u063a\u064a": 3.1614707596149046e-08, "\u0628\u0644\u063a\u0646\u064a": 3.1614707596149046e-08, "\u0637\u0648\u0644\u0627": 3.1614707596149046e-08}, "\u0623\u0648": {"\u0630\u06a9\u0631": 3.1614707596149046e-08, "\u0646": 2.8453236836534144e-07, "\u0645": 3.1614707596149046e-08, "\u06c1\u0627": 5.269117932691508e-08, "\u0633\u0644\u0645": 3.1614707596149046e-08, "\u06c1\u0646": 9.484412278844714e-08, "\u0647\u0627": 1.2645883038459618e-07, "\u0633\u0646\u06c3": 3.1614707596149046e-08, "\u06cc\u0646\u0627": 3.1614707596149046e-08, "\u0623\u062e": 6.322941519229809e-08, "\u06cc\u0636\u0627": 5.269117932691508e-08, "\u062f\u0629": 3.1614707596149046e-08, "\u06a9\u062a\u0627\u0628\u0627": 3.1614707596149046e-08, "\u0643\u0644\u0627\u0644\u0629": 3.1614707596149046e-08, "\u064a\u0636\u0627": 3.1614707596149046e-08}, "\u0623\u0645\u0627": {"\u0648": 2.8453236836534144e-07, "\u0642\u0627\u0644": 3.1614707596149046e-08}, "\u0623\u062d\u0645\u062f": {"\u0648": 2.5291766076919237e-07, "\u0628\u0646": 4.215294346153206e-08, "\u0645\u0633\u0646\u062f": 5.269117932691508e-08, "\u0642\u0627\u0644": 3.1614707596149046e-08, "\u062d\u062f\u062b\u0646\u0627": 3.1614707596149046e-08}, "\u0623\u0635\u062d\u0627\u0628\u06c1": {"\u0648": 1.5807353798074523e-07}, "\u0623\u0628\u0648": {"\u0648": 1.369970662499792e-07, "\u0642\u0627\u0644": 1.8968824557689427e-07, "\u064a": 4.215294346153206e-08, "\u062d\u062f\u062b\u0646\u0627": 4.3206767048070363e-07, "\u062d\u062f\u062b\u0646\u064a": 6.322941519229809e-08, "\u0623\u062e\u0628\u0631\u0646\u0627": 1.4753530211536222e-07}, "\u0623\u0646\u0627": {"\u0648": 1.6861177384612824e-07, "\u0645\u0627": 6.322941519229809e-08, "\u0634\u06cc\u0626": 6.322941519229809e-08, "\u0625\u0646\u0645\u0627": 7.376765105768111e-08}, "\u0623\u0635\u062d\u0627\u0628\u064a": {"\u0648": 7.376765105768111e-08}, "\u0623\u0631\u0648\u0627\u062d": {"\u0648": 6.322941519229809e-08}, "\u0623\u062e\u0630": {"\u0648": 4.215294346153206e-08}, "\u0623\u062c\u0631": {"\u0648": 4.215294346153206e-08}, "\u0623\u06a9\u0631\u0645": {"\u0648": 4.215294346153206e-08}, "\u0623\u0634\u062f": {"\u0648": 3.1614707596149046e-08, "\u06a9\u0627\u0646\u0648\u0627": 3.1614707596149046e-08}, "\u0623\u0642\u0631\u06c1": {"\u0648": 3.1614707596149046e-08}, "\u0623\u06a9\u0645\u0644": {"\u0648": 3.1614707596149046e-08}, "\u0623\u0645": {"\u0648": 3.1614707596149046e-08, "\u0641\u0644": 4.215294346153206e-08, "\u0646": 6.322941519229809e-08, "\u062b\u0645": 3.1614707596149046e-08, "\u0648\u0642\u062f": 3.1614707596149046e-08}, "\u0623\u0628\u064a": {"\u0628\u0646": 4.109911987499376e-07, "\u0639\u0646": 5.585265008652998e-07, "\u0627\u0628\u0646": 1.369970662499792e-07, "\u062d\u062f\u062b\u0646\u064a": 1.6861177384612824e-07, "\u0623\u062e\u064a": 4.215294346153206e-08, "\u0645\u0648\u0644\u0649": 4.215294346153206e-08}, "\u0623\u0628\u06cc": {"\u0628\u0646": 1.369970662499792e-07, "\u0639\u0646": 6.322941519229809e-08, "\u0627\u0628\u0646": 1.369970662499792e-07}, "\u0623\u0631\u0642\u0645": {"\u0628\u0646": 1.1592059451921316e-07}, "\u0623\u0628": {"\u0628\u0646": 8.430588692306412e-08, "\u0639\u0646": 8.430588692306413e-07, "\u0627\u0628\u0646": 9.484412278844714e-08}, "\u0623\u0646\u0633": {"\u0628\u0646": 4.215294346153206e-08, "\u0639\u0646": 1.0538235865383016e-07}, "\u0623\u06cc\u06c1\u0627": {"\u06cc\u0627": 3.2668531182687346e-07, "\u0639\u0644\u06cc\u06a9": 2.0022648144227728e-07}, "\u0623\u0628\u0627": {"\u06cc\u0627": 6.322941519229809e-08, "\u0623\u0646": 5.269117932691508e-08, "\u064a\u0627": 1.0538235865383016e-07}, "\u0623\u06cc\u0647\u0627": {"\u06cc\u0627": 6.322941519229809e-08}, "\u0623\u06cc\u06be\u0627": {"\u06cc\u0627": 3.1614707596149046e-08}, "\u0623\u0645\u0631": {"\u0641\u0631\u0642": 3.1614707596149046e-08, "\u0646": 7.376765105768111e-08, "\u0648\u0641\u0648\u0636\u062a": 3.1614707596149046e-08, "\u0645\u0648\u0627\u0641\u0642\u06c3": 3.1614707596149046e-08}, "\u0623\u062e\u0631\u0649": {"\u062d\u0627\u0644\u0627\u062a": 3.1614707596149046e-08}, "\u0623\u0646\u0632\u0644\u0646\u0627": {"\u0646\u0627": 3.1614707596149046e-08}, "\u0623\u0645\u062a\u06c1": {"\u0639\u0644\u06cc": 3.1614707596149046e-08}, "\u0623\u06a9\u0628\u0631": {"\u0627\u0644\u0644\u06c1": 8.641353409614073e-07, "\u0627\u0644\u0644\u0647": 1.7915000971151127e-07, "\u0648\u0627\u0644\u0644\u06c1": 1.4753530211536222e-07, "\u0648\u0627\u0644\u0644\u0647": 7.376765105768111e-08}, "\u0623\u062d\u062f": {"\u0627\u0644\u0644\u06c1": 2.3184118903842633e-07, "\u0645\u0646": 4.215294346153206e-08, "\u0627\u0644\u0644\u0647": 6.322941519229809e-08, "\u0634\u06c1\u0627\u062f\u06c3": 4.215294346153206e-08}, "\u0623\u0634\u06c1\u062f": {"\u0627\u0644\u0644\u06c1": 1.0538235865383016e-07, "\u0645\u0631\u062a\u0628\u06c1": 3.1614707596149046e-08, "\u06cc\u0646": 1.7915000971151127e-07}, "\u0623\u0646\u062a": {"\u0644\u0627": 4.3206767048070363e-07, "\u0646\u06a9": 1.5807353798074523e-07, "\u0627\u0644\u0627": 4.215294346153206e-08, "\u0627\u0644\u062d\u0645\u062f": 1.4753530211536222e-07, "\u0627\u0644\u0644\u06c1\u0645": 1.1592059451921316e-07, "\u0648\u0645\u0627": 3.1614707596149046e-08, "\u0623\u0646\u06a9": 4.215294346153206e-08}, "\u0623\u062d\u0635": {"\u0644\u0627": 6.322941519229809e-08, "\u0630\u0627": 8.430588692306412e-08}, "\u0623\u0645\u0627\u0646": {"\u0641\u06cc": 3.1614707596149046e-08}, "\u0623\u06a9\u06d2": {"\u06a9\u06c1\u0627\u06ba": 3.1614707596149046e-08}, "\u0623\u0636\u0627\u0621\u062a": {"\u0646\u0648\u0631": 4.215294346153206e-08}, "\u0623\u0647\u0644": {"\u0645\u0646": 1.2645883038459618e-07, "\u0646": 4.215294346153206e-08,