{"\u0625\u0642\u0648\u0627\u0621": {"\u0645\u06cc\u06ba": 1.0538235865383016e-07}, "\u0625\u0630": {"\u0628\u0639\u062f": 5.269117932691508e-08, "\u06cc\u0646": 3.1614707596149046e-08}, "\u0625": {"\u0628\u0639\u062f": 3.1614707596149046e-08, "\u06c1\u06d2": 3.1614707596149046e-08, "\u062a\u0631": 6.322941519229809e-08, "\u0648": 2.4237942490380936e-07, "\u0646\u0627": 1.5807353798074523e-07, "\u0639\u0644\u06cc": 1.369970662499792e-07, "\u0627\u0644\u0644\u06c1": 1.6861177384612824e-07, "\u0644\u0627": 2.7820942684611162e-06, "\u06a9\u0627\u0646": 8.430588692306412e-08, "\u0644\u0628\u06cc\u06a9": 4.215294346153206e-08, "\u0622\u0644\u06c1": 5.269117932691508e-08, "\u0646": 1.0538235865383016e-07, "\u06a9": 8.430588692306412e-08, "\u0633\u0644\u0641": 4.215294346153206e-08, "\u0645": 5.269117932691508e-08, "\u06cc\u0646": 7.376765105768111e-08, "\u06cc": 6.428323877883639e-07, "\u0646\u06a9": 3.1614707596149046e-08, "\u0628": 5.269117932691507e-07, "\u0648\u0644\u0627": 2.6345589663457537e-07, "\u06c1\u0627": 3.1614707596149046e-08, "\u0627\u0644\u0644\u0647": 7.376765105768111e-08, "\u06cc\u0645": 2.1076471730766031e-07, "\u0644": 1.4753530211536222e-07, "\u0642\u0627\u0644": 1.369970662499792e-07, "\u0644\u06c1": 1.939035399230475e-06, "\u0627\u0644\u0646\u0627\u0633": 3.1614707596149046e-08, "\u0646\u0641\u0633\u0627": 4.215294346153206e-08, "\u0642\u0648\u06c3": 3.7937649115378855e-07, "\u0644\u0647": 7.482147464421941e-07, "\u0627\u0644\u0644\u06c1\u0645": 7.060618029806621e-07, "\u0631\u062c\u0644": 3.1614707596149046e-08, "\u064a": 2.4237942490380936e-07, "\u064a\u0646": 6.322941519229809e-08, "\u0627\u0644\u0644\u0647\u0645": 2.5291766076919237e-07, "\u0643": 3.1614707596149046e-08, "\u062a\u062f\u0639\u0648\u0646": 3.1614707596149046e-08, "\u062e\u0631\u062c": 3.1614707596149046e-08, "\u0623\u0648": 4.215294346153206e-08, "\u0622\u0645\u0646\u0648\u0627": 3.1614707596149046e-08, "\u0627\u0644\u0630\u0646\u0648\u0628": 6.322941519229809e-08, "\u0639\u0644\u064a\u0643\u0645": 3.1614707596149046e-08, "\u062a\u0631\u0643": 7.376765105768111e-08, "\u0646\u0639\u0628\u062f": 7.376765105768111e-08, "\u064a\u0645": 7.376765105768111e-08, "\u0648\u0623\u062a\u0648\u0628": 7.376765105768111e-08, "\u0643\u0645": 6.322941519229809e-08, "\u062a\u0631\u0643\u062a\u0645": 6.322941519229809e-08, "\u0627\u0633\u062a\u0648\u06cc": 3.1614707596149046e-08, "\u064a\u0646\u062a\u0647\u0646": 6.322941519229809e-08, "\u0642\u0645\u062a\u0645": 5.269117932691508e-08, "\u0648\u0623\u0631\u062c\u0644\u0643\u0645": 5.269117932691508e-08, "\u064a\u0643\u0645": 5.269117932691508e-08, "\u0649": 4.215294346153206e-08, "\u0642\u0627\u0644\u0648\u0627": 6.322941519229809e-08, "\u062d\u062a\u0649": 3.1614707596149046e-08, "\u0641\u0627\u0633\u0639\u0648\u0627": 3.1614707596149046e-08, "\u0630\u0646\u0627": 3.1614707596149046e-08, "\u0648\u0622\u062a\u06cc\u062a\u0645": 3.1614707596149046e-08, "\u06cc\u0646\u062a\u06c1\u0646": 3.1614707596149046e-08, "\u0623\u0632\u0648\u0627\u062c\u0643\u0645": 3.1614707596149046e-08, "\u0627\u0644\u0639\u0645\u0631\u06c3": 3.1614707596149046e-08, "\u062a\u0639\u0627\u0631\u0641\u0648\u0627": 3.1614707596149046e-08, "\u0623\u0648\u062d\u064a\u0646\u0627": 3.1614707596149046e-08}, "\u0625\u0646": {"\u0648": 1.0854382941344506e-06, "\u06cc": 2.2130295317304332e-07, "\u0641": 4.109911987499376e-07, "\u0627\u0644\u0644\u0647": 4.215294346153206e-08, "\u0627\u0644\u0644\u06be\u0645": 1.1275912375959826e-06, "\u0627\u0644\u0644\u06c1\u0645": 5.269117932691508e-08, "\u0633\u0628\u062d\u0627\u0646\u06a9": 4.215294346153206e-08}, "\u0625\u0644\u06cc\u06a9": {"\u0648": 1.8968824557689427e-07, "\u06a9": 6.322941519229809e-08, "\u0628\u0627": 3.1614707596149046e-08, "\u06cc\u0646": 4.215294346153206e-08, "\u06cc": 2.8453236836534144e-07, "\u0628": 4.215294346153206e-08, "\u0641": 3.1614707596149046e-08, "\u0627\u0644\u0644\u06be\u0645": 8.430588692306412e-08, "\u0648\u0672\u062a\u0648\u0633\u0644": 8.430588692306412e-08, "\u0672\u062a\u0642\u0631\u0628": 5.269117932691508e-08, "\u0672\u062a\u0648\u062c\u06c1": 3.1614707596149046e-08, "\u0648\u0623\u0646\u0632\u0644\u0646\u0627": 3.1614707596149046e-08}, "\u0625\u0644\u06cc": {"\u0648": 2.3184118903842633e-07, "\u06a9": 1.5807353798074523e-07, "\u06cc\u0646": 9.484412278844714e-08, "\u0628\u06c1": 5.269117932691508e-08, "\u06cc": 4.2152943461532063e-07, "\u062b\u0645": 5.269117932691508e-08, "\u0672\u0628\u0631\u0672": 5.269117932691508e-08, "\u0672\u062a\u0642\u0631\u0628": 3.1614707596149046e-08, "\u0627\u0644\u0641\u0642\u06cc\u0631": 4.215294346153206e-08, "\u06cc\u0648\u062d\u06cc": 3.1614707596149046e-08, "\u06cc\u0631\u062c\u0639": 4.215294346153206e-08, "\u0672\u0646\u0627": 3.1614707596149046e-08, "\u0623\u062d\u0628": 3.1614707596149046e-08, "\u0627\u0644\u0648\u0633\u06cc\u0644\u06c3": 4.215294346153206e-08, "\u0648\u0672\u0628\u0631\u0672": 3.1614707596149046e-08, "\u0648\u0672\u062a\u0642\u0631\u0628": 3.1614707596149046e-08, "\u0641\u0623\u0631\u0633\u0644\u062a": 3.1614707596149046e-08, "\u0627\u0644\u0633\u0644\u0641": 3.1614707596149046e-08, "\u0648\u0627\u0646\u0638\u0631": 3.1614707596149046e-08, "\u0642\u0627\u0645": 3.1614707596149046e-08, "\u0648\u062f\u0639\u0648\u062a": 3.1614707596149046e-08}, "\u0625\u0630\u0627": {"\u0648": 2.4237942490380936e-07, "\u0627\u0644\u0644\u06c1": 4.215294346153206e-08, "\u0628\u0627\u0628": 4.215294346153206e-08, "\u06cc": 7.376765105768111e-08, "\u0641": 8.430588692306412e-08, "\u0642\u0627\u0644": 3.1614707596149046e-08, "\u0622\u0645\u0646\u0648\u0627": 3.1614707596149046e-08, "\u0627\u0644\u0645\u0624\u0645\u0646": 1.0538235865383016e-07}, "\u0625\u0646\u0645\u0627": {"\u0648": 1.1592059451921316e-07}, "\u0625\u0644\u06cc\u06c1": {"\u0648": 1.369970662499792e-07, "\u0645\u0646": 4.215294346153206e-08, "\u06cc": 4.215294346153206e-08, "\u0625\u0646\u0627": 4.215294346153206e-08, "\u0623\u062d\u0628": 3.1614707596149046e-08, "\u0648\u0672\u062a\u0648\u0628": 3.1614707596149046e-08}, "\u0625\u0645\u062f\u0627\u062f\u06c1": {"\u0648": 6.322941519229809e-08}, "\u0625\u06cc\u0627\u06a9": {"\u0648": 5.269117932691508e-08, "\u06cc": 7.376765105768111e-08}, "\u0625\u062d\u0633\u0627\u0646\u0627": {"\u0648": 5.269117932691508e-08}, "\u0625\u0646\u06cc": {"\u0648": 5.269117932691508e-08}, "\u0625\u06cc\u0627\u06a9\u0645": {"\u0648": 5.269117932691508e-08}, "\u0625\u0646\u0627": {"\u0648": 5.269117932691508e-08, "\u0641": 5.269117932691508e-08, "\u0627\u0644\u0644\u06be\u0645": 4.215294346153206e-08}, "\u0625\u0637\u0639\u0627\u0645": {"\u0648": 4.215294346153206e-08}, "\u0625\u0638\u06c1\u0627\u0631": {"\u0648": 4.215294346153206e-08}, "\u0625\u0633\u062d\u0627\u0642": {"\u0648": 4.215294346153206e-08, "\u0628\u0646": 1.0538235865383016e-07, "\u0623\u0628\u064a": 3.1614707596149046e-08}, "\u0625\u062e\u0648\u0627\u0646": {"\u0648": 4.215294346153206e-08}, "\u0625\u0633\u0645\u0627\u0639": {"\u0648": 4.215294346153206e-08}, "\u0625\u0628\u0631\u0627\u06be": {"\u0648": 3.1614707596149046e-08, "\u0639\u0644\u06cc": 6.322941519229809e-08, "\u062b": 5.269117932691508e-08}, "\u0625\u0644\u0627": {"\u0648": 3.1614707596149046e-08, "\u06a9": 7.376765105768111e-08, "\u06cc": 6.322941519229809e-08, "\u06cc\u0645": 4.215294346153206e-08, "\u0625\u0644\u06c1": 1.7388089177881974e-06, "\u0642\u0648\u06c3": 3.0560884009610745e-07, "\u0627\u0644\u062f\u0646\u06cc\u0627": 3.1614707596149046e-08, "\u0627\u0644\u0646\u0627\u0631": 1.6861177384612824e-07, "\u0642\u0648\u0629": 3.1614707596149046e-08, "\u0623\u0631\u0627\u0647": 3.1614707596149046e-08, "\u06cc\u0646\u06a9\u0631\u06c1\u0627": 3.1614707596149046e-08, "\u0646\u062a\u0645": 3.1614707596149046e-08}, "\u0625\u062d\u0633\u0627\u0646": {"\u0648": 3.1614707596149046e-08}, "\u0625\u0645\u0627\u0645": {"\u0648": 3.1614707596149046e-08, "\u06cc\u0627": 4.215294346153206e-08, "\u06cc": 5.269117932691508e-08}, "\u0625\u0644\u06cc\u06a9\u0645": {"\u0648": 3.1614707596149046e-08},