{"\u0647\u0648\u0627\u067e\u06cc\u0645\u0627\u0647\u0627\u06cc": {"\u0645\u06cc\u06ba": 4.906239313597495e-07}, "\u0647": {"\u06a9\u0631": 4.215294346153206e-08, "\u062e\u0648\u0646": 6.322941519229809e-08, "\u0635\u062f\u0648\u0631": 3.1614707596149046e-08, "\u0622\u062b\u0627\u0631": 3.1614707596149046e-08, "\u0642\u0648\u0645": 6.322941519229809e-08, "\u0641\u0636\u0644": 5.269117932691508e-08, "\u062d\u0645\u062f": 8.430588692306412e-08, "\u062d\u0628": 3.1614707596149046e-08, "\u0645\u0627\u062a": 3.1614707596149046e-08, "\u062f\u062a": 4.215294346153206e-08, "\u0631\u0628": 2.4237942490380936e-07, "\u0642\u0644\u0628": 3.1614707596149046e-08, "\u0631\u062d\u0645\u062a": 4.215294346153206e-08, "\u0628\u0627\u062f": 3.1614707596149046e-08, "\u0628": 1.464814785288239e-06, "\u0646\u0641\u0633": 8.430588692306412e-08, "\u062f\u0648\u0646": 3.1614707596149046e-08, "\u0631\u0633\u0648\u0644": 4.215294346153206e-08, "\u0639\u0645": 3.1614707596149046e-08, "\u0627\u0628\u0635\u0627\u0631": 3.1614707596149046e-08, "\u0642\u0644\u0648\u0628": 6.322941519229809e-08, "\u064a": 3.1614707596149046e-08, "\u0627\u0646\u0641\u0633": 9.484412278844714e-08, "\u0630\u0646": 4.215294346153206e-08, "\u0632\u0642": 6.322941519229809e-08, "\u0647\u0630": 1.1592059451921316e-07, "\u063a\u064a\u0631": 3.1614707596149046e-08, "\u062e\u0645\u0631": 5.269117932691508e-08, "\u0623\u0645\u0648\u0627\u0644": 7.376765105768111e-08, "\u0648\u0631\u0633\u0648\u0644": 5.269117932691508e-08, "\u0622\u064a\u0627\u062a": 5.269117932691508e-08, "\u0648\u062c\u0647": 6.322941519229809e-08, "\u0628\u0639\u0648\u0644\u062a": 6.322941519229809e-08, "\u0623\u0646\u0641\u0633": 1.1592059451921316e-07, "\u0623\u0645": 5.269117932691508e-08, "\u064a\u062a": 6.322941519229809e-08, "\u0623\u0647\u0644": 9.484412278844714e-08, "\u0623\u0632\u0648\u0627\u062c": 5.269117932691508e-08, "\u064a\u063a\u0646": 4.215294346153206e-08, "\u0641\u0644\u0623\u0645": 4.215294346153206e-08, "\u0648\u0623\u0643\u0644": 3.1614707596149046e-08, "\u0623\u0628\u0646\u0622\u0626": 3.1614707596149046e-08, "\u062c\u064a\u0648\u0628": 3.1614707596149046e-08, "\u0623\u0628\u0635\u0631": 3.1614707596149046e-08, "\u064a\u0639\u0635": 3.1614707596149046e-08, "\u0626\u0627\u062a": 3.1614707596149046e-08, "\u0648\u0623\u0632\u0648\u0627\u062c": 3.1614707596149046e-08, "\u064a\u0628": 3.1614707596149046e-08, "\u0633\u0622\u0626": 3.1614707596149046e-08, "\u0648\u0627\u064a\u0645\u0627\u0646": 3.1614707596149046e-08, "\u0621\u0627\u0628\u0622\u0626": 3.1614707596149046e-08, "\u0623\u062e\u0648\u062a": 3.1614707596149046e-08}, "\u0647\u0631": {"\u062a\u0648": 1.4753530211536222e-07, "\u0648": 1.2645883038459618e-07, "\u06a9\u0627\u0631": 3.1614707596149046e-08, "\u0627\u0632": 7.376765105768111e-08, "\u062f\u0644": 3.1614707596149046e-08, "\u0631\u0627": 3.1614707596149046e-08, "\u062f\u0631": 5.269117932691508e-08, "\u0645\u0646": 4.215294346153206e-08, "\u0632": 5.269117932691508e-08, "\u06a9\u0647": 1.1592059451921316e-07, "\u0628\u0647": 1.5807353798074523e-07, "\u0646\u0647": 4.215294346153206e-08}, "\u0647\u0633\u062a": {"\u062a\u0648": 4.215294346153206e-08, "\u06a9\u0647": 3.1614707596149046e-08}, "\u0647\u0644": {"\u0627\u0648\u0631": 3.1614707596149046e-08}, "\u0647\u0645\u06af\u0627\u0646": {"\u0627\u062e\u062a\u06cc\u0627\u0631": 3.1614707596149046e-08}, "\u0647\u0648": {"\u0648": 1.5807353798074523e-07, "\u0644\u0627": 1.1592059451921316e-07, "\u0642\u0644": 1.0538235865383016e-07, "\u0643": 4.215294346153206e-08}, "\u0647\u0645": {"\u0648": 5.269117932691508e-08, "\u0628\u0644": 3.1614707596149046e-08, "\u0648\u0644\u0627": 3.1614707596149046e-08, "\u06a9\u0647": 4.215294346153206e-08, "\u0628\u0647": 8.430588692306412e-08, "\u064a\u0646": 3.1614707596149046e-08, "\u0643": 2.1076471730766031e-07, "\u0623\u0647\u0648\u0627\u0621": 4.215294346153206e-08, "\u0646\u064a\u0632": 3.1614707596149046e-08}, "\u0647\u0627\u0634\u0645": {"\u0628\u0646\u06cc": 4.215294346153206e-08}, "\u0647\u0627": {"\u0622\u0646": 3.1614707596149046e-08, "\u062a\u062d\u062a": 2.3184118903842633e-07, "\u0628": 4.3206767048070363e-07}, "\u0647\u0645\u0647": {"\u0627\u0632": 8.430588692306412e-08, "\u0631\u0627": 4.215294346153206e-08, "\u062f\u0631": 4.215294346153206e-08, "\u062d\u0627\u0641\u0638": 3.1614707596149046e-08, "\u0645\u0627": 3.1614707596149046e-08, "\u0628\u0627": 4.215294346153206e-08, "\u0628\u0647": 3.1614707596149046e-08, "\u0627\u064a\u0646": 1.8968824557689427e-07}, "\u0647\u062c\u0631\u0627\u0646": {"\u0634\u0628": 7.376765105768111e-08}, "\u0647\u0648\u0627\u06cc": {"\u062f\u0631": 5.269117932691508e-08, "\u0628\u0647": 3.1614707596149046e-08}, "\u0647\u0630\u0647": {"\u0645\u0646": 3.1614707596149046e-08}, "\u0647\u0630\u0627": {"\u0646": 3.1614707596149046e-08, "\u0639\u0644\u0649": 8.430588692306412e-08, "\u0641\u0625\u0646": 3.1614707596149046e-08, "\u0639\u064a\u0633\u0649": 4.215294346153206e-08, "\u064a\u062a\u0645": 3.1614707596149046e-08, "\u0628\u063a\u064a\u0631": 3.1614707596149046e-08, "\u0648\u0645\u0639\u0646\u0649": 3.1614707596149046e-08}, "\u0647\u0646\u062f\u06cc": {"\u0627\u0644\u062f\u06cc\u0646": 2.739941324999584e-07}, "\u0647\u0627\u062f": {"\u0641\u0644\u0627": 3.1614707596149046e-08}, "\u0647\u064a\u0686": {"\u0645\u0627": 3.1614707596149046e-08, "\u06a9\u0647": 6.322941519229809e-08, "\u0628\u0647": 6.322941519229809e-08}, "\u0647\u0645\u06a9\u0627\u0631\u06cc": {"\u0645\u0627": 3.1614707596149046e-08}, "\u0647\u0631\u064a\u0631\u0629": {"\u06cc": 1.6861177384612824e-07, "\u0623\u0628\u064a": 1.369970662499792e-07, "\u0623\u0628\u0627": 4.215294346153206e-08}, "\u0647\u0632\u0627\u0631": {"\u0635\u062f": 7.376765105768111e-08}, "\u0647\u0627\u0645\u0629": {"\u0648\u0644\u0627": 3.1614707596149046e-08}, "\u0647\u0634\u0627\u0645": {"\u0639\u0646": 4.215294346153206e-08, "\u0623\u062e\u0628\u0631\u0646\u0627": 3.1614707596149046e-08}, "\u0647\u0645\u0627": {"\u0642\u0627\u0644": 4.215294346153206e-08}, "\u0647\u0631\u06cc\u0631\u0629": {"\u0627\u0628\u06cc": 7.376765105768111e-08, "\u0623\u0628\u06cc": 3.1614707596149046e-08}, "\u0647\u0627\u062f\u0648\u0627": {"\u064a\u0646": 4.215294346153206e-08}, "\u0647\u0627\u0631\u0648\u0646": {"\u062d\u062f\u062b\u0646\u0627": 3.1614707596149046e-08, "\u0628\u0645\u0646\u0632\u0644\u0629": 4.215294346153206e-08}, "\u0647\u0646\u0627": {"\u0647\u0627": 3.1614707596149046e-08}, "\u0647\u062f\u0649": {"\u064a\u0647\u0627": 3.1614707596149046e-08}, "\u0647\u0627\u062c\u0631": {"\u0648\u0623\u0646": 4.215294346153206e-08}, "\u0647\u0629": {"\u0641\u0627\u0643": 4.215294346153206e-08}}