{"\u0624": {"\u06a9\u0648": 3.1614707596149046e-08, "\u0631\u06c1\u0646\u0645\u0627": 3.1614707596149046e-08, "\u062c\u0627": 7.798294540383431e-07, "\u06af\u0627": 6.322941519229809e-08, "\u0628\u0686\u0627": 9.484412278844714e-08, "\u0644\u06af\u0627": 8.430588692306412e-08, "\u067e\u0691\u0627": 4.215294346153206e-08, "\u0628\u0646\u0627": 5.269117932691508e-08, "\u067e\u0627": 1.369970662499792e-07, "\u0622": 2.8453236836534144e-07, "\u062f\u0627": 4.215294346153206e-08, "\u0628\u062a\u0627": 1.7915000971151127e-07, "\u0644\u0627": 1.369970662499792e-07, "\u062f\u06a9\u06be\u0627": 5.269117932691508e-08, "\u067e\u06be\u06cc\u0644\u0627": 8.430588692306412e-08, "\u062f\u0628\u0627": 1.8968824557689427e-07, "\u0679\u06be\u06c1\u0631\u0627": 3.1614707596149046e-08, "\u0641\u0631\u0645\u0627": 7.376765105768111e-08, "\u0622\u0628\u0627": 3.1614707596149046e-08, "\u0688\u0627\u06a9\u0648": 5.269117932691508e-08, "\u0679\u06a9\u0631\u0627": 4.215294346153206e-08, "\u067e\u06cc\u0634\u0648\u0627": 4.215294346153206e-08, "\u0627\u0644\u0627": 3.1614707596149046e-08, "\u0628\u0631\u062a\u0627": 6.322941519229809e-08}, "\u0624\u06ba": {"\u0631\u06c1\u0646\u0645\u0627": 3.0560884009610745e-07, "\u062c\u0627": 3.1614707596149046e-08, "\u067e\u0627": 3.1614707596149046e-08, "\u062c\u0646\u06af\u062c\u0648": 8.430588692306412e-08, "\u0633\u0632\u0627": 4.215294346153206e-08, "\u06c1\u0646\u062f\u0648": 4.215294346153206e-08, "\u062f\u0631\u06cc\u0627": 3.1614707596149046e-08, "\u0688\u0627\u06a9\u0648": 3.1614707596149046e-08, "\u0633\u06cc\u0646\u0645\u0627": 3.1614707596149046e-08, "\u0622\u0642\u0627": 3.1614707596149046e-08}, "\u0624\u0679": {"\u0622": 1.0538235865383016e-07, "\u0627": 3.1614707596149046e-08}, "\u0624\u0646\u0679": {"\u0641\u06cc": 4.215294346153206e-08}, "\u0624\u0646\u0688": {"\u06af\u0631\u0627": 3.1614707596149046e-08}, "\u0624\u0633": {"\u06c1\u0627": 2.3184118903842633e-07}, "\u0624\u0646": {"\u0679\u0627": 3.7937649115378855e-07}}