{"\u0649": {"\u0628\u0646": 4.215294346153206e-08, "\u0641": 9.484412278844714e-08, "\u0630": 3.1614707596149046e-08, "\u0639\u0644": 3.1614707596149046e-08, "\u0631\u0636": 5.269117932691508e-08, "\u0623\u0628": 7.376765105768111e-08, "\u0627\u0644\u0633\u0644\u0645": 3.1614707596149046e-08, "\u0623\u062e\u0628\u0631\u0646": 3.1614707596149046e-08, "\u0671\u0644\u0646\u0628": 3.1614707596149046e-08}}