{"\u064a\u06c1\u0627\u06ba": {"\u0645\u06cc\u06ba": 4.906239313597495e-07}, "\u064a": {"\u0628\u0639\u062f": 3.1614707596149046e-08, "\u0639\u0628\u062f": 1.0538235865383016e-07, "\u0627\u0628": 3.5830001942302254e-07, "\u0628\u0646": 3.1614707596149046e-08, "\u0628\u06cc\u0646": 7.376765105768111e-08, "\u0646\u0645\u0644": 4.215294346153206e-08, "\u0631": 3.1614707596149046e-08, "\u0627\u0648\u0644": 3.1614707596149046e-08, "\u0645\u0627\u0644": 4.215294346153206e-08, "\u0646": 7.587529823075771e-07, "\u0644\u0646": 3.1614707596149046e-08, "\u0631\u0628": 1.6861177384612824e-07, "\u06cc\u0646": 3.1614707596149046e-08, "\u0628": 9.484412278844714e-08, "\u0646\u0641\u0633": 1.0538235865383016e-07, "\u0641": 5.65903265971068e-06, "\u0639\u0646": 3.1614707596149046e-08, "\u0644": 5.585265008652998e-07, "\u0644\u0641": 8.430588692306412e-08, "\u0627\u0644\u0630": 9.484412278844714e-07, "\u0630": 4.215294346153206e-08, "\u0625\u0646": 1.5807353798074523e-07, "\u0627\u0644\u0646\u0628": 1.464814785288239e-06, "\u0648\u0641": 9.484412278844714e-08, "\u0627\u0644\u062a": 2.1076471730766031e-07, "\u0639\u0644": 1.7915000971151127e-07, "\u0648\u0627\u0644\u0630": 4.215294346153206e-08, "\u0631\u0636": 1.5807353798074523e-07, "\u0633\u0645\u0639": 3.1614707596149046e-08, "\u0642\u0631": 3.1614707596149046e-08, "\u0623\u0628": 6.639088595191299e-07, "\u0644\u0630": 3.1614707596149046e-08, "\u062a\u0635\u0644": 7.376765105768111e-08, "\u0646\u062f": 3.1614707596149046e-08, "\u0627\u0644\u0639\u0644": 3.1614707596149046e-08, "\u062a\u062c\u0631": 1.5807353798074523e-07, "\u0648\u0627\u0631\u0632\u0642\u0646": 3.1614707596149046e-08, "\u0628\u064a\u0646": 3.1614707596149046e-08, "\u0627\u0644\u0623\u0645": 2.2130295317304332e-07, "\u0631\u0622\u0646": 1.5807353798074523e-07, "\u062d\u062f\u062b\u0646": 1.4753530211536222e-07, "\u0630\u0646\u0628": 3.1614707596149046e-08, "\u0627\u0644\u0644\u0627\u062a": 1.369970662499792e-07, "\u06cc\u0646\u0628\u063a": 3.1614707596149046e-08, "\u0623\u0648\u0644": 8.430588692306412e-08, "\u0648\u062d\u062f\u062b\u0646": 7.376765105768111e-08, "\u0648\u0627\u0644\u0632\u0627\u0646": 7.376765105768111e-08, "\u0622\u064a\u0627\u062a": 4.215294346153206e-08, "\u0623\u062a": 6.322941519229809e-08, "\u0623\u0645": 6.322941519229809e-08, "\u0631\u0627\u062f": 6.322941519229809e-08, "\u064a\u0635\u0644": 5.269117932691508e-08, "\u0623\u064a\u062f": 4.215294346153206e-08, "\u0641\u0647": 5.269117932691508e-08, "\u0646\u062c\u0632": 3.1614707596149046e-08, "\u064a\u0639\u0646": 4.215294346153206e-08, "\u064a\u0647\u062f": 4.215294346153206e-08, "\u0645\u0647\u062f": 4.215294346153206e-08, "\u0627\u0648\u062a": 4.215294346153206e-08, "\u064a\u0623\u062a": 4.215294346153206e-08, "\u062e\u0634": 3.1614707596149046e-08, "\u0627\u0644\u0632\u0647\u0631": 3.1614707596149046e-08, "\u0627\u0644\u0635\u0628": 3.1614707596149046e-08, "\u0623\u0645\u062a": 3.1614707596149046e-08, "\u0627\u0644\u062e\u062f\u0631": 3.1614707596149046e-08, "\u0623\u062e\u0628\u0631\u0646": 3.1614707596149046e-08, "\u0644\u062a\u0647\u062f": 3.1614707596149046e-08, "\u0623\u0648\u062d": 3.1614707596149046e-08}, "\u064a\u06a9": {"\u062a\u0648": 3.1614707596149046e-08, "\u0648": 3.1614707596149046e-08, "\u0634\u0631": 7.376765105768111e-08, "\u06a9\u0647": 5.269117932691508e-08, "\u0628\u0647": 8.430588692306412e-08, "\u06af\u0648\u0647\u0631": 5.269117932691508e-08}, "\u064a\u0642\u0648\u0644": {"\u0639\u0645\u0631": 3.1614707596149046e-08, "\u0633\u0644\u0645": 8.430588692306412e-08, "\u0648\u0633\u0644\u0645": 1.4753530211536222e-07, "\u064a": 3.1614707596149046e-08}, "\u064a\u0644": {"\u0633\u0628": 2.5291766076919237e-07, "\u0642": 1.2645883038459618e-07, "\u0627\u0644\u0641": 1.0538235865383016e-07, "\u0648\u0642": 3.1614707596149046e-08, "\u0627\u0644\u0633\u0628": 6.322941519229809e-08, "\u0633\u0631\u0627\u0626": 3.1614707596149046e-08}, "\u064a\u0644\u0627": {"\u0633\u0628": 7.376765105768111e-08, "\u0642\u0644": 1.0538235865383016e-07}, "\u064a\u0639\u0631\u0641\u0646": {"\u0627\u0646": 3.1614707596149046e-08}, "\u064a\u0627\u0631": {"\u0648": 5.269117932691508e-08, "\u0622\u0646": 6.322941519229809e-08, "\u0627\u06af\u0631": 3.1614707596149046e-08, "\u0627\u06cc": 3.1614707596149046e-08, "\u0631\u062e": 4.215294346153206e-08, "\u0627\u0632": 3.1614707596149046e-08, "\u0628\u0627": 3.1614707596149046e-08, "\u0644\u0628": 3.1614707596149046e-08, "\u0632\u0644\u0641": 8.430588692306412e-08, "\u06a9\u0647": 7.376765105768111e-08, "\u0628\u0647": 3.1614707596149046e-08, "\u06a9\u0648\u06cc": 4.215294346153206e-08}, "\u064a\u0634\u0631\u062d\u0648\u0646": {"\u0648": 3.1614707596149046e-08}, "\u064a\u0627\u0631\u06cc": {"\u0648": 3.1614707596149046e-08}, "\u064a\u062b": {"\u062d\u062f": 3.1614707596149046e-08}, "\u064a\u062d\u064a\u0649": {"\u0628\u0646": 1.2645883038459618e-07, "\u062b\u0646\u0627": 4.215294346153206e-08, "\u0639\u0646": 4.215294346153206e-08, "\u064a": 3.1614707596149046e-08, "\u062d\u062f\u062b\u0646\u0627": 8.430588692306412e-08}, "\u064a\u0632\u064a\u062f": {"\u0628\u0646": 8.430588692306412e-08}, "\u064a\u0639\u0642\u0648\u0628": {"\u0628\u0646": 3.1614707596149046e-08}, "\u064a\u0648\u0633\u0641": {"\u0628\u0646": 3.1614707596149046e-08}, "\u064a\u0639\u0646\u064a": {"\u0645\u062d\u0645\u062f": 3.1614707596149046e-08, "\u0633\u0644\u0645": 3.1614707596149046e-08}, "\u064a\u0629": {"\u0622\u0646": 3.1614707596149046e-08, "\u0644": 1.1592059451921316e-07, "\u0648\u0635": 1.5807353798074523e-07, "\u0627\u0644\u0632\u0627\u0646": 7.376765105768111e-08, "\u0627\u0644\u062c\u0627\u0631": 3.1614707596149046e-08, "\u0627\u0644\u063a\u0627\u0634": 3.1614707596149046e-08}, "\u064a\u0645": {"\u062d\u0644": 3.1614707596149046e-08, "\u0627\u0644": 4.215294346153206e-08, "\u0627\u0644\u0631\u062d": 2.3184118903842633e-07, "\u0627\u0644\u0639\u0638": 1.4753530211536222e-07, "\u0639\u0644": 1.0538235865383016e-07, "\u0627\u0644\u0631\u062c": 3.1614707596149046e-08, "\u0631\u062d": 1.0538235865383016e-07, "\u0628\u0631\u0627\u0647": 2.4237942490380936e-07, "\u0639\u0638": 4.215294346153206e-08, "\u0645\u0644\u0643\u062a": 4.215294346153206e-08, "\u0627\u0644\u062c\u062d": 4.215294346153206e-08, "\u0645\u0633\u062a\u0642": 5.269117932691508e-08, "\u0625\u0628\u0631\u0627\u0647": 4.215294346153206e-08, "\u0627\u0644\u0645\u0633\u062a\u0642": 6.322941519229809e-08}, "\u064a\u0636\u0627": {"\u0645\u0631": 3.1614707596149046e-08}, "\u064a\u0627\u0626\u064a\u0631": {"\u0644\u06cc\u0688\u0631": 4.906239313597495e-07}, "\u064a\u0628\u0627\u062c": {"\u0648\u0627\u0644\u062f": 3.1614707596149046e-08}, "\u064a\u062c\u0639\u0644": {"\u0627\u0644\u0644\u06c1": 3.1614707596149046e-08, "\u0623\u0646": 3.1614707596149046e-08, "\u0623\u0648": 3.1614707596149046e-08}, "\u064a\u0627\u0633\u064a\u0646": {"\u06a9\u06cc\u067e\u0631": 4.906239313597495e-07}, "\u064a\u0627\u062f": {"\u0627\u0632": 1.0538235865383016e-07, "\u0628\u0631": 3.1614707596149046e-08, "\u06a9\u0647": 4.215294346153206e-08, "\u0628\u0647": 1.2645883038459618e-07}, "\u064a\u0631\u0627": {"\u06a9\u0628": 4.215294346153206e-08, "\u06a9\u062b": 5.269117932691508e-08, "\u0643\u062b": 3.1614707596149046e-08, "\u0643\u0628": 3.1614707596149046e-08}, "\u064a\u0636\u0631\u06c1": {"\u0644\u0627": 4.215294346153206e-08}, "\u064a\u062f\u062e\u0644": {"\u0644\u0627": 4.215294346153206e-08}, "\u064a\u0624\u0645": {"\u0644\u0627": 7.376765105768111e-08, "\u06a9\u0627\u0646": 5.269117932691508e-08}, "\u064a\u0633\u0645\u0639\u0648\u0646": {"\u0644\u0627": 4.215294346153206e-08}, "\u064a\u0633\u062a\u0643\u0628": {"\u0644\u0627": 3.1614707596149046e-08}, "\u064a\u0639\u0628\u062f\u0648\u0646": {"\u0645\u0639\u0646\u06cc": 3.1614707596149046e-08}, "\u064a\u062f\u0639\u0648": {"\u062f\u0639\u0627": 6.322941519229809e-08, "\u0648\u062f\u0627\u0639": 3.1614707596149046e-08}, "\u064a\u0646": {"\u0631": 4.3206767048070363e-07, "\u0646": 6.533706236537469e-07, "\u0642": 1.369970662499792e-07, "\u0645": 4.2152943461532063e-07,