{"\u0626\u06d2": {"\u06a9\u06d2": 1.4753530211536222e-07, "\u06a9\u0631": 5.269117932691508e-08, "\u0686\u06be\u0648\u0691": 3.1614707596149046e-08, "\u062c\u0627": 6.6917797745182145e-06, "\u06c1\u0648": 8.409512220575646e-06, "\u0628\u0691\u06be\u0627": 4.906239313597495e-07, "\u0644\u06af\u0627": 2.2130295317304332e-07, "\u0628\u0646\u0627": 7.798294540383431e-07, "\u062f\u0646\u06cc\u0627": 9.484412278844714e-08, "\u067e\u0627": 1.7915000971151127e-07, "\u0622": 5.058353215383847e-07, "\u0627\u0679\u06be\u0627": 1.0538235865383016e-07, "\u06a9\u0631\u0648\u0627": 3.1614707596149046e-08, "\u0631\u0627": 4.215294346153206e-08, "\u0644\u0627": 2.8453236836534144e-07, "\u062f\u06a9\u06be\u0627": 3.1614707596149046e-08, "\u0628\u06be\u0644\u0627": 3.1614707596149046e-08, "\u0628\u0631\u0627": 2.5291766076919237e-07, "\u0686\u0627\u06c1": 7.376765105768111e-08, "\u06a9\u0631\u0627": 3.2668531182687346e-07, "\u0627": 7.376765105768111e-08, "\u062f\u0631\u06cc\u0627": 4.906239313597495e-07, "\u0628\u062c\u0627": 4.3206767048070363e-07, "\u062c\u06be\u06a9\u0627": 3.1614707596149046e-08, "\u0639\u0644\u0645\u0627": 1.369970662499792e-07, "\u0634\u06c1\u062f\u0627": 3.1614707596149046e-08, "\u06c1\u0627": 5.269117932691508e-08, "\u06a9\u06cc\u0644": 4.215294346153206e-08, "\u062f": 5.269117932691508e-08, "\u0644": 5.585265008652998e-07, "\u0644\u06cc\u062c": 3.1614707596149046e-08, "\u0645\u06cc\u06ba\u0622": 4.847588498076187e-07, "\u0646\u06c1\u06cc\u06ba\u0622": 4.6368237807685265e-07, "\u06c1\u0648\u062c\u0627": 5.269117932691508e-08}, "\u0626\u0646\u0627\u062a": {"\u06a9\u0627": 3.1614707596149046e-08}, "\u0626\u0648\u0642\u062a": {"\u0627\u0633": 4.906239313597495e-07}, "\u0626\u06cc": {"\u06a9\u0648": 1.1212682960767528e-05, "\u062a\u06be\u0627": 4.215294346153206e-08, "\u0631\u06c1\u0646\u0645\u0627": 4.215294346153206e-08, "\u06c1\u0648\u0627": 4.215294346153206e-08, "\u0628\u0691\u0627": 4.215294346153206e-08, "\u06c1\u0648": 7.977444550094942e-06, "\u0631\u06c1\u0627": 8.430588692306412e-08, "\u062c\u0648": 3.1614707596149046e-08, "\u0644\u06af\u0627": 2.4237942490380936e-07, "\u0646\u0627": 2.739941324999584e-07, "\u0628\u0646\u0627": 6.217559160575979e-07, "\u0645\u06c1\u0646\u06af\u0627": 2.2130295317304332e-07, "\u067e\u0627": 2.9507060423072444e-07, "\u0622": 1.6650412667305165e-06, "\u0645\u0646\u0627": 8.430588692306412e-08, "\u067e\u06c1\u0646\u0686\u0627": 7.376765105768111e-08, "\u0627\u0679\u06be\u0627": 1.0538235865383016e-07, "\u0628\u062a\u0627": 1.5807353798074523e-07, "\u0627\u0646\u062a\u06c1\u0627": 5.585265008652998e-07, "\u06a9\u0631\u0648\u0627": 3.1614707596149046e-08, "\u062c\u062f\u0627": 3.1614707596149046e-08, "\u0686\u0644\u0627": 4.215294346153206e-08, "\u0644\u0627": 3.0560884009610745e-07, "\u062f\u06a9\u06be\u0627": 7.376765105768111e-07, "\u0633\u0646\u0627": 1.7915000971151127e-07, "\u0627\u06cc\u0634\u06cc\u0627": 4.215294346153206e-08, "\u0644\u06af\u0648\u0627": 4.906239313597495e-07, "\u062e\u062f\u0627": 6.322941519229809e-08, "\u0646\u062f\u0627": 1.1592059451921316e-07, "\u06af\u0648": 6.322941519229809e-08, "\u0644\u06cc\u0628\u06cc\u0627": 3.1614707596149046e-08, "\u062e\u0644\u0627": 3.1614707596149046e-08, "\u06a9\u0631\u0627": 1.0538235865383016e-07, "\u06a9\u06be\u0627": 1.4753530211536222e-07, "\u0627\u0628\u062a\u062f\u0627": 4.215294346153206e-08, "\u0627": 1.1592059451921316e-07, "\u062d\u06cc\u0627": 3.1614707596149046e-08, "\u0628\u06be\u062c\u0648\u0627": 6.322941519229809e-08, "\u0627\u0641\u0632\u0627": 8.430588692306412e-08, "\u062f\u0644\u0627": 6.322941519229809e-08, "\u0627\u0646\u0627": 6.322941519229809e-08, "\u062a\u0646\u06c1\u0627": 9.484412278844714e-08, "\u062a\u0648\u0627\u0646\u0627": 3.1614707596149046e-08, "\u0645\u0627": 6.322941519229809e-08, "\u0627\u0633\u062a\u062b\u0646\u0627": 4.215294346153206e-08, "\u0628\u06be\u0627": 5.901412084614489e-07, "\u0628\u0627": 3.1614707596149046e-07, "\u0635\u0641\u0627": 4.215294346153206e-08, "\u06a9\u0634\u0627": 4.215294346153206e-08, "\u0627\u06cc\u0634\u0627": 3.1614707596149046e-08, "\u06c1\u0627": 3.4776178355763953e-07, "\u0631\u06a9\u06be\u0648\u0627": 4.906239313597495e-07, "\u0648\u0627": 3.1614707596149046e-08, "\u0631\u0633\u0627": 8.430588692306412e-08, "\u0633\u067e\u0644\u0627": 1.369970662499792e-07, "\u0645\u06cc\u06ba\u0622": 1.0327471148075355e-06, "\u0646\u06c1\u06cc\u06ba\u0622": 2.9507060423072444e-07, "\u06a9\u0627\u0631\u0631\u0648\u0627": 2.0022648144227728e-07, "\u0635\u0648\u0628\u0627": 3.1614707596149046e-08}, "\u0626\u0679\u06c1": {"\u06a9\u0648": 1.0538235865383016e-07}, "\u0626": {"\u06a9\u0648": 7.376765105768111e-08, "\u06c1\u0648": 3.1614707596149046e-08, "\u0634\u06cc": 8.430588692306412e-08, "\u06cc\u0646": 4.215294346153206e-08, "\u0627\u0644\u0627": 3.1614707596149046e-08, "\u0623\u0648\u0644": 1.2645883038459618e-07, "\u0645\u062a\u0643": 8.430588692306412e-08, "\u0641\u0623\u0648\u0644": 3.1614707596149046e-08}, "\u0626\u0644\u06c1": {"\u06a9\u0648": 5.269117932691508e-08}, "\u0626\u0648\u06ba": {"\u0631\u06c1\u0646\u0645\u0627": 3.1614707596149046e-08}, "\u0626\u06cc\u06ba": {"\u062c\u0627": 1.7915000971151126e-06, "\u06c1\u0648": 1.5807353798074523e-07, "\u0628\u0646\u0627": 8.430588692306412e-08, "\u0622": 4.906239313597495e-07, "\u0628\u062a\u0627": 9.484412278844714e-08, "\u0644\u0627": 4.215294346153206e-08, "\u062f\u06a9\u06be\u0627": 4.215294346153206e-08, "\u062f\u0639\u0627": 1.1592059451921316e-07, "\u06a9\u0631\u0627": 6.322941519229809e-08, "\u0648\u0627": 4.215294346153206e-08, "\u0645\u06cc\u06ba\u0622": 1.0538235865383016e-07, "\u06c1\u0648\u062c\u0627": 3.1614707596149046e-08}, "\u0626\u06cc\u06af\u0627": {"\u062c\u0627": 5.163735574037677e-07}, "\u0626\u0632\u06c1": {"\u062c\u0627": 2.3184118903842633e-07}, "\u0626\u06cc\u0646\u06af\u06d2": {"\u062c\u0627": 2.1076471730766031e-07}, "\u0626\u06cc\u06af\u06cc": {"\u062c\u0627": 1.5807353798074523e-07, "\u0627\u062f\u0627": 9.484412278844714e-08}, "\u0626\u0632": {"\u062c\u0627": 1.2645883038459618e-07, "\u0633\u0627": 3.1614707596149046e-08, "\u0627\u06cc\u06a9\u0633\u0627": 3.1614707596149046e-08}, "\u0626\u06cc\u0648\u06ba": {"\u06af\u0627": 3.1614707596149046e-08, "\u062a\u0646\u06c1\u0627": 3.1614707596149046e-08, "\u0628\u06be\u0627": 1.3910471342305581e-06, "\u06a9\u0627\u0631\u0631\u0648\u0627": 7.376765105768111e-08}, "\u0626\u06cc\u06af\u06cc\u0648\u06ba": {"\u0627\u062f\u0627": 6.322941519229809e-08}, "\u0626\u0634": {"\u0631\u06c1\u0627": 1.369970662499792e-07, "\u0646\u0645\u0627": 4.215294346153206e-08, "\u06af\u0646\u062c\u0627": 7.376765105768111e-08}, "\u0626\u0634\u06cc": {"\u0631\u06c1\u0627": 3.1614707596149046e-08}, "\u0626\u06cc\u0631": {"\u06cc\u0627": 5.269117932691508e-08, "\u06a9\u06cc\u0631": 4.215294346153206e-08}, "\u0626\u0627\u062a": {"\u0633\u06cc": 1.1592059451921316e-07, "\u0633\u064a": 3.1614707596149046e-08}, "\u0626\u06c1": {"\u0633\u06cc": 4.215294346153206e-08}, "\u0626\u0634\u06cc\u0627": {"\u0645\u0644\u0627": 3.1614707596149046e-08}, "\u0626\u062a": {"\u0645\u0644": 3.1614707596149046e-08, "\u0627\u0648": 3.1614707596149046e-08, "\u0634": 2.4237942490380936e-07}, "\u0626\u0645": {"\u0633\u0648": 3.1614707596149046e-08, "\u0642\u0627": 6.84985331249896e-07, "\u0679\u0627": 4.847588498076187e-07, "\u062c\u0631\u0627": 1.369970662499792e-07}, "\u0626\u0628": {"\u0646\u0627": 4.847588498076187e-07, "\u0630": 6.322941519229809e-08}, "\u0626\u0639": {"\u0630\u0631\u0627": 3.3722354769225647e-07, "\u0631\u0627": 3.1614707596149046e-08, "\u0634\u0627": 1.369970662499792e-07}, "\u0626\u06cc\u0646\u06cc": {"\u0622": 4.215294346153206e-08, "\u0645\u06cc\u06ba\u0622": 8.430588692306412e-08}, "\u0626\u06cc\u0646": {"\u0622": 3.1614707596149046e-08, "\u0645\u06cc\u06ba\u0622": 7.376765105768111e-08}, "\u0626\u0646\u062f\u06c1": {"\u0622": 3.1614707596149046e-08, "\u0646\u0645\u0627": 1.6861177384612824e-07, "\u0645\u06cc\u06ba\u0622": 7.376765105768111e-08},