{"\u0661": {"\u06c1\u06cc\u06ba": 4.215294346153206e-08, "\u06c1\u06d2": 4.215294346153206e-08, "\u062c\u0644\u062f": 6.322941519229809e-08, "\u0628\u0627\u0628": 4.215294346153206e-08, "\u0622\u06cc\u062a": 5.269117932691508e-08, "\u062c": 1.4753530211536222e-07}, "\u0661\u0662\u0661\u0668": {"\u0631\u0642\u0645": 4.215294346153206e-08}, "\u0661\u0662": {"\u0646\u0645\u0628\u0631": 3.1614707596149046e-08, "\u0635": 3.1614707596149046e-08}, "\u0661\u0667": {"\u0635": 5.269117932691508e-08}, "\u0661\u0663\u0663": {"\u0635": 5.269117932691508e-08}, "\u0661\u0665": {"\u0635": 4.215294346153206e-08, "\u0622\u06cc\u062a": 3.1614707596149046e-08}, "\u0661\u0668": {"\u0635": 3.1614707596149046e-08}, "\u0661\u0664\u0663": {"\u0635": 3.1614707596149046e-08}, "\u0661\u0661\u0663": {"\u0635": 3.1614707596149046e-08}, "\u0661\u0663\u0660": {"\u0635": 3.1614707596149046e-08}, "\u0661\u0661\u0664": {"\u0622\u06cc\u062a": 3.1614707596149046e-08}, "\u0661\u0660\u0662": {"\u0622\u06cc\u062a": 3.1614707596149046e-08}, "\u0661\u06f5": {"\u0622\u06cc\u062a": 3.1614707596149046e-08}, "\u0661\u0669": {"\u062c": 4.215294346153206e-08}, "\u0661\u0667\u0665": {"\u062e\u0637\u0628\u06c1": 5.269117932691508e-08}, "\u0661\u0664\u0667": {"\u062e\u0637\u0628\u06c1": 3.1614707596149046e-08}}