{"\u0662": {"\u062f\u0648": 3.1614707596149046e-08, "\u0646\u0645\u0628\u0631": 6.322941519229809e-08, "\u062c\u0644\u062f": 1.2645883038459618e-07, "\u0622\u06cc\u062a": 5.269117932691508e-08, "\u0631\u06a9\u0648\u0639": 2.0022648144227728e-07}, "\u0662\u0662\u0661\u0660": {"\u062a\u0639\u062f\u0627\u062f": 3.1614707596149046e-08}, "\u0662\u0660\u0664": {"\u0635": 4.215294346153206e-08}, "\u0662\u0661\u0661": {"\u0635": 3.1614707596149046e-08}, "\u0662\u06f1": {"\u0622\u06cc\u062a": 3.1614707596149046e-08}, "\u0662\u0668": {"\u0622\u06cc\u062a": 3.1614707596149046e-08}, "\u0662\u0662": {"\u0622\u06cc\u062a": 3.1614707596149046e-08}, "\u0662\u0661": {"\u062c": 3.1614707596149046e-08}}