{"\u0663": {"\u06c1\u06d2": 3.1614707596149046e-08, "\u0639\u0645\u0631\u0627\u0646": 3.1614707596149046e-08, "\u0646\u0645\u0628\u0631": 4.215294346153206e-08, "\u062c\u0644\u062f": 3.1614707596149046e-08, "\u06a9\u0631\u0648": 3.1614707596149046e-08, "\u062c": 7.376765105768111e-08}, "\u0663\u0669": {"\u0635": 3.1614707596149046e-08}}