{"\u0664": {"\u0627\u0648\u0631": 3.1614707596149046e-08, "\u0646\u0645\u0628\u0631": 5.269117932691508e-08, "\u062c\u0644\u062f": 8.430588692306412e-08, "\u062c": 3.1614707596149046e-08}, "\u0664\u0668": {"\u06cc\u0639\u0646\u06cc": 3.1614707596149046e-08}, "\u0664\u0666": {"\u0635": 3.1614707596149046e-08}, "\u0664\u0663": {"\u0622\u06cc\u062a": 3.1614707596149046e-08}}