{"\u0665": {"\u0646\u0645\u0628\u0631": 6.322941519229809e-08, "\u0627\u062d\u0645\u062f": 3.1614707596149046e-08, "\u062c\u0644\u062f": 3.1614707596149046e-08}, "\u0665\u0668": {"\u0646\u0645\u0628\u0631": 3.1614707596149046e-08}, "\u0665\u0665\u0661": {"\u0635": 4.215294346153206e-08}, "\u0665\u0663": {"\u0635": 3.1614707596149046e-08}, "\u0665\u0664": {"\u0622\u06cc\u062a": 4.215294346153206e-08}}