{"\u0666\u0669": {"\u0633\u06d2": 3.1614707596149046e-08, "\u0635": 3.1614707596149046e-08}, "\u0666": {"\u0646\u06d2": 3.1614707596149046e-08, "\u0646\u0645\u0628\u0631": 6.322941519229809e-08, "\u062c\u0644\u062f": 3.1614707596149046e-08}}