{"\u0667\u0668": {"\u06cc\u0627": 3.1614707596149046e-08}, "\u0667": {"\u0633\u0627\u062a": 3.1614707596149046e-08, "\u0646\u0645\u0628\u0631": 4.215294346153206e-08, "\u0635": 3.1614707596149046e-08, "\u0622\u06cc\u062a": 7.376765105768111e-08}, "\u0667\u0664": {"\u0635": 3.1614707596149046e-08}}