{"\u0668\u0660": {"\u0627\u0633\u06cc": 5.269117932691508e-08}, "\u0668": {"\u0646\u0645\u0628\u0631": 5.269117932691508e-08}, "\u0668\u0662": {"\u0622\u06cc\u062a": 3.1614707596149046e-08}, "\u0668\u0666": {"\u062e\u0637\u0628\u06c1": 7.376765105768111e-08}}