{"\u0671\u0644\u0645\u0639\u0631\u0648\u0641": {"\u0628": 4.215294346153206e-08}, "\u0671\u0644\u0648\u0644": {"\u0648\u0628": 3.1614707596149046e-08}, "\u0671\u0644\u0646\u0628": {"\u064a\u0623\u064a\u0647\u0627": 3.1614707596149046e-08}}