{"\u0672\u0628": {"\u0628\u0646": 5.269117932691508e-08, "\u0639\u0644\u06cc": 5.269117932691508e-08, "\u0628": 2.2130295317304332e-07, "\u0648\u0639\u0644\u06cc": 3.1614707596149046e-08}, "\u0672\u0631\u062d\u0645": {"\u06cc\u0627": 7.376765105768111e-07}, "\u0672\u0628\u0627": {"\u06cc\u0627": 5.374500291345338e-07}, "\u0672\u0645": {"\u06cc\u0627": 2.6345589663457537e-07, "\u0639\u0644\u06cc": 1.1592059451921316e-07, "\u06a9": 3.1614707596149046e-08, "\u06cc": 9.484412278844714e-08, "\u0646\u062a": 3.1614707596149046e-08, "\u0627\u0628\u0646": 3.1614707596149046e-08, "\u06cc\u0627\u0628\u0646": 7.376765105768111e-08}, "\u0672": {"\u06cc\u0627": 7.376765105768111e-08, "\u0645\u0646": 5.269117932691508e-08, "\u0646": 6.322941519229809e-08, "\u0645\u0627": 1.1592059451921316e-07, "\u0642\u062f": 4.215294346153206e-08, "\u06cc": 1.6861177384612824e-07, "\u0628": 9.484412278844714e-08, "\u0639\u0644\u06cc\u06a9": 2.1076471730766031e-07, "\u0639\u0644\u06cc\u06a9\u0645": 3.1614707596149046e-08, "\u0627\u0644\u0644\u06be\u0645": 3.1614707596149046e-08, "\u0672": 4.215294346153206e-08, "\u0625\u0644\u0627": 2.6345589663457537e-07, "\u0672\u0634\u06be\u062f": 1.1592059451921316e-07, "\u0648\u0672\u0634\u06be\u062f": 6.322941519229809e-08, "\u0625\u0646\u06a9": 6.322941519229809e-08}, "\u0672\u06be\u0644": {"\u06cc\u0627": 6.322941519229809e-08, "\u0639\u0644\u06cc": 1.0538235865383016e-07, "\u0646": 1.4753530211536222e-07, "\u06cc": 3.1614707596149046e-08, "\u0648\u0639\u0644\u06cc": 1.1592059451921316e-07}, "\u0672\u06cc\u06be\u0627": {"\u06cc\u0627": 5.269117932691508e-08, "\u0639\u0644\u06cc\u06a9": 3.4776178355763953e-07}, "\u0672\u0645\u0627\u06be": {"\u06cc\u0627": 4.215294346153206e-08}, "\u0672\u062d\u062f": {"\u06cc\u0627": 3.1614707596149046e-08, "\u0639\u0644\u06cc": 2.0022648144227728e-07, "\u06a9\u0644": 6.322941519229809e-08, "\u06a9\u0641\u0648\u0627": 8.430588692306412e-08}, "\u0672\u0646\u0635\u0627\u0631": {"\u06cc\u0627": 3.1614707596149046e-08, "\u0646": 3.1614707596149046e-08}, "\u0672\u0646": {"\u0642\u0628\u0644": 6.322941519229809e-08, "\u0639\u0644\u06cc": 4.215294346153206e-08, "\u0646": 3.1614707596149046e-08, "\u06a9": 1.5807353798074523e-07, "\u0644\u06a9": 7.376765105768111e-08, "\u06cc\u0646": 4.215294346153206e-08, "\u06cc": 1.0538235865383016e-07, "\u06cc\u062f": 5.269117932691508e-08, "\u0625\u0644\u0627": 3.1614707596149046e-08, "\u0672\u0633\u0672\u0644\u06a9": 1.0538235865383016e-07, "\u0672\u0634\u06be\u062f": 2.0022648144227728e-07, "\u0648\u0672\u0634\u06be\u062f": 1.6861177384612824e-07}, "\u0672\u0639\u062f\u0627\u0626": {"\u0639\u0644\u06cc": 4.215294346153206e-08, "\u0646": 7.376765105768111e-08}, "\u0672\u062d\u062a\u0633": {"\u0644\u0627": 3.1614707596149046e-08}, "\u0672\u062a\u0627\u06a9": {"\u062d\u062a\u06cc": 1.0538235865383016e-07}, "\u0672\u0645\u0631": {"\u0646": 1.8968824557689427e-07, "\u06cc": 8.430588692306412e-08, "\u0628": 2.1076471730766031e-07}, "\u0672\u0648\u0644": {"\u0646": 1.0538235865383016e-07, "\u06cc": 3.1614707596149046e-08}, "\u0672\u0648\u0644\u0627\u062f": {"\u0646": 4.215294346153206e-08}, "\u0672\u0648": {"\u0646": 3.1614707596149046e-08, "\u06a9": 8.430588692306412e-08, "\u06cc": 9.484412278844714e-08}, "\u0672\u062c\u0645\u0639": {"\u06a9": 3.1614707596149046e-08, "\u0645": 8.430588692306412e-08}, "\u0672\u06be\u0645\u0646": {"\u0645\u0627": 6.322941519229809e-08}, "\u0672\u0646\u062a": {"\u0645\u0627": 6.322941519229809e-08, "\u06cc": 2.3184118903842633e-07, "\u0627\u0644\u0644\u06be\u0645": 1.0538235865383016e-07, "\u0625\u0644\u0627": 3.1614707596149046e-07, "\u0625\u0646\u06a9": 1.1592059451921316e-07}, "\u0672\u0628\u0642\u06cc\u062a\u0646": {"\u0645\u0627": 4.215294346153206e-08}, "\u0672\u0635\u062d\u0627\u0628": {"\u0645\u0627": 3.1614707596149046e-08}, "\u0672\u062d\u06cc\u06cc\u062a\u0646": {"\u0645\u0627": 3.1614707596149046e-08}, "\u0672\u0630": {"\u0642\u062f": 4.215294346153206e-08}, "\u0672\u0634\u06be\u062f": {"\u06cc\u0646": 4.215294346153206e-08, "\u06cc": 5.269117932691508e-08}, "\u0672\u0633\u0672\u0644\u06a9": {"\u06cc": 3.1614707596149046e-07}, "\u0672\u0631\u0636": {"\u06cc": 2.2130295317304332e-07}, "\u0672\u0633\u0672": {"\u06cc": 2.0022648144227728e-07}, "\u0672\u062f\u0631": {"\u06cc": 6.322941519229809e-08}, "\u0672\u0646\u062a\u0645": {"\u06cc": 6.322941519229809e-08}, "\u0672\u0639\u0648\u0630": {"\u06cc": 6.322941519229809e-08}, "\u0672\u062a\u0648\u062c\u06c1": {"\u06cc": 5.269117932691508e-08}, "\u0672\u0672\u062f\u062e\u0644": {"\u06cc": 5.269117932691508e-08}, "\u0672\u0645\u062a": {"\u06cc": 4.215294346153206e-08, "\u0648\u0627\u0628\u0646": 4.215294346153206e-08}, "\u0672\u062c": {"\u06cc": 4.215294346153206e-08}, "\u0672\u062a\u0642\u0631\u0628": {"\u06cc": 4.215294346153206e-08}, "\u0672\u0633\u062a\u0648\u062f": {"\u06cc": 3.1614707596149046e-08}, "\u0672\u0634\u0631\u0642\u062a": {"\u06cc": 3.1614707596149046e-08}, "\u0672\u06cc\u0627\u0645": {"\u06cc": 3.1614707596149046e-08}, "\u0672\u0644": {"\u06cc": 3.1614707596149046e-08}, "\u0672\u06be\u0644\u06c1": {"\u0646\u062a": 6.322941519229809e-08, "\u06be\u0648": 6.322941519229809e-08, "\u0672\u0646\u062a": 5.269117932691508e-08}, "\u0672\u0641\u0636\u0644": {"\u0628": 1.0538235865383016e-07}, "\u0672\u062d\u0633\u0646": {"\u0628": 4.215294346153206e-08}, "\u0672\u0646\u06a9": {"\u0628": 3.1614707596149046e-08, "\u0672\u0634\u06be\u062f": 2.3184118903842633e-07, "\u0648\u0672\u0634\u06be\u062f": 1.4753530211536222e-07}, "\u0672\u062a\u062e": {"\u0648\u0644\u0627": 3.1614707596149046e-08}, "\u0672\u0639\u0637": {"\u0627\u0644\u0644\u06be\u0645": 6.322941519229809e-08}, "\u0672\u0639": {"\u0627\u0644\u0644\u06be\u0645": 3.1614707596149046e-08}, "\u0672\u0631\u0648\u0627\u062d": {"\u0648\u0639\u0644\u06cc": 3.1614707596149046e-08}, "\u0672\u06a9\u0646": {"\u0644\u0645": 4.215294346153206e-08}, "\u0672\u06a9\u0648\u0646": {"\u0672\u0646": 5.269117932691508e-08}, "\u0672\u06cc": {"\u0641\u0628": 3.2668531182687346e-07}, "\u0672\u062f\u062e\u0644": {"\u0626": 1.6861177384612824e-07}, "\u0672\u0642\u0645\u062a": {"\u0672\u0646\u06a9": 3.1614707596149046e-08}, "\u0672\u06a9\u0631\u0645": {"\u0648\u06cc\u0627": 3.1614707596149046e-08}}