{"\u0674": {"\u0645\u0637\u0627\u0644\u0628\u06c1": 5.269117932691508e-08, "\u0633\u0631\u0645\u0627\u06cc\u06c1": 3.1614707596149046e-08, "\u0630\u0631\u06cc\u0639\u06c1": 3.1614707596149046e-08, "\u0648\u0627\u0644\u06cc": 7.376765105768111e-08, "\u067e\u0631\u062f\u06c1": 4.215294346153206e-08, "\u062a\u0628\u062f\u06cc\u0644\u06cc": 3.1614707596149046e-08, "\u0627\u0634\u0627\u0631\u06c1": 3.1614707596149046e-08, "\u0637\u0631\u06cc\u0642\u06c1": 1.4753530211536222e-07, "\u0646\u0642\u0637\u06c1": 2.4237942490380936e-07, "\u062a\u0631\u0642\u06cc": 4.109911987499376e-07, "\u0634\u0639\u0628\u06c1": 5.269117932691508e-08, "\u0642\u0635\u06c1": 5.269117932691508e-08, "\u0632\u0645\u0627\u0646\u06c1": 1.2645883038459618e-07, "\u0639\u0631\u0635\u06c1": 3.1614707596149046e-08, "\u062e\u0631\u0627\u0628\u06cc": 1.0538235865383016e-07, "\u0622\u0632\u0627\u062f\u06cc": 5.269117932691507e-07, "\u0642\u0628\u0636\u06c1": 3.1614707596149046e-08, "\u0628\u0644\u0646\u062f\u06cc": 8.430588692306412e-08, "\u0628\u0627\u0646\u06cc": 3.1614707596149046e-07, "\u0644\u0645\u062d\u06c1": 9.484412278844714e-08, "\u062a\u0628\u0627\u062f\u0644\u06c1": 1.1592059451921316e-07, "\u062f\u0648\u0631\u06c1": 1.369970662499792e-07, "\u0646\u0638\u0631\u06cc\u06c1": 2.0022648144227728e-07, "\u062d\u0644\u0642\u06c1": 1.1592059451921316e-07, "\u0634\u0631\u0645\u0646\u062f\u06c1": 5.269117932691508e-08, "\u0627\u062f\u0627\u0631\u06c1": 3.1614707596149046e-08, "\u062c\u0645\u06c1\u0648\u0631\u06cc\u06c1": 7.376765105768111e-08, "\u067e\u0627\u06cc\u06c1": 9.484412278844714e-08, "\u0628\u062d\u0627\u0644\u06cc": 9.484412278844714e-08, "\u062a\u0645\u063a\u06c1": 3.1614707596149046e-08, "\u0645\u0639\u0627\u06c1\u062f\u06c1": 4.215294346153206e-08, "\u0648\u0627\u062f\u06cc": 4.215294346153206e-08, "\u062f\u0627\u0626\u0631\u06c1": 5.269117932691508e-08, "\u0646\u0627\u0645\u06c1": 4.215294346153206e-08, "\u0646\u0641\u06cc": 3.1614707596149046e-08, "\u062a\u0644\u062e\u06cc": 4.215294346153206e-08, "\u0628\u0646\u062f\u06c1": 4.215294346153206e-08, "\u062c\u0630\u0628\u06c1": 1.0538235865383016e-07, "\u067e\u06cc\u0645\u0627\u0646\u06c1": 3.1614707596149046e-08, "\u06a9\u0631\u06c1": 1.6861177384612824e-07, "\u0641\u0644\u0633\u0641\u06c1": 7.376765105768111e-08, "\u0635\u0641\u062d\u06c1": 4.215294346153206e-08, "\u06a9\u0631\u0633\u06cc": 6.322941519229809e-08, "\u062c\u0644\u0633\u06c1": 3.1614707596149046e-08, "\u0633\u062c\u062f\u06c1": 5.269117932691508e-08, "\u06a9\u0644\u0645\u06c1": 7.376765105768111e-08, "\u0644\u06a9\u06be\u0646\u0648": 3.1614707596149046e-08, "\u0646\u06a9\u0627\u0633\u06cc": 3.1614707596149046e-08, "\u062e\u0637\u06c1": 6.322941519229809e-08, "\u0636\u0627\u0628\u0637\u06c1": 8.430588692306412e-08, "\u062e\u0644\u06cc\u0641\u06c1": 3.1614707596149046e-08, "\u062a\u06cc\u0631\u06af\u06cc": 3.1614707596149046e-08, "\u0634\u062c\u0631\u06c1": 3.1614707596149046e-08, "\u062d\u0633\u06cc\u0646\u06c1": 3.1614707596149046e-08, "\u06d2": 5.269117932691508e-08, "\u0646\u0627\u0628\u063a\u06c1": 5.269117932691508e-08, "\u06a9\u0627\u0633\u06c1": 3.1614707596149046e-08, "\u062f\u0631\u0627\u0632\u06cc": 4.215294346153206e-08, "\u0646\u0648\u0634\u062a\u06c1": 1.1592059451921316e-07, "\u062e\u0637\u0628\u06c1": 1.2645883038459618e-07, "\u0635\u06cc\u063a\u06c1": 5.269117932691508e-08, "\u0633\u0639\u06cc": 6.322941519229809e-08, "\u062d\u0627\u0634\u06cc\u06c1": 3.1614707596149046e-08, "\u0633\u0644\u0637\u0627\u0646\u06cc": 6.322941519229809e-08, "\u0628\u0644\u06cc\u0631": 7.376765105768111e-08, "\u0627\u0632\u0645\u0646\u06c1": 3.1614707596149046e-08}}