{"\u0691\u06a9\u0646\u0627": {"\u0686\u06be": 5.269117932691508e-08}, "\u0691": {"\u0686\u06be": 3.1614707596149046e-08, "\u062a\u0648": 4.0045296288455456e-07, "\u0648": 9.484412278844714e-08, "\u06a9\u06be\u0644\u0627": 2.6345589663457537e-07, "\u0627": 3.1614707596149046e-08, "\u0686\u06be\u0648": 4.6368237807685265e-07, "\u067e": 3.1614707596149046e-08, "\u0645\u0648": 6.322941519229809e-08, "\u06af": 6.322941519229809e-08, "\u0628\u06be": 3.1614707596149046e-08, "\u0686": 3.1614707596149046e-08}, "\u0691\u06cc\u0627\u06ba": {"\u06af\u0627": 3.1614707596149046e-08, "\u0645\u0627\u06ba": 4.215294346153206e-08, "\u062c\u0627\u06ba": 3.1614707596149046e-08, "\u0631\u0627\u06ba": 2.9507060423072444e-07}, "\u0691\u06cc": {"\u06af\u0627": 3.1614707596149046e-08, "\u062c\u0648": 3.1614707596149046e-08, "\u06a9\u06be\u0644\u0627": 5.374500291345338e-07}, "\u0691\u06d2": {"\u062c\u0648": 4.215294346153206e-08}, "\u0691\u06a9\u0627\u0646\u06c1": {"\u0644\u0627": 1.369970662499792e-07}, "\u0691\u06be\u06d2": {"\u0633\u0627": 7.376765105768111e-08}, "\u0691\u06cc\u0648\u06ba": {"\u06a9\u06be\u0644\u0627": 3.2668531182687346e-07}, "\u0691\u06cc\u0648": {"\u06a9\u06be\u0644\u0627": 1.8968824557689427e-07}, "\u0691\u0627": {"\u0633": 3.1614707596149046e-08, "\u062a\u06be\u0648": 6.322941519229809e-08}, "\u0691\u06a9\u06cc": {"\u067e\u06be": 4.215294346153206e-08, "\u06a9\u06be": 4.215294346153206e-08}, "\u0691\u06cc\u0627": {"\u0686": 6.322941519229809e-08}, "\u0691\u06be": {"\u0686": 5.269117932691508e-08}}