{"\u0698\u06cc\u0627\u0624\u0632\u0648\u0626\u06cc": {"\u0645\u06cc\u06ba": 4.906239313597495e-07, "\u062c\u0628": 9.81247862719499e-07, "\u0633\u0627\u0644\u06c1": 4.906239313597495e-07, "\u06a9\u0648": 4.906239313597495e-07, "\u06a9\u06c1": 4.906239313597495e-07, "\u0644\u06cc\u06d2": 4.906239313597495e-07, "\u0645\u0637\u0627\u0628\u0642": 4.906239313597495e-07}, "\u0698\u0648\u0646\u062a\u06cc\u0627\u0646": {"\u0645\u06cc\u06ba": 4.906239313597495e-07}, "\u0698\u06cc\u0646\u06af\u0632\u0648": {"\u0645\u06cc\u06ba": 4.906239313597495e-07}, "\u0698\u0648\u0628": {"\u0645\u06cc\u06ba": 4.906239313597495e-07, "\u0633\u06d2": 3.1614707596149046e-08, "\u0627\u0648\u0631": 4.215294346153206e-08, "\u0639\u0644\u0627\u0642\u06d2": 3.1614707596149046e-08, "\u0636\u0644\u0639": 3.1614707596149046e-08, "\u06a9\u0648\u0626\u0679\u06c1": 4.906239313597495e-07}, "\u0698\u0627\u0644\u06c1": {"\u0645\u06cc\u06ba": 8.430588692306412e-08, "\u0627\u0648\u0631": 3.2668531182687346e-07, "\u0634\u062f\u06cc\u062f": 3.1614707596149046e-08}, "\u0698\u0627\u06a9": {"\u0645\u06cc\u06ba": 5.269117932691508e-08, "\u067e\u0631": 7.376765105768111e-08, "\u0633\u06d2": 4.215294346153206e-08, "\u0646\u06d2": 4.215294346153206e-08, "\u06a9\u06c1": 1.1592059451921316e-07}, "\u0698\u0627\u0644\u06d2": {"\u0645\u06cc\u06ba": 3.1614707596149046e-08, "\u0627\u062f\u0627\u06a9\u0627\u0631\u06c1": 6.322941519229809e-08}, "\u0698\u0648\u062c\u06cc\u0644\u06cc\u0627\u0646\u06af": {"\u062c\u0646\u0631\u0644": 3.1614707596149046e-08}, "\u0698\u06cc\u0646\u06af": {"\u06a9\u06cc": 5.269117932691508e-08, "\u06c1\u0641\u062a\u06d2": 4.906239313597495e-07, "\u0679\u06cc\u0631\u06cc": 3.1614707596149046e-08}, "\u0698\u0627\u0624": {"\u0633\u0627\u0644\u06c1": 4.906239313597495e-07, "\u0644\u0648": 8.430588692306412e-08, "\u062a\u0631\u062c\u0645\u0627\u0646": 4.906239313597495e-07}, "\u0698\u0627\u0646\u0627\u06a9\u0631\u0646\u0648\u0688\u0644": {"\u0633\u0627\u0644\u06c1": 4.906239313597495e-07}, "\u0698\u06cc\u0634\u0648\u0641": {"\u062f\u0648\u0631": 4.906239313597495e-07}, "\u0698\u0631\u0627\u0641": {"\u06a9\u0631": 5.269117932691508e-08, "\u0646\u06d2": 4.215294346153206e-08}, "\u0698\u0646\u06c1\u0648\u0627": {"\u06a9\u0648": 4.906239313597495e-07, "\u0627\u06cc\u062c\u0646\u0633\u06cc": 4.906239313597495e-07}, "\u0698\u0631\u0641": {"\u0627\u0648\u0631": 7.376765105768111e-08}, "\u0698\u0646\u062f": {"\u0627\u0648\u0631": 3.1614707596149046e-08}, "\u0698\u0648\u0644\u06cc\u062f\u06af\u06cc": {"\u0627\u0648\u0631": 3.1614707596149046e-08}, "\u0698\u0627\u06ba": {"\u06a9\u06c1": 3.1614707596149046e-08, "\u0627\u0632": 5.269117932691508e-08, "\u062f\u0627\u0646\u0634\u0648\u0631": 4.215294346153206e-08, "\u0645\u0639\u0645\u0627\u0631": 4.906239313597495e-07}, "\u0698\u0627\u0646": {"\u06a9\u06c1": 3.1614707596149046e-08, "\u06a9\u0631\u06cc\u0646": 4.906239313597495e-07}, "\u0698\u06cc": {"\u0646\u0627\u0645": 3.1614707596149046e-08, "\u0635\u062f\u0631": 4.906239313597495e-07, "\u0633\u0631\u0648\u0633": 4.906239313597495e-07, "\u0648\u0627\u0646\u06af": 3.1614707596149046e-08, "\u062c\u06cc\u0646": 9.81247862719499e-07, "\u0698\u06cc\u0646\u06af": 6.322941519229809e-08, "\u0632\u06cc\u0627\u0646\u06af": 3.1614707596149046e-08}, "\u0698\u0646": {"\u0648": 6.217559160575979e-07}, "\u0698\u0648": {"\u062e\u0648\u062f": 3.1614707596149046e-08, "\u0627\u0641\u0633\u0631": 4.906239313597495e-07, "\u06c1\u0648\u0627\u0646\u06af": 3.1614707596149046e-08, "\u06af\u0648\u0627\u0646\u06af": 3.5830001942302254e-07, "\u0627\u0644\u06cc\u06a9\u0633\u0633": 4.906239313597495e-07}, "\u0698\u0648\u06c1\u0627\u0626\u06cc": {"\u0634\u06c1\u0631": 5.269117932691508e-08}, "\u0698\u0627\u0646\u06af": {"\u0648\u0632\u06cc\u0631\u0627\u0639\u0638\u0645": 7.376765105768111e-08, "\u062a\u0648\u0627\u0646\u06af": 9.81247862719499e-07}, "\u0698\u06cc\u0624": {"\u062a\u0627\u062c\u0631": 4.906239313597495e-07}, "\u0698\u06cc\u0627\u0646\u062c\u06cc": {"\u0635\u0648\u0628\u06d2": 3.1614707596149046e-08}, "\u0698\u06af\u0627\u06ba": {"\u0645": 3.1614707596149046e-08}, "\u0698\u06cc\u0627\u0624": {"\u0688\u06cc\u0646\u06af": 4.906239313597495e-07}, "\u0698\u06cc\u06a9\u06cc\u0627\u0646\u06af": {"\u0631\u06cc\u0646": 9.81247862719499e-07}, "\u0698\u0627\u0624\u0688\u0648\u0646\u06af": {"\u0633\u0648\u0646\u06af": 9.81247862719499e-07}, "\u0698\u06be\u0648\u0642": {"\u0646\u0646\u06af": 9.484412278844714e-08}, "\u0698\u06cc\u0627\u0646": {"\u0686\u06cc\u0646\u06af\u0688\u0648": 4.906239313597495e-07}, "\u0698\u0627\u0648": {"\u067e\u06cc\u0646\u06af": 4.906239313597495e-07}, "\u0698\u0646\u06af": {"\u062c\u0626\u06cc": 5.269117932691508e-08}}