{"\u06ba": {"\u06a9\u0648": 2.5291766076919237e-07, "\u062a\u0648": 1.4753530211536222e-07, "\u062c\u0627": 3.3722354769225647e-07, "\u06c1\u06cc\u06ba": 4.906239313597495e-07, "\u06c1\u0648": 7.313535690575813e-06, "\u06c1\u06d2": 1.5807353798074523e-07, "\u06a9\u06c1\u0627": 1.6018118515382182e-06, "\u0648": 3.2668531182687346e-07, "\u062c\u0648": 2.0022648144227728e-07, "\u062a\u06be\u06cc": 3.5830001942302254e-07, "\u062f\u0648": 1.5807353798074523e-07, "\u06cc\u0627": 5.269117932691508e-08, "\u0686\u0646\u0627": 1.0538235865383016e-07, "\u0644\u0648": 2.739941324999584e-07, "\u0646\u0627": 4.215294346153206e-08, "\u06c1\u0648\u06ba": 5.269117932691508e-08, "\u0646\u0648": 4.0045296288455456e-07, "\u062f\u06cc\u06a9\u06be\u0648": 4.215294346153206e-08, "\u0627\u0646\u06c1\u0648\u06ba": 3.1614707596149046e-08, "\u06a9\u06cc\u0648": 1.1592059451921318e-06, "\u06cc\u0648": 7.692912181729601e-07, "\u0631\u0648": 9.484412278844714e-08, "\u067e\u0627\u0624": 4.5314414221146965e-07, "\u06af\u0648": 2.5291766076919237e-07, "\u062c\u06cc\u0646\u0627": 3.1614707596149046e-08, "\u0633\u06a9\u0648": 4.215294346153206e-08, "\u06a9\u0631\u0648": 1.1592059451921316e-07, "\u0627": 3.1614707596149046e-08, "\u0645\u06d2": 5.269117932691508e-08, "\u0641\u0644\u0627": 3.1614707596149046e-08, "\u0645\u0627": 3.0560884009610745e-07, "\u06af\u0631\u0627": 3.1614707596149046e-08, "\u0622\u0624": 4.215294346153206e-08, "\u067e\u06cc\u063a\u0645\u0628\u0631": 3.1614707596149046e-08, "\u062c\u0627\u0624": 3.1614707596149046e-07, "\u0644\u0648\u06af\u0648": 1.7177324460574314e-06, "\u0628\u0627": 4.215294346153206e-08, "\u0679\u06cc\u0645\u0648": 9.484412278844714e-08, "\u0645\u06a9\u0627": 3.1614707596149046e-08, "\u062f\u0627\u0624": 3.1614707596149046e-08, "\u0686\u0648": 4.215294346153206e-08, "\u06ba": 1.5807353798074523e-07, "\u0622\u062f\u0645": 3.1614707596149046e-08, "\u0631\u0648\u0627": 1.6861177384612824e-07, "\u0628\u0644\u0648": 8.430588692306412e-08, "\u0628\u0646\u0648": 3.1614707596149046e-08, "\u06a9\u0679\u0648": 6.322941519229809e-08, "\u06cc\u06c1\u0627": 8.535971050960243e-07, "\u06c1\u0627": 5.585265008652998e-07, "\u0634\u06c1\u0631\u0648": 4.906239313597495e-07, "\u0628\u0686\u0648": 4.847588498076187e-07, "\u06a9\u0627\u0631\u06a9\u0646\u0648": 8.430588692306412e-08, "\u0644\u0691\u06a9\u06cc\u0627": 9.81247862719499e-07, "\u06a9\u0627\u0631\u0648": 3.1614707596149046e-08, "\u062c\u0645\u0648": 1.4753530211536222e-07, "\u0628\u062a\u0627\u0624": 8.430588692306412e-08, "\u06af\u0627\u0624": 2.5291766076919237e-07, "\u0648\u0627\u0644\u0648": 6.84985331249896e-07, "\u0644\u0627\u06a9\u06be\u0648": 1.5807353798074523e-07, "\u06cc\u06c1\u0648\u062f\u06cc\u0648": 4.906239313597495e-07, "\u062a\u06cc\u0646\u0648": 4.906239313597495e-07, "\u062a\u06be\u0648": 3.1614707596149046e-08, "\u0646\u0645\u0627\u06cc\u0627": 5.374500291345338e-07, "\u0648\u06c1\u0627": 7.060618029806621e-07, "\u06af\u0631\u062f\u0648": 1.369970662499792e-07, "\u0646\u0648\u062d": 3.1614707596149046e-08, "\u062f\u0648\u0646\u0648": 1.0222088789421526e-06, "\u0631\u0633\u0627": 6.322941519229809e-08, "\u06a9\u06be\u06cc\u0644\u0648": 7.376765105768111e-08, "\u0627\u0646\u06c1\u0648": 4.942432620864634e-06, "\u062e\u0627": 4.215294346153206e-08, "\u0642\u0648": 7.376765105768111e-08, "\u062c\u06c1\u0627": 1.5596589080766862e-06, "\u06a9\u062a\u0627\u0628\u0648": 6.533706236537469e-07, "\u0645\u06cc\u0627": 5.374500291345338e-07, "\u0628\u0646\u062f\u0648": 6.322941519229809e-08, "\u0624": 4.742206139422357e-07, "\u0622\u0646\u06a9\u06be\u0648": 4.5314414221146965e-07, "\u06c1\u0627\u062a\u06be\u0648": 4.5314414221146965e-07, "\u0639\u0644\u0627\u0642\u0648": 4.2152943461532063e-07, "\u0645\u0633\u0644\u0645\u0627\u0646\u0648": 4.0045296288455456e-07, "\u062f\u0646\u0648": 3.2668531182687346e-07, "\u06a9\u06be\u0644\u0627\u0691\u06cc\u0648": 3.2668531182687346e-07, "\u0645\u0644\u06a9\u0648": 2.4237942490380936e-07, "\u062d\u0645\u0644\u0648": 2.3184118903842633e-07, "\u0639\u0630\u0627\u0628\u0648": 2.1076471730766031e-07, "\u062d\u06a9\u0645\u0631\u0627": 5.269117932691508e-08, "\u0691\u06cc\u0648": 2.0022648144227728e-07, "\u062c\u0645\u0627\u0639\u062a\u0648": 1.4753530211536222e-07, "\u0627\u0646\u06be\u0648": 1.4753530211536222e-07, "\u0635\u062d\u0627\u0641\u06cc\u0648": 1.4753530211536222e-07, "\u0627\u062f\u0627\u0631\u0648": 1.4753530211536222e-07, "\u062d\u06a9\u0645\u0631\u0627\u0646\u0648": 1.4753530211536222e-07, "\u0642\u06cc\u062f\u06cc\u0648": 1.2645883038459618e-07, "\u062c\u0646\u06c1\u0648": 1.2645883038459618e-07, "\u0645\u06cc\u0686\u0648": 1.1592059451921316e-07, "\u0627\u0646\u0633\u0627\u0646\u0648": 1.1592059451921316e-07, "\u0641\u06cc\u0635\u0644\u0648": 1.1592059451921316e-07, "\u0639\u0644\u0645\u0648": 1.1592059451921316e-07, "\u0634\u06c1\u0631\u06cc\u0648": 1.0538235865383016e-07, "\u062f\u06be\u0645\u0627\u06a9\u0648": 8.430588692306412e-08, "\u0633\u0627\u0644\u0648": 8.430588692306412e-08, "\u0633\u0691\u06a9\u0648": 7.376765105768111e-08, "\u06af\u0627\u06c1\u0648": 4.215294346153206e-08, "\u0634\u0639\u0628\u0648": 7.376765105768111e-08, "\u062f\u0644\u0648": 6.322941519229809e-08, "\u0633\u0631\u06af\u0631\u0645\u06cc\u0627": 6.322941519229809e-08, "\u0642\u06cc\u0645\u062a\u0648": 6.322941519229809e-08, "\u062d\u0635\u0648": 5.269117932691508e-08, "\u0644\u062c\u0648": 4.215294346153206e-08, "\u0639\u0648\u0631\u062a\u0648": 6.322941519229809e-08, "\u0635\u0648\u0628\u0648": 5.269117932691508e-08, "\u0642\u0627\u062a\u0644\u0648": 5.269117932691508e-08, "\u0631\u06c1\u0646\u0645\u0627\u0648\u0674": 5.269117932691508e-08, "\u0648\u06a9\u0679\u0648": 5.269117932691508e-08, "\u0646\u0638\u0631\u0648": 4.215294346153206e-08, "\u062c\u062c\u0648": 5.269117932691508e-08, "\u06a9\u0634\u0645\u06cc\u0631\u06cc\u0648": 4.215294346153206e-08, "\u062f\u06c1\u0634\u062a\u06af\u0631\u062f\u0648": 4.215294346153206e-08, "\u067e\u0627\u06a9\u0633\u062a\u0627\u0646\u06cc\u0648": 4.215294346153206e-08, "\u0641\u0636\u0627\u0624": 4.215294346153206e-08, "\u0631\u0627\u062a\u0648": 4.215294346153206e-08, "\u06c1\u0648\u0627\u0624": 4.215294346153206e-08, "\u06a9\u0627\u0631\u0631\u0648\u0627\u0626\u06cc\u0627": 4.215294346153206e-08, "\u0632\u062e\u0645\u06cc\u0648": 4.215294346153206e-08, "\u0642\u0648\u062a\u0648": 4.215294346153206e-08, "\u0646\u0648\u062c\u0648\u0627\u0646\u0648": 4.215294346153206e-08, "\u0631\u06c1\u0646\u0645\u0627\u0624": 3.1614707596149046e-08, "\u067e\u0644\u06a9\u0648": 3.1614707596149046e-08, "\u0688\u0627\u06a9\u0648\u0624": 3.1614707596149046e-08, "\u06a9\u06c1\u0627\u0646\u06cc\u0627": 3.1614707596149046e-08, "\u0686\u06be\u0627\u0624": 3.1614707596149046e-08, "\u0645\u0646\u0635\u0648\u0628\u0648": 3.1614707596149046e-08, "\u06c1\u0688\u06cc\u0627": 3.1614707596149046e-08, "\u062e\u0627\u06a9\u0648": 3.1614707596149046e-08, "\u062f\u0631\u062c\u0646\u0648": 3.1614707596149046e-08, "\u06a9\u0648\u0634\u0634\u0648": 3.1614707596149046e-08, "\u0645\u0639\u0628\u0648\u062f\u0648": 3.1614707596149046e-08, "\u0627\u0633\u06a9\u0648\u0644\u0648": 3.1614707596149046e-08, "\u0642\u0648\u0645\u0648": 3.1614707596149046e-08, "\u0627\u0634\u06a9\u0648": 3.1614707596149046e-08, "\u0627\u06cc\u062c\u0646\u0633\u06cc\u0627": 3.1614707596149046e-08, "\u0628\u06cc\u0679\u0633\u0645\u06cc\u0646\u0648": 3.1614707596149046e-08, "\u06af\u06be\u0679\u0627\u0624": 3.1614707596149046e-08, "\u0646\u0631\u062e\u0648": 3.1614707596149046e-08, "\u0628\u0627\u062a\u0648": 3.1614707596149046e-08, "\u062e\u0648\u0627\u06c1\u0627": 3.1614707596149046e-08, "\u0634\u0631\u0627\u0628\u0648": 3.1614707596149046e-08, "\u0637\u0627\u0642\u062a\u0648": 3.1614707596149046e-08, "\u06c1\u0641\u062a\u0648": 3.1614707596149046e-08, "\u06a9\u0645\u067e\u0646\u06cc\u0648": 3.1614707596149046e-08, "\u0646\u06c1\u0648": 3.1614707596149046e-08, "\u062d\u06a9\u0648\u0645\u062a\u0648": 3.1614707596149046e-08, "\u062a\u0646\u0638\u06cc\u0645\u0648": 3.1614707596149046e-08,