{"\u06be\u062a\u06be\u06d2": {"\u06a9\u06d2": 3.1614707596149046e-08}, "\u06be\u0627": {"\u0645\u06cc\u06ba": 4.215294346153206e-08, "\u0648": 6.322941519229809e-08, "\u0645\u0648\u062a": 4.215294346153206e-08, "\u0628\u0691": 4.215294346153206e-08, "\u0634\u0639\u0644\u06c1": 3.1614707596149046e-08, "\u0628": 9.589794637498543e-07, "\u0628\u0639\u0644": 3.1614707596149046e-08, "\u06cc\u062a": 3.1614707596149046e-08, "\u0627\u06be\u0644": 3.1614707596149046e-08, "\u0627\u0646\u0632\u0644\u0646\u0627": 3.1614707596149046e-08, "\u062f\u062e\u0644\u0648": 3.1614707596149046e-08}, "\u06be\u0646\u0627\u062f": {"\u06a9\u06cc": 3.1614707596149046e-08}, "\u06be": {"\u0628\u0639\u062f": 7.376765105768111e-08, "\u06a9\u0631": 4.215294346153206e-08, "\u0627\u0648\u0631": 3.1614707596149046e-08, "\u0648": 4.215294346153206e-08, "\u0628\u0646\u062f": 3.1614707596149046e-08, "\u067e\u0691": 5.058353215383847e-07, "\u062d\u0642": 1.369970662499792e-07, "\u0646\u0648\u0631": 3.1614707596149046e-08, "\u0631": 1.2645883038459618e-07, "\u062d\u0645\u062f": 4.215294346153206e-08, "\u062c\u062f": 5.269117932691508e-08, "\u06cc\u0628": 3.1614707596149046e-08, "\u06a9": 3.1614707596149046e-08, "\u062d\u0628": 4.215294346153206e-08, "\u0644\u0627\u062f": 4.215294346153206e-08, "\u06af\u0691": 6.322941519229809e-08, "\u0628\u0691": 7.903676899037261e-07, "\u0632": 3.1614707596149046e-08, "\u0645": 6.322941519229809e-08, "\u0631\u0628": 2.739941324999584e-07, "\u06cc": 1.0538235865383016e-07, "\u0633\u0646\u062f": 1.7071942101920485e-06, "\u0628\u0627\u062f": 8.430588692306412e-08, "\u0628\u062f": 4.2152943461532063e-07, "\u0628": 6.322941519229809e-07, "\u0621": 7.798294540383431e-07, "\u062f": 5.269117932691508e-08, "\u0648\u0644\u062f": 3.1614707596149046e-08, "\u062a": 7.376765105768111e-08, "\u0686\u0691": 1.5807353798074523e-07, "\u06f2": 3.1614707596149046e-08, "\u06f3": 8.430588692306412e-08, "\u06f7": 5.269117932691508e-08, "\u06f5": 1.369970662499792e-07, "\u06f4": 4.215294346153206e-08, "\u06cc\u0631": 3.1614707596149046e-08, "\u0642\u0644\u0648\u0628": 8.430588692306412e-08, "\u06cc\u062f": 7.376765105768111e-08, "\u06cc\u0627\u0626": 4.215294346153206e-08, "\u062e\u0644\u0641": 3.1614707596149046e-08, "\u0639\u062f\u0648": 3.1614707596149046e-08, "\u0672\u0645\u0631": 9.484412278844714e-08, "\u0630\u0627": 4.215294346153206e-08, "\u06c1\u0630": 2.2130295317304332e-07, "\u0627\u0646\u0641\u0633": 1.0538235865383016e-07, "\u06cc\u062a": 3.1614707596149046e-08, "\u0686\u0634\u0645\u06cc": 1.369970662499792e-07, "\u062f\u0648\u062f": 1.2645883038459618e-07, "\u06cc\u0639\u062a": 3.1614707596149046e-08, "\u0644\u0627\u06cc\u062a": 3.1614707596149046e-08, "\u0628\u0627\u0646\u062f": 8.430588692306412e-08, "\u0628\u0639\u0648\u0644\u062a": 3.1614707596149046e-08, "\u06c1\u0627\u062f": 6.322941519229809e-08, "\u06f9\u06f9\u06f0": 5.269117932691508e-08, "\u0672\u0631\u0648\u0627\u062d": 5.269117932691508e-08, "\u06f1\u06f3\u06f9\u06f9": 4.215294346153206e-08, "\u06f3\u06f8\u06f1\u0621": 4.215294346153206e-08, "\u0672\u0646\u0635\u0627\u0631": 4.215294346153206e-08, "\u06f6\u06f6\u06f4\u0621": 4.215294346153206e-08, "\u06f3\u06f0\u06f3\u0621": 3.1614707596149046e-08, "\u06f9\u06f8\u06f1": 3.1614707596149046e-08, "\u06f9\u06f7\u06f5": 3.1614707596149046e-08, "\u06f9\u06f7\u06f4": 3.1614707596149046e-08, "\u06f9\u06f8\u06f5": 3.1614707596149046e-08, "\u06f4\u06f6\u06f0\u0621": 3.1614707596149046e-08, "\u0639\u06a9\u0648\u0641": 3.1614707596149046e-08, "\u06f1\u06f2\u06f7\u06f3": 3.1614707596149046e-08, "\u0688\u06cc\u0691": 3.1614707596149046e-08, "\u0661\u0661": 3.1614707596149046e-08}, "\u06be\u06cc\u0627": {"\u0628\u06be\u06cc": 4.906239313597495e-07, "\u0633\u0628": 4.906239313597495e-07}, "\u06be\u0630\u0627": {"\u062a\u0648": 3.1614707596149046e-08, "\u0627\u0646": 9.484412278844714e-08, "\u0648": 5.269117932691508e-08, "\u0646\u0627": 4.215294346153206e-08, "\u0639\u0644\u06cc": 3.1614707596149046e-08, "\u0641\u06cc": 3.1614707596149046e-08, "\u06a9\u062a\u0628": 3.1614707596149046e-08, "\u0646": 8.430588692306412e-08, "\u0648\u0627\u0646": 3.1614707596149046e-08, "\u06cc": 2.0022648144227728e-07, "\u0645\u0648\u0645\u0646": 6.322941519229809e-08}, "\u06be\u0646\u0633": {"\u0627\u0648\u0631": 3.1614707596149046e-08}, "\u06be\u0648": {"\u0627\u0646": 3.1614707596149046e-08, "\u06c1\u06d2": 3.1614707596149046e-08, "\u0648": 7.692912181729601e-07, "\u0628\u0644": 8.430588692306412e-08, "\u0627\u0644\u0644\u06c1": 2.4237942490380936e-07, "\u0644\u0627": 5.269117932691507e-07, "\u0645\u0646": 2.1076471730766031e-07, "\u0645\u0627": 1.2645883038459618e-07, "\u06cc": 3.1614707596149046e-08, "\u0627\u0644\u0627": 2.5291766076919237e-07, "\u0642\u0644": 1.4121236059613241e-06, "\u0622\u06cc\u062a": 4.215294346153206e-08, "\u06be\u0648": 6.322941519229809e-08, "\u0627\u0644\u0644\u06c1\u0645": 8.430588692306412e-08, "\u0625\u0644\u0627": 2.4237942490380936e-07, "\u0627\u0644\u0630\u06cc": 6.322941519229809e-08, "\u0630\u0627": 3.1614707596149046e-08, "\u0648\u06a9\u0645\u0627": 3.1614707596149046e-08}, "\u06be\u0627\u0634\u0645": {"\u0633\u06cc\u062f": 3.1614707596149046e-08}, "\u06be\u06d2": {"\u0627\u0645\u062a\u062d\u0627\u0646": 4.906239313597495e-07}, "\u06be\u0644": {"\u06c1\u06d2": 3.1614707596149046e-08, "\u0644\u0627": 4.215294346153206e-08, "\u06a9": 1.6861177384612824e-07, "\u0622\u06cc\u062a": 8.430588692306412e-08}, "\u06be\u0645": {"\u0648": 1.369970662499792e-07, "\u0627\u06a9\u062b\u0631": 5.269117932691508e-08, "\u0628\u0644": 9.484412278844714e-08, "\u0648\u063a\u06cc\u0631\u06c1": 4.215294346153206e-08, "\u06a9": 7.376765105768111e-08, "\u06cc\u0646": 8.430588692306412e-08, "\u0648\u0644\u0627": 3.1614707596149046e-08, "\u0627\u0645": 3.1614707596149046e-08, "\u0648\u063a\u06cc\u0631": 1.2645883038459618e-07, "\u062c\u0627\u0621": 4.215294346153206e-08, "\u0641\u0627\u0648\u0644\u0626\u06a9": 6.322941519229809e-08, "\u0625\u0630\u0627": 3.1614707596149046e-08, "\u0627\u0648\u0644\u0626\u06a9": 8.430588692306412e-08, "\u0648\u0627\u0644\u0630\u06cc\u0646": 7.376765105768111e-08, "\u0648\u0627\u0648\u0644\u0626\u06a9": 3.1614707596149046e-08, "\u0641\u0627\u0624\u0644\u0626\u06a9": 3.1614707596149046e-08, "\u0627\u06be\u0648\u0627\u0621": 3.1614707596149046e-08, "\u0632\u062f\u0646\u0627": 3.1614707596149046e-08, "\u0648\u0627\u0644\u0630\u064a\u0646": 3.1614707596149046e-08}, "\u06be\u067e": {"\u0648": 3.1614707596149046e-08}, "\u06be\u0630\u0627\u0627\u0644\u0642\u06cc\u0627\u0633": {"\u0639\u0644\u06cc": 4.215294346153206e-08}, "\u06be\u0630\u06c1": {"\u0641\u06cc": 7.376765105768111e-08, "\u0645\u0646": 3.1614707596149046e-08}, "\u06be\u0631\u06cc\u0631\u06c1": {"\u0627\u0628\u0648": 5.269117932691508e-08, "\u0627\u0628\u06cc": 3.1614707596149046e-08}, "\u06be\u0627\u062f": {"\u0642\u0648\u0645": 3.1614707596149046e-08}, "\u06be\u062f": {"\u0627": 6.322941519229809e-08}, "\u06be\u0644\u0627\u0644": {"\u0627": 1.0538235865383016e-07}, "\u06be\u0630": {"\u0646": 6.322941519229809e-08, "\u06cc": 1.1592059451921316e-07}, "\u06be\u0644\u06d2": {"\u06a9": 7.376765105768111e-08}, "\u06be\u0644\u0648\u0646\u0627": {"\u06a9": 3.1614707596149046e-08}, "\u06be\u0644\u0627": {"\u06a9": 3.1614707596149046e-08}, "\u06be\u0627\u062f\u06cc": {"\u0641\u0644\u0627": 5.269117932691508e-08}, "\u06be\u062f\u06a9\u0645": {"\u0645\u0627": 3.1614707596149046e-08}, "\u06be\u0627\u0646\u06d2": {"\u0628\u0691": 3.1614707596149046e-08}, "\u06be\u0631\u062a\u0627": {"\u067e": 5.269117932691508e-08}, "\u06be\u0691\u06a9\u06cc": {"\u067e": 3.1614707596149046e-08}, "\u06be\u0627\u062f\u0648\u0627": {"\u06cc\u0646": 3.1614707596149046e-08, "\u0627\u0644\u0630\u06cc\u0646": 5.269117932691508e-08}, "\u06be\u062f\u06cc": {"\u06cc\u0646": 3.1614707596149046e-08, "\u0627\u0645\u0646\u0648\u0627": 3.1614707596149046e-08}, "\u06be\u0631\u06cc\u0631\u0629": {"\u06cc": 8.430588692306412e-08}, "\u06be\u0631\u06cc\u0631\u06c3": {"\u06cc": 5.269117932691508e-08,