{"\u06c2": {"\u0633\u0648\u0631": 4.215294346153206e-08, "\u0633\u062c\u062f\u06c1": 3.1614707596149046e-08}}