{"\u06c3": {"\u0646\u0634\u0627": 3.1614707596149046e-08, "\u06a9\u0639\u0628": 1.2645883038459618e-07, "\u0642\u0631\u0627\u0621": 2.0022648144227728e-07, "\u0627\u0644\u0642\u0631\u0627\u0621": 7.376765105768111e-08, "\u0634\u0646\u0648\u0621": 4.215294346153206e-08, "\u0627\u0633\u0627\u0621": 4.215294346153206e-08, "\u0627\u0644\u0645\u0631\u0627\u0621": 3.1614707596149046e-08}}