{"\u06d2\u06c1": {"\u06a9\u06d2": 5.269117932691508e-08, "\u0645\u06cc\u06ba": 8.430588692306412e-08, "\u06a9\u0627": 3.8991472701917156e-07, "\u067e\u0631": 1.0538235865383016e-07, "\u06a9\u06cc": 2.1076471730766031e-07, "\u0633\u06d2": 3.6883825528840554e-07, "\u062c\u0628": 6.322941519229809e-08, "\u0628\u0639\u062f": 9.484412278844714e-08, "\u06a9\u0631": 3.1614707596149046e-08, "\u0646\u06d2": 1.8968824557689427e-07, "\u06a9\u0648": 3.5830001942302254e-07, "\u0628\u06be\u06cc": 7.376765105768111e-08, "\u062a\u06be\u0627": 4.215294346153206e-08, "\u062a\u0648": 5.585265008652998e-07, "\u0627\u0648\u0631": 5.163735574037677e-07, "\u067e\u06c1\u0644\u0648": 3.1614707596149046e-08, "\u06a9\u06c1": 4.6368237807685265e-07, "\u0648\u062c\u06c1": 1.2645883038459618e-07, "\u0648\u06c1": 2.2130295317304332e-07, "\u0622\u062c": 4.215294346153206e-08, "\u0627\u0628": 9.484412278844714e-08, "\u06c1\u06d2": 1.5807353798074523e-07, "\u062a\u06be\u06d2": 3.1614707596149046e-08, "\u067e\u06be\u0631": 1.2645883038459618e-07, "\u0635\u0631\u0641": 6.322941519229809e-08, "\u067e\u06c1\u0644\u06d2": 3.1614707596149046e-08, "\u062f\u0648\u0633\u0631\u06d2": 3.1614707596149046e-08, "\u0645\u06af\u0631": 3.1614707596149046e-08, "\u0628\u0627\u062a": 2.5291766076919237e-07, "\u0628\u0627\u0631": 3.1614707596149046e-08, "\u06c1\u0645": 4.215294346153206e-08, "\u0627\u0633\u06d2": 4.215294346153206e-08, "\u0627\u06af\u0631": 9.484412278844714e-08, "\u06c1\u0648\u06ba": 3.1614707596149046e-08, "\u0636\u0631\u0648\u0631\u062a": 3.1614707596149046e-08, "\u062a\u062d\u062a": 3.1614707596149046e-08, "\u0645\u062c\u06be\u06d2": 3.1614707596149046e-08, "\u0645\u0642\u0635\u062f": 3.1614707596149046e-08, "\u062f\u0631\u0627\u0635\u0644": 4.215294346153206e-08, "\u0633\u0648\u0627\u0644": 5.269117932691508e-08, "\u062d\u0627\u0644\u062a": 4.215294346153206e-08, "\u062d\u0627\u0644\u0627\u0646\u06a9\u06c1": 4.215294346153206e-08, "\u0644\u06c1\u0630\u0627": 3.1614707596149046e-08, "\u0645\u0637\u0644\u0628": 7.376765105768111e-08, "\u06a9\u0627\u0634": 3.1614707596149046e-08, "\u06af\u0632\u0627\u0631\u0634": 5.269117932691508e-08, "\u06c1\u06d2\u06ba": 7.376765105768111e-08, "\u06a9\u06d2\u0627": 8.430588692306412e-08, "\u0645\u06d2\u06ba": 3.4776178355763953e-07, "\u06a9\u06d2\u0644\u0626\u06d2": 4.215294346153206e-08, "\u0646\u06c1\u06d2\u06ba": 3.1614707596149046e-08, "\u0644\u06d2\u06a9\u0646": 2.4237942490380936e-07, "\u0644\u06d2\u06d2": 7.376765105768111e-08, "\u06a9\u06d2\u0648\u0646\u06a9\u06c1": 3.1614707596149046e-08, "\u062d\u0642\u06d2\u0642\u062a": 8.430588692306412e-08, "\u06c1\u0645\u06d2\u06ba": 7.376765105768111e-08, "\u0646\u062a\u06d2\u062c\u06c1": 6.322941519229809e-08, "\u0627\u0646\u06c1\u06d2\u06ba": 4.215294346153206e-08, "\u0627\u0644\u0645\u06d2\u06c1": 3.1614707596149046e-08, "\u062f\u06d2\u06a9\u06be\u0646\u0627": 4.215294346153206e-08, "\u0634\u0627\u06d2\u062f": 3.1614707596149046e-08}, "\u06d2": {"\u06a9\u06d2": 4.215294346153206e-08, "\u0645\u06cc\u06ba": 2.2130295317304332e-07, "\u067e\u0631": 9.484412278844714e-08, "\u0633\u06d2": 3.1614707596149046e-08, "\u062f\u0648\u0631": 2.2130295317304332e-07, "\u06a9\u0631": 6.207020924710596e-06, "\u0627\u0633": 4.4260590634608664e-07, "\u06a9\u0648": 7.376765105768111e-08, "\u06c1\u0648\u0627": 3.1614707596149046e-08, "\u0686\u06be\u0648\u0691": 1.1592059451921316e-07, "\u0627\u0646": 3.1614707596149046e-08, "\u06a9\u0631\u0646\u06d2": 3.1614707596149046e-08, "\u06cc\u06c1": 6.322941519229809e-08, "\u06c1\u0648": 3.1614707596149046e-08, "\u0631\u06c1\u0627": 6.322941519229809e-08, "\u062a\u0631": 1.2645883038459618e-07, "\u067e\u0648\u0631": 2.0022648144227728e-07, "\u067e\u06be\u0631": 1.6861177384612824e-07, "\u06a9\u06c1\u0627": 7.376765105768111e-08, "\u0628\u0691\u06cc": 6.322941519229809e-08, "\u06c1\u0648\u062a\u0627": 3.1614707596149046e-08, "\u0627\u0646\u062f\u0627\u0632": 1.5807353798074523e-07, "\u0628\u0627\u0631": 1.359432426634409e-06, "\u0686\u0627\u0631": 4.215294346153206e-08, "\u06af\u06be\u0631": 3.1614707596149046e-08, "\u062f\u06cc\u06af\u0631": 9.484412278844714e-08, "\u0628\u06be\u0631": 2.2130295317304332e-07, "\u0642\u062f\u0631": 3.1614707596149046e-08, "\u0644\u06d2": 2.1076471730766031e-07, "\u06c1\u0631": 3.1614707596149046e-08, "\u0686\u0646\u062f": 1.1592059451921316e-07, "\u0627\u0628\u06be\u0631": 3.1614707596149046e-08, "\u0631\u0646\u0632": 3.1614707596149046e-08, "\u067e\u0627": 4.215294346153206e-08, "\u0645\u0631": 1.4753530211536222e-07, "\u0627\u0646\u06c1\u0648\u06ba": 2.4237942490380936e-07, "\u067e\u0691": 5.374500291345338e-07, "\u0633\u0631": 8.430588692306412e-08, "\u067e\u06cc\u0627\u0631": 1.369970662499792e-07, "\u0639\u06c1\u062f": 1.5807353798074523e-07, "\u0645\u0627\u0631": 1.5807353798074523e-07, "\u062f\u0627\u0626\u0631": 3.1614707596149046e-08, "\u0645\u06cc\u0631": 1.5385824363459202e-06, "\u0631": 9.484412278844714e-08, "\u06af\u06be\u06cc\u0631": 6.322941519229809e-08, "\u062c\u0648\u0691": 4.215294346153206e-08, "\u062e\u0631\u06cc\u062f": 6.322941519229809e-08, "\u06af\u0632\u0631": 1.4753530211536222e-07, "\u067e\u06a9\u0691": 8.430588692306412e-08, "\u0627\u062a\u0631": 3.1614707596149046e-08, "\u0627": 1.485891257019005e-06, "\u0646": 6.322941519229809e-08, "\u06a9": 7.376765105768111e-08, "\u0641\u0648\u062c\u0648\u06ba": 4.906239313597495e-07, "\u062c\u0691": 3.1614707596149046e-08, "\u0628\u0691": 1.0432853506729186e-06, "\u0645\u0634\u0627\u06c1\u062f": 3.1614707596149046e-08, "\u062a\u06cc\u0631": 1.5807353798074523e-07, "\u0639\u0644\u0645\u0627": 3.1614707596149046e-08, "\u06ba": 5.269117932691508e-08, "\u06c1": 7.376765105768111e-08, "\u0633\u0631\u0648": 3.1614707596149046e-08, "\u0634\u0639\u0631\u0627": 4.215294346153206e-08, "\u0633\u0648\u06cc\u0631": 4.215294346153206e-08, "\u0688": 6.006794443268319e-07, "\u062f": 1.5385824363459202e-06, "\u0645\u0638\u0627\u06c1\u0631": 2.5291766076919237e-07, "\u062e\u0637\u0631": 2.3184118903842633e-07, "\u062a\u06be\u0648\u0691": 3.1614707596149046e-08, "\u062a\u06cc\u0633\u0631": 2.0022648144227728e-07, "\u062c\u06be\u06af\u0691": 4.215294346153206e-08, "\u062f\u0648\u0633\u0631": 1.1592059451921318e-06, "\u06c1\u0645\u0627\u0631": 1.0116706430767695e-06, "\u0646\u0645\u0627\u0626\u0646\u062f": 3.1614707596149046e-08, "\u06af\u06c1\u0631": 1.4753530211536222e-07, "\u0645\u0639\u0627\u06c1\u062f": 2.5291766076919237e-07, "\u0633\u0627\u0631": 1.4753530211536222e-07, "\u0686\u06c1\u0631": 1.369970662499792e-07, "\u06a9\u06be\u0691": 1.7915000971151127e-07, "\u0627\u062f\u0627\u0631": 1.8968824557689427e-07, "\u0632\u0645\u0628\u0627\u0628\u0648": 1.2645883038459618e-07, "\u0631\u06cc\u0644\u0648": 1.2645883038459618e-07, "\u062f\u06be\u06cc\u0631": 5.269117932691508e-08, "\u0645\u062d\u0627\u0648\u0631": 7.376765105768111e-08, "\u062a\u0645\u06c1\u0627\u0631": 3.1614707596149046e-08, "\u0646\u0639\u0631": 6.322941519229809e-08, "\u0645\u0639\u0627\u0634\u0631": 4.215294346153206e-08, "\u0679\u06a9\u0691": 3.1614707596149046e-08, "\u0633\u062c\u062f": 3.1614707596149046e-08, "\u06a9\u06cc\u0644\u0621": 3.1614707596149046e-08, "\u0627\u06d2\u062c\u0646\u0688": 3.1614707596149046e-08}, "\u06d2\u0642\u06d2\u0646": {"\u06a9\u0627": 3.1614707596149046e-08, "\u067e\u0631": 3.1614707596149046e-08, "\u06a9\u06cc": 3.1614707596149046e-08}, "\u06d2\u06c1\u0627\u06ba": {"\u0646\u06d2": 3.1614707596149046e-08, "\u06a9\u06c1": 6.322941519229809e-08, "\u06c1\u06d2": 4.215294346153206e-08, "\u06c1\u0645\u0627\u0631\u06d2": 3.1614707596149046e-08, "\u0644\u06d2\u06a9\u0646": 5.269117932691508e-08}, "\u06d2\u0627\u062f": {"\u06a9\u0648": 1.0538235865383016e-07, "\u0645\u062c\u06be\u06d2": 6.322941519229809e-08}, "\u06d2\u0642\u06d2\u0646\u06cc": {"\u06a9\u0648": 5.269117932691508e-08, "\u0628\u06d2": 6.322941519229809e-08}, "\u06d2\u06a9\u062c\u0627": {"\u06a9\u0648": 4.215294346153206e-08}, "\u06d2\u06a9\u0633\u0631": {"\u06a9\u0648": 3.1614707596149046e-08},