{"\u06d3": {"\u06a9": 3.1614707596149046e-08, "\u0644": 4.215294346153206e-08}}