{"\u06f0\u06f5": {"\u0645\u06cc\u06ba": 3.1614707596149046e-08}, "\u06f0\u06f0\u06f0": {"\u0645\u06cc\u06ba": 3.1614707596149046e-08, "\u06a9\u0648": 5.269117932691508e-08, "\u0627\u0648\u0631": 1.7915000971151127e-07, "\u0627\u0646": 3.1614707596149046e-08, "\u067e\u0627\u0633": 5.269117932691508e-08, "\u062a\u0642\u0631\u06cc\u0628\u0627": 5.269117932691508e-08, "\u062a\u0639\u062f\u0627\u062f": 3.1614707596149046e-08}, "\u06f0": {"\u0648\u0627\u0644\u0627": 3.1614707596149046e-08, "\u06a9\u0631\u0646\u0627": 3.1614707596149046e-08, "\u0635\u0641\u062a": 3.1614707596149046e-08, "\u06f1": 2.739941324999584e-07, "\u06f0": 8.430588692306412e-08, "\u0645\u0630\u06a9\u0631": 3.1614707596149046e-08}, "\u06f0\u06f1": {"\u0646\u0645\u0628\u0631": 1.5807353798074523e-07, "\u06f0\u06f1": 4.215294346153206e-08}, "\u06f0\u06f0": {"\u06f1": 1.4332000776920901e-06, "\u06f0\u06f0\u06f0": 4.215294346153206e-08}}