{"\u06f4": {"\u06a9\u06d2": 6.322941519229809e-08, "\u0633\u06d2": 8.430588692306412e-08, "\u0627\u0648\u0631": 1.1592059451921316e-07, "\u0627\u06cc\u06a9": 1.8968824557689427e-07, "\u06a9\u06c1": 6.322941519229809e-08, "\u06c1\u06d2": 4.215294346153206e-08, "\u06a9\u0627\u0641\u06cc": 9.484412278844714e-08, "\u0633\u0627\u062a\u06be": 3.1614707596149046e-08, "\u0646\u0645\u0628\u0631": 3.6883825528840554e-07, "\u0645\u0633\u0644\u0645": 1.0538235865383016e-07, "\u062a\u0627": 4.215294346153206e-08, "\u062c\u0644\u062f": 1.8968824557689427e-07, "\u062a\u06c1\u0630\u06cc\u0628": 3.1614707596149046e-08, "\u0635\u0641\u062d\u06c1": 3.1614707596149046e-08, "\u0635": 1.6861177384612824e-07, "\u0628\u0627\u0628": 4.215294346153206e-08, "\u062a\u0631\u0645\u0630\u06cc": 4.215294346153206e-08, "\u0622\u06cc\u0627\u062a": 9.484412278844714e-08, "\u0641": 1.1697441810575147e-06, "\u062d\u0627\u06a9\u0645": 4.215294346153206e-08, "\u062d\u0646\u0628\u0644": 6.322941519229809e-08, "\u0628\u063a\u062f\u0627\u062f": 4.215294346153206e-08, "\u0622\u0634\u0648\u0628": 5.058353215383847e-07, "\u0622\u06cc\u062a": 1.7915000971151127e-07, "\u062c": 4.215294346153206e-08, "\u062d\u0627\u0634\u06cc\u06c1": 6.322941519229809e-08, "\u0631\u06a9\u0648\u0639": 3.6883825528840554e-07, "\u0627\u0644\u0641\u0631\u062f\u0648\u0633": 3.1614707596149046e-08, "\u06f1": 2.6345589663457537e-07, "\u06f2": 1.6861177384612824e-07, "\u06f1\u06f0": 3.1614707596149046e-08, "\u06f3": 2.0022648144227728e-07, "\u06f7": 3.1614707596149046e-08, "\u06f5": 6.322941519229809e-08, "\u06f4": 3.1614707596149046e-08, "\u06f6": 3.1614707596149046e-08, "\u06f1\u06f9": 3.1614707596149046e-08, "\u06f1\u06f5": 3.1614707596149046e-08, "\u0627\u062d\u0632\u0627\u0628": 3.1614707596149046e-08, "\u0634\u0646\u0628\u06c1": 3.1614707596149046e-08, "\u06f5\u06f0": 3.1614707596149046e-08, "\u06f5\u06f6": 3.1614707596149046e-08, "\u06f7\u06f5": 3.1614707596149046e-08, "\u06f7\u06f8": 3.1614707596149046e-08, "\u06f6\u06f7": 3.1614707596149046e-08, "\u06f7\u06f4": 3.1614707596149046e-08, "\u06f8\u06f4": 3.1614707596149046e-08, "\u06f7\u06f1": 3.1614707596149046e-08, "\u06f6\u06f9": 3.1614707596149046e-08, "\u06f6\u06f6": 3.1614707596149046e-08, "\u06f9\u06f5": 3.1614707596149046e-08, "\u06f1\u06f0\u06f4": 3.1614707596149046e-08, "\u06f1\u06f0\u06f1": 3.1614707596149046e-08, "\u06f8\u06f9": 3.1614707596149046e-08, "\u06f1\u06f0\u06f2": 3.1614707596149046e-08, "\u06f1\u06f1\u06f1": 3.1614707596149046e-08, "\u06f9\u06f4": 3.1614707596149046e-08, "\u0627\u0644\u0641\u0642\u06cc\u06c1": 7.376765105768111e-08, "\u0645\u062d\u0644\u0648\u0644": 5.269117932691508e-08, "\u0627\u0633\u062f\u0627\u0644\u063a\u0627\u0628\u06c1": 4.215294346153206e-08, "\u0627\u0644\u0644\u0622\u0644\u06cc": 3.1614707596149046e-08}, "\u06f4\u06f0": {"\u06a9\u06d2": 3.1614707596149046e-08, "\u0645\u06cc\u06ba": 1.4753530211536222e-07, "\u067e\u0631": 3.1614707596149046e-08, "\u0633\u06d2": 1.2645883038459618e-07, "\u0646\u06d2": 4.215294346153206e-08, "\u0627\u0648\u0631": 3.1614707596149046e-08, "\u0627\u06cc\u06a9": 6.322941519229809e-08, "\u06c1\u06cc\u06ba": 3.1614707596149046e-08, "\u062a\u0627": 3.1614707596149046e-08, "\u0644\u0626\u06d2": 4.215294346153206e-08, "\u0635": 2.6345589663457537e-07, "\u0622\u06cc\u0627\u062a": 6.322941519229809e-08, "\u0641": 7.271382747114281e-07, "\u0622\u06cc\u062a": 1.0538235865383016e-07, "\u06f2": 3.1614707596149046e-08, "\u06f7": 3.1614707596149046e-08, "\u06f2\u06f1": 3.1614707596149046e-08, "\u06f1\u06f1": 3.1614707596149046e-08, "\u06f1\u06f5": 3.1614707596149046e-08, "\u06f2\u06f7": 3.1614707596149046e-08, "\u06f2\u06f5": 3.1614707596149046e-08, "\u06f2\u06f3": 3.1614707596149046e-08, "\u06f3\u06f8": 3.1614707596149046e-08, "\u06f3\u06f9": 3.1614707596149046e-08, "\u06f5\u06f2": 3.1614707596149046e-08, "\u06f6\u06f8": 3.1614707596149046e-08, "\u06f0\u06f0\u06f0": 4.215294346153206e-08}, "\u06f4\u06f7": {"\u06a9\u06d2": 3.1614707596149046e-08, "\u0646\u0645\u0628\u0631": 5.269117932691508e-08, "\u062a\u0627": 4.215294346153206e-08, "\u0635": 1.1592059451921316e-07, "\u0641": 6.744470953845129e-07, "\u0622\u06cc\u062a": 7.376765105768111e-08, "\u062d\u0627\u0634\u06cc\u06c1": 6.322941519229809e-08, "\u06f5": 3.1614707596149046e-08, "\u06f1\u06f2": 3.1614707596149046e-08, "\u06f1\u06f6": 3.1614707596149046e-08, "\u06f1\u06f1": 3.1614707596149046e-08, "\u06f3\u06f4": 3.1614707596149046e-08, "\u06f2\u06f7": 3.1614707596149046e-08, "\u06f2\u06f9": 3.1614707596149046e-08, "\u06f5\u06f2": 3.1614707596149046e-08, "\u06f6\u06f8": 3.1614707596149046e-08, "\u06f7\u06f7": 3.1614707596149046e-08, "\u062d\u0648\u0627\u0634\u06cc\u06f4\u06f6": 3.1614707596149046e-08}, "\u06f4\u06f0\u06f0": {"\u0645\u06cc\u06ba": 5.269117932691508e-08, "\u062a\u0642\u0631\u06cc\u0628\u0627": 3.1614707596149046e-08, "\u062a\u0639\u062f\u0627\u062f": 5.269117932691508e-08, "\u0635": 5.269117932691508e-08, "\u06f0\u06f0\u06f0": 3.1614707596149046e-08}, "\u06f4\u06f4": {"\u0645\u06cc\u06ba": 3.1614707596149046e-08, "\u0646\u0645\u0628\u0631": 7.376765105768111e-08, "\u062f\u0641\u0639\u06c1": 3.1614707596149046e-08, "\u0635": 2.739941324999584e-07, "\u0641": 6.955235671152791e-07, "\u0622\u06cc\u062a": 1.1592059451921316e-07, "\u06f1\u06f0": 3.1614707596149046e-08, "\u06f7": 3.1614707596149046e-08, "\u06f1\u06f1": 3.1614707596149046e-08, "\u06f1\u06f9": 3.1614707596149046e-08, "\u06f3\u06f4": 3.1614707596149046e-08, "\u06f1\u06f5": 3.1614707596149046e-08, "\u06f2\u06f7": 3.1614707596149046e-08, "\u06f2\u06f5": 3.1614707596149046e-08, "\u06f5\u06f1": 3.1614707596149046e-08, "\u06f3\u06f9": 3.1614707596149046e-08, "\u06f6\u06f8": 3.1614707596149046e-08, "\u06f5\u06f4": 3.1614707596149046e-08}, "\u06f4\u06f5": {"\u0633\u06d2": 3.1614707596149046e-08, "\u0639\u0645\u0631": 3.1614707596149046e-08, "\u0635": 6.322941519229809e-08, "\u0622\u06cc\u0627\u062a": 4.215294346153206e-08, "\u0641": 6.84985331249896e-07, "\u0622\u06cc\u062a": 5.269117932691508e-08, "\u062d\u0627\u0634\u06cc\u06c1": 3.1614707596149046e-08, "\u06f2": 3.1614707596149046e-08, "\u06f1\u06f2": 3.1614707596149046e-08, "\u06f2\u06f0": 3.1614707596149046e-08, "\u06f2\u06f1": 3.1614707596149046e-08, "\u06f1\u06f1": 3.1614707596149046e-08, "\u06f2\u06f7": 3.1614707596149046e-08, "\u06f2\u06f3": 3.1614707596149046e-08, "\u06f2\u06f6": 3.1614707596149046e-08, "\u06f4\u06f3": 3.1614707596149046e-08, "\u06f4\u06f2": 3.1614707596149046e-08, "\u06f4\u06f0": 3.1614707596149046e-08, "\u06f5\u06f4": 3.1614707596149046e-08, "\u0627\u0644\u0639\u0646\u06a9\u0628\u0648\u062a": 4.215294346153206e-08}, "\u06f4\u06f2": {"\u0646\u06d2": 3.1614707596149046e-08, "\u06c1\u06d2": 4.215294346153206e-08, "\u0646\u0645\u0628\u0631": 3.1614707596149046e-08, "\u06af\u06d2": 3.1614707596149046e-08, "\u062a\u0627": 3.1614707596149046e-08, "\u0635": 6.322941519229809e-08, "\u0641": 6.955235671152791e-07, "\u0622\u06cc\u062a": 4.215294346153206e-08, "\u062d\u0627\u0634\u06cc\u06c1": 4.215294346153206e-08, "\u06f1\u06f0": 3.1614707596149046e-08, "\u06f1\u06f1": 3.1614707596149046e-08, "\u06f2\u06f7": 3.1614707596149046e-08, "\u06f2\u06f5": 3.1614707596149046e-08, "\u06f2\u06f3": 3.1614707596149046e-08, "\u06f3\u06f3": 3.1614707596149046e-08, "\u06f5\u06f0": 3.1614707596149046e-08, "\u06f4\u06f4": 3.1614707596149046e-08, "\u06f5\u06f2": 3.1614707596149046e-08, "\u06f8\u06f0": 3.1614707596149046e-08, "\u06f6\u06f9": 3.1614707596149046e-08}, "\u06f4\u06f3": {"\u06c1\u06d2": 4.215294346153206e-08, "\u0646\u0645\u0628\u0631": 6.322941519229809e-08, "\u06af\u06d2": 3.1614707596149046e-08, "\u0635": 1.6861177384612824e-07, "\u0641": 6.955235671152791e-07, "\u0622\u06cc\u062a": 3.1614707596149046e-08, "\u062d\u0627\u0634\u06cc\u06c1": 5.269117932691508e-08, "\u06f2": 3.1614707596149046e-08, "\u06f1\u06f0": 3.1614707596149046e-08, "\u06f2\u06f0": 3.1614707596149046e-08, "\u06f1\u06f6": 3.1614707596149046e-08, "\u06f1\u06f9": 3.1614707596149046e-08, "\u06f2\u06f6": 3.1614707596149046e-08,