{"\u06f5\u06f0": {"\u0645\u06cc\u06ba": 1.0538235865383016e-07, "\u0633\u06d2": 3.1614707596149046e-08, "\u0627\u0648\u0631": 9.484412278844714e-08, "\u0627\u06cc\u06a9": 1.8968824557689427e-07, "\u062a\u0642\u0631\u06cc\u0628\u0627": 3.1614707596149046e-08, "\u0646\u0645\u0628\u0631": 7.376765105768111e-08, "\u062a\u0627": 2.1076471730766031e-07, "\u0633\u0641\u06cc\u062f": 4.215294346153206e-08, "\u0635\u0641\u062d\u06c1": 3.1614707596149046e-08, "\u0635": 7.376765105768111e-08, "\u0641": 6.533706236537469e-07, "\u0622\u06cc\u062a": 1.369970662499792e-07, "\u062d\u0627\u0634\u06cc\u06c1": 9.484412278844714e-08, "\u06f3": 3.1614707596149046e-08, "\u06f1\u06f2": 3.1614707596149046e-08, "\u06f2\u06f0": 3.1614707596149046e-08, "\u06f1\u06f7": 3.1614707596149046e-08, "\u06f3\u06f4": 3.1614707596149046e-08, "\u06f2\u06f7": 3.1614707596149046e-08, "\u06f4\u06f0": 3.1614707596149046e-08, "\u06f5\u06f6": 3.1614707596149046e-08, "\u06f6\u06f8": 3.1614707596149046e-08, "\u06f4\u06f9": 3.1614707596149046e-08, "\u06f5\u06f5": 3.1614707596149046e-08}, "\u06f5": {"\u0645\u06cc\u06ba": 5.269117932691508e-08, "\u0633\u06d2": 1.1592059451921316e-07, "\u0627\u0648\u0631": 1.5807353798074523e-07, "\u0627\u06cc\u06a9": 4.952970856730017e-07, "\u06a9\u06c1": 3.1614707596149046e-08, "\u0648\u06c1": 3.1614707596149046e-08, "\u06c1\u06d2": 7.376765105768111e-08, "\u0641\u0642\u0637": 3.1614707596149046e-08, "\u062a\u0642\u0631\u06cc\u0628\u0627": 6.322941519229809e-08, "\u067e\u0627\u0646\u0686": 3.1614707596149046e-08, "\u0635\u0631\u0641": 3.1614707596149046e-08, "\u06cc\u0627": 4.215294346153206e-08, "\u06a9\u0627\u0641\u06cc": 8.430588692306412e-08, "\u0633\u0646": 4.215294346153206e-08, "\u0646\u0645\u0628\u0631": 4.4260590634608664e-07, "\u062a\u0627": 3.2668531182687346e-07, "\u062c\u0644\u062f": 1.0538235865383016e-07, "\u062a\u06c1\u0630\u06cc\u0628": 3.1614707596149046e-08, "\u0635": 1.5807353798074523e-07, "\u0628\u0627\u0628": 8.430588692306412e-08, "\u062a\u0631\u0645\u0630\u06cc": 2.0022648144227728e-07, "\u0627\u0644\u0642\u0639\u062f\u06c1": 4.215294346153206e-08, "\u062e\u0627\u0644\u0635": 4.215294346153206e-08, "\u0622\u06cc\u0627\u062a": 1.1592059451921316e-07, "\u0641": 1.1697441810575147e-06, "\u0632\u0639\u0641\u0631\u0627\u0646": 3.1614707596149046e-08, "\u062d\u0646\u0628\u0644": 4.215294346153206e-08, "\u0634\u0648\u0627\u0644": 1.0538235865383016e-07, "\u0622\u06cc\u062a": 2.2130295317304332e-07, "\u062c": 1.5807353798074523e-07, "\u062d\u0627\u0634\u06cc\u06c1": 7.376765105768111e-08, "\u0627\u0644\u0645\u0627\u0626\u062f\u06c1": 4.215294346153206e-08, "\u0631\u06a9\u0648\u0639": 4.109911987499376e-07, "\u06f1": 1.6861177384612824e-07, "\u06f2": 1.1592059451921316e-07, "\u06f1\u06f0": 5.269117932691508e-08, "\u06f3": 1.0538235865383016e-07, "\u06f7": 8.430588692306412e-08, "\u06f5": 2.4237942490380936e-07, "\u06f4": 1.369970662499792e-07, "\u06f1\u06f2": 3.1614707596149046e-08, "\u06f9": 6.322941519229809e-08, "\u06f8": 7.376765105768111e-08, "\u06f6": 9.484412278844714e-08, "\u06f1\u06f3": 4.215294346153206e-08, "\u06f2\u06f1": 3.1614707596149046e-08, "\u06f1\u06f6": 3.1614707596149046e-08, "\u06f1\u06f1": 4.215294346153206e-08, "\u06f1\u06f9": 3.1614707596149046e-08, "\u06f1\u06f5": 3.1614707596149046e-08, "\u06f2\u06f2": 3.1614707596149046e-08, "\u06f3\u06f2": 3.1614707596149046e-08, "\u06f2\u06f8": 3.1614707596149046e-08, "\u0634\u0646\u0628\u06c1": 3.1614707596149046e-08, "\u0637\u0628\u0631\u06cc": 3.1614707596149046e-08, "\u06f8\u06f6": 3.1614707596149046e-08, "\u06f7\u06f3": 3.1614707596149046e-08, "\u062d\u0648\u0627\u0634\u06cc": 4.215294346153206e-08, "\u06f7\u06f8": 3.1614707596149046e-08, "\u06f7\u06f2": 3.1614707596149046e-08, "\u06f8\u06f1": 3.1614707596149046e-08, "\u06f7\u06f4": 3.1614707596149046e-08, "\u06f8\u06f4": 3.1614707596149046e-08, "\u06f8\u06f3": 3.1614707596149046e-08, "\u06f9\u06f9": 3.1614707596149046e-08, "\u06f1\u06f0\u06f4": 3.1614707596149046e-08, "\u0645\u0635\u0637\u06af\u06cc": 3.1614707596149046e-08, "\u06f1\u06f0\u06f2": 3.1614707596149046e-08, "\u0627\u0644\u062f\u0631\u062c\u0627\u062a": 4.215294346153206e-08, "\u06f9\u06f4": 3.1614707596149046e-08, "\u0627\u0644\u0627\u0648\u0644\u06cc\u0627\u0621": 3.1614707596149046e-08, "\u0646\u0642\u0631\u06c1": 3.1614707596149046e-08, "\u0627\u0644\u0628\u06cc\u0646\u06c3": 4.215294346153206e-08}, "\u06f5\u06f0\u06f0": {"\u0645\u06cc\u06ba": 3.1614707596149046e-08, "\u0627\u0648\u0631": 4.215294346153206e-08, "\u062a\u0639\u062f\u0627\u062f": 5.269117932691508e-08, "\u06a9\u0644": 3.1614707596149046e-08, "\u06f5\u06f0\u06f0\u062d\u062f\u06cc\u062b": 3.1614707596149046e-08}, "\u06f5\u06f6": {"\u0633\u06d2": 3.1614707596149046e-08, "\u0635": 2.2130295317304332e-07, "\u0641": 6.112176801922149e-07, "\u0622\u06cc\u062a": 1.2645883038459618e-07, "\u06f4": 3.1614707596149046e-08, "\u06f1\u06f8": 3.1614707596149046e-08, "\u06f2\u06f1": 3.1614707596149046e-08, "\u06f1\u06f6": 3.1614707596149046e-08, "\u06f1\u06f1": 3.1614707596149046e-08, "\u06f1\u06f5": 3.1614707596149046e-08, "\u06f3\u06f9": 3.1614707596149046e-08, "\u06f2\u06f8": 3.1614707596149046e-08, "\u06f4\u06f3": 3.1614707596149046e-08, "\u06f5\u06f5": 3.1614707596149046e-08, "\u0627\u0644\u0627\u0639\u0631\u0627\u0641": 3.1614707596149046e-08, "\u0627\u0644\u0630\u0627\u0631\u06cc\u0627\u062a": 3.1614707596149046e-08}, "\u06f5\u06f5": {"\u0627\u0648\u0631": 3.1614707596149046e-08, "\u06c1\u06cc\u06ba": 3.1614707596149046e-08, "\u06c1\u06d2": 3.1614707596149046e-08, "\u062a\u0627": 3.1614707596149046e-08, "\u0635": 8.430588692306412e-08, "\u0622\u06cc\u0627\u062a": 4.215294346153206e-08, "\u0641": 6.112176801922149e-07, "\u0622\u06cc\u062a": 1.5807353798074523e-07, "\u062d\u0627\u0634\u06cc\u06c1": 3.1614707596149046e-08, "\u06f1\u06f0": 3.1614707596149046e-08, "\u06f1\u06f2": 3.1614707596149046e-08, "\u06f6": 3.1614707596149046e-08, "\u06f2\u06f4": 3.1614707596149046e-08, "\u06f3\u06f7": 3.1614707596149046e-08, "\u06f4\u06f0": 3.1614707596149046e-08}, "\u06f5\u06f4": {"\u06c1\u06cc\u06ba": 4.215294346153206e-08, "\u0635\u0641\u062d\u06c1": 3.1614707596149046e-08, "\u0635": 1.8968824557689427e-07, "\u0641": 5.901412084614489e-07, "\u0622\u06cc\u062a": 9.484412278844714e-08, "\u062d\u0627\u0634\u06cc\u06c1": 3.1614707596149046e-08, "\u0627\u0644\u0645\u0627\u0626\u062f\u06c1": 3.1614707596149046e-08, "\u06f1\u06f0": 3.1614707596149046e-08, "\u06f3": 3.1614707596149046e-08, "\u06f1\u06f2": 3.1614707596149046e-08, "\u06f2\u06f1": 3.1614707596149046e-08, "\u06f1\u06f6": 3.1614707596149046e-08, "\u06f1\u06f9": 3.1614707596149046e-08, "\u06f1\u06f5": 3.1614707596149046e-08, "\u06f2\u06f8": 3.1614707596149046e-08, "\u06f4\u06f3": 3.1614707596149046e-08, "\u06f4\u06f1": 3.1614707596149046e-08, "\u06f5\u06f5": 3.1614707596149046e-08}, "\u06f5\u06f2": {"\u06c1\u06d2": 3.1614707596149046e-08, "\u0635": 1.4753530211536222e-07, "\u0622\u06cc\u0627\u062a": 7.376765105768111e-08, "\u0641": 6.428323877883639e-07, "\u0622\u06cc\u062a": 1.0538235865383016e-07, "\u06f1\u06f0": 3.1614707596149046e-08, "\u06f3": 3.1614707596149046e-08, "\u06f7": 3.1614707596149046e-08, "\u06f1\u06f2": 3.1614707596149046e-08, "\u06f9": 3.1614707596149046e-08, "\u06f2\u06f0": 3.1614707596149046e-08, "\u06f8": 3.1614707596149046e-08, "\u06f1\u06f6": 3.1614707596149046e-08, "\u06f2\u06f6": 3.1614707596149046e-08, "\u06f4\u06f3": 3.1614707596149046e-08, "\u06f3\u06f7": 3.1614707596149046e-08, "\u06f4\u06f0": 3.1614707596149046e-08, "\u06f5\u06f6": 3.1614707596149046e-08, "\u06f5\u06f4": 3.1614707596149046e-08, "\u06f5\u06f5": 3.1614707596149046e-08}, "\u06f5\u06f7": {"\u0646\u0645\u0628\u0631": 3.1614707596149046e-08, "\u0635": 1.1592059451921316e-07, "\u0622\u06cc\u0627\u062a": 3.1614707596149046e-08, "\u0641": 6.112176801922149e-07, "\u0622\u06cc\u062a": 8.430588692306412e-08, "\u06f2": 3.1614707596149046e-08, "\u06f1\u06f5": 3.1614707596149046e-08, "\u06f2\u06f7": 3.1614707596149046e-08, "\u06f2\u06f6": 3.1614707596149046e-08,