{"\u06f8": {"\u0645\u06cc\u06ba": 3.1614707596149046e-08, "\u0633\u06d2": 3.1614707596149046e-08, "\u0627\u0648\u0631": 4.215294346153206e-08, "\u0627\u06cc\u06a9": 1.369970662499792e-07, "\u06c1\u0648": 3.1614707596149046e-08, "\u06a9\u0627\u0641\u06cc": 2.739941324999584e-07, "\u0622\u0679\u06be": 4.215294346153206e-08, "\u0633\u0646": 5.269117932691508e-08, "\u0646\u0645\u0628\u0631": 3.1614707596149046e-07, "\u0635\u0641\u062d\u06c1": 3.1614707596149046e-08, "\u0635": 1.0538235865383016e-07, "\u0628\u0627\u0628": 3.1614707596149046e-08, "\u0622\u06cc\u0627\u062a": 2.2130295317304332e-07, "\u0641": 1.0749000582690675e-06, "\u0622\u06cc\u062a": 2.0022648144227728e-07, "\u062c": 5.269117932691508e-08, "\u062d\u0627\u0634\u06cc\u06c1": 3.1614707596149046e-08, "\u0631\u06a9\u0648\u0639": 1.2645883038459618e-07, "\u06f7": 3.1614707596149046e-08, "\u06f9": 4.215294346153206e-08, "\u06f6": 7.376765105768111e-08, "\u06f1\u06f4": 3.1614707596149046e-08, "\u06f2\u06f1": 3.1614707596149046e-08, "\u06f1\u06f9": 3.1614707596149046e-08, "\u06f1\u06f5": 3.1614707596149046e-08, "\u06f2\u06f6": 3.1614707596149046e-08, "\u06f4\u06f7": 3.1614707596149046e-08, "\u06f2\u06f8": 3.1614707596149046e-08, "\u06f5\u06f3": 3.1614707596149046e-08, "\u0634\u0646\u0628\u06c1": 4.215294346153206e-08, "\u06f4\u06f4": 3.1614707596149046e-08, "\u06f8\u06f0": 3.1614707596149046e-08, "\u06f7\u06f4": 3.1614707596149046e-08, "\u06f9\u06f9": 3.1614707596149046e-08, "\u06f9\u06f5": 3.1614707596149046e-08, "\u06f1\u06f0\u06f4": 3.1614707596149046e-08, "\u06f1\u06f0\u06f1": 3.1614707596149046e-08, "\u06f9\u06f0": 3.1614707596149046e-08, "\u06f6\u06f4": 3.1614707596149046e-08, "\u0627\u0644\u06a9\u0628\u0631\u06cc": 3.1614707596149046e-08, "\u06f7\u06f9": 3.1614707596149046e-08}, "\u06f8\u06f0": {"\u067e\u0631": 3.1614707596149046e-08, "\u06a9\u06cc": 3.1614707596149046e-08, "\u0633\u06d2": 3.1614707596149046e-08, "\u06c1\u06cc\u06ba": 3.1614707596149046e-08, "\u062a\u0642\u0631\u06cc\u0628\u0627": 3.1614707596149046e-08, "\u0646\u0645\u0628\u0631": 4.215294346153206e-08, "\u0635\u0641\u062d\u06c1": 4.215294346153206e-08, "\u0635": 9.484412278844714e-08, "\u0641": 4.742206139422357e-07, "\u0622\u06cc\u062a": 4.215294346153206e-08, "\u062d\u0627\u0634\u06cc\u06c1": 4.215294346153206e-08, "\u06f1\u06f2": 3.1614707596149046e-08, "\u06f6": 3.1614707596149046e-08, "\u06f1\u06f8": 3.1614707596149046e-08, "\u06f1\u06f1": 3.1614707596149046e-08, "\u06f3\u06f8": 3.1614707596149046e-08, "\u06f2\u06f8": 3.1614707596149046e-08, "\u06f0\u06f0\u06f0": 3.1614707596149046e-08, "\u06cc\u0631\u0627": 5.269117932691508e-08}, "\u06f8\u06f3": {"\u0627\u0648\u0631": 3.1614707596149046e-08, "\u0646\u0645\u0628\u0631": 4.215294346153206e-08, "\u062a\u0627": 3.1614707596149046e-08, "\u0635": 1.0538235865383016e-07, "\u0622\u06cc\u0627\u062a": 5.269117932691508e-08, "\u0641": 4.5314414221146965e-07, "\u062d\u0627\u0634\u06cc\u06c1": 3.1614707596149046e-08, "\u06f1": 3.1614707596149046e-08, "\u06f7": 3.1614707596149046e-08, "\u06f1\u06f2": 3.1614707596149046e-08, "\u06f9": 3.1614707596149046e-08, "\u06f6": 3.1614707596149046e-08, "\u06f1\u06f8": 3.1614707596149046e-08, "\u06f2\u06f3": 3.1614707596149046e-08, "\u06f2\u06f6": 3.1614707596149046e-08, "\u06f3\u06f8": 3.1614707596149046e-08, "\u06f2\u06f8": 3.1614707596149046e-08, "\u06f3\u06f7": 3.1614707596149046e-08, "\u06f4\u06f0": 3.1614707596149046e-08, "\u0627\u0644\u0628\u0642\u0631\u06c3": 3.1614707596149046e-08}, "\u06f8\u06f7": {"\u06c1\u06cc\u06ba": 4.215294346153206e-08, "\u0646\u0645\u0628\u0631": 6.322941519229809e-08, "\u0635": 1.1592059451921316e-07, "\u062d\u0633\u0631\u062a": 3.1614707596149046e-08, "\u0641": 4.6368237807685265e-07, "\u0622\u06cc\u062a": 5.269117932691508e-08, "\u06f2": 3.1614707596149046e-08, "\u06f1\u06f2": 3.1614707596149046e-08, "\u06f1\u06f1": 3.1614707596149046e-08, "\u06f2\u06f3": 3.1614707596149046e-08}, "\u06f8\u06f8": {"\u06c1\u06d2": 4.215294346153206e-08, "\u0646\u0645\u0628\u0631": 3.1614707596149046e-08, "\u0635": 1.5807353798074523e-07, "\u0622\u06cc\u0627\u062a": 5.269117932691508e-08, "\u0641": 4.5314414221146965e-07, "\u0622\u06cc\u062a": 7.376765105768111e-08, "\u06f7": 3.1614707596149046e-08, "\u06f1\u06f2": 3.1614707596149046e-08, "\u06f1\u06f8": 3.1614707596149046e-08, "\u06f3\u06f7": 3.1614707596149046e-08}, "\u06f8\u06f5": {"\u0646\u0645\u0628\u0631": 5.269117932691508e-08, "\u062a\u0627": 6.322941519229809e-08, "\u062d\u0633\u0646": 3.1614707596149046e-08, "\u0635\u0641\u062d\u06c1": 5.269117932691508e-08, "\u0635": 1.0538235865383016e-07, "\u0622\u06cc\u0627\u062a": 3.1614707596149046e-08, "\u0641": 4.6368237807685265e-07, "\u0622\u06cc\u062a": 4.215294346153206e-08, "\u06f2": 3.1614707596149046e-08, "\u06f5": 3.1614707596149046e-08, "\u06f2\u06f0": 3.1614707596149046e-08, "\u06f1\u06f6": 3.1614707596149046e-08, "\u06f1\u06f7": 3.1614707596149046e-08, "\u06f1\u06f1": 3.1614707596149046e-08, "\u06f2\u06f7": 3.1614707596149046e-08, "\u06f2\u06f3": 3.1614707596149046e-08}, "\u06f8\u06f4": {"\u0646\u0645\u0628\u0631": 4.215294346153206e-08, "\u062a\u0627": 3.1614707596149046e-08, "\u0635": 1.369970662499792e-07, "\u0641": 4.6368237807685265e-07, "\u0622\u06cc\u062a": 8.430588692306412e-08, "\u062d\u0627\u0634\u06cc\u06c1": 3.1614707596149046e-08, "\u06f2": 3.1614707596149046e-08, "\u06f7": 3.1614707596149046e-08, "\u06f5": 3.1614707596149046e-08, "\u06f1\u06f2": 3.1614707596149046e-08, "\u06f2\u06f0": 3.1614707596149046e-08, "\u06f2\u06f1": 3.1614707596149046e-08, "\u06f1\u06f9": 3.1614707596149046e-08, "\u06f1\u06f5": 3.1614707596149046e-08, "\u06f2\u06f3": 3.1614707596149046e-08, "\u06f3\u06f8": 3.1614707596149046e-08}, "\u06f8\u06f2": {"\u0646\u0645\u0628\u0631": 3.1614707596149046e-08, "\u0635": 1.4753530211536222e-07, "\u0641": 4.742206139422357e-07, "\u0622\u06cc\u062a": 4.215294346153206e-08, "\u06f1\u06f7": 3.1614707596149046e-08, "\u06f1\u06f1": 3.1614707596149046e-08, "\u06f4\u06f3": 3.1614707596149046e-08, "\u06f5\u06f6": 3.1614707596149046e-08}, "\u06f8\u06f1": {"\u0635\u0641\u062d\u06c1": 3.1614707596149046e-08, "\u0635": 9.484412278844714e-08, "\u0641": 4.742206139422357e-07, "\u0622\u06cc\u062a": 5.269117932691508e-08, "\u06f7": 3.1614707596149046e-08, "\u06f6": 3.1614707596149046e-08, "\u06f1\u06f8": 3.1614707596149046e-08, "\u06f2\u06f1": 3.1614707596149046e-08, "\u06f3\u06f6": 3.1614707596149046e-08, "\u06f1\u06f9": 3.1614707596149046e-08, "\u06f2\u06f8": 3.1614707596149046e-08, "\u06f7\u06f4": 3.1614707596149046e-08}, "\u06f8\u06f6": {"\u0635": 9.484412278844714e-08, "\u0641": 4.6368237807685265e-07, "\u0622\u06cc\u062a": 3.1614707596149046e-08, "\u062d\u0627\u0634\u06cc\u06c1": 3.1614707596149046e-08, "\u06f7": 3.1614707596149046e-08, "\u06f1\u06f2": 3.1614707596149046e-08, "\u06f2\u06f0": 3.1614707596149046e-08, "\u06f1\u06f8": 3.1614707596149046e-08, "\u06f1\u06f6": 3.1614707596149046e-08, "\u06f1\u06f7": 3.1614707596149046e-08, "\u06f2\u06f8": 3.1614707596149046e-08}, "\u06f8\u06f9": {"\u0635": 4.215294346153206e-08, "\u0641": 4.3206767048070363e-07, "\u0622\u06cc\u062a": 4.215294346153206e-08, "\u06f7": 3.1614707596149046e-08, "\u06f5": 3.1614707596149046e-08, "\u06f1\u06f2": 3.1614707596149046e-08, "\u06f2\u06f0": 3.1614707596149046e-08, "\u06f2\u06f3": 3.1614707596149046e-08, "\u0627\u0644\u0645\u0627\u0626\u062f\u06c3": 3.1614707596149046e-08}, "\u06f8\u062d\u062f\u06cc\u062b": {"\u06f1\u06f0": 3.1614707596149046e-08}}