{"\u06f9": {"\u06a9\u06d2": 3.1614707596149046e-08, "\u0645\u06cc\u06ba": 9.484412278844714e-08, "\u06a9\u06cc": 3.1614707596149046e-08, "\u0633\u06d2": 4.215294346153206e-08, "\u0628\u0639\u062f": 3.1614707596149046e-08, "\u0646\u06d2": 3.1614707596149046e-08, "\u06a9\u0648": 5.269117932691508e-08, "\u0627\u0648\u0631": 3.1614707596149046e-08, "\u0627\u06cc\u06a9": 9.484412278844714e-08, "\u06a9\u06c1": 6.322941519229809e-08, "\u06c1\u06cc\u06ba": 3.1614707596149046e-08, "\u0635\u0631\u0641": 3.1614707596149046e-08, "\u0633\u0627\u062a\u06be": 3.1614707596149046e-08, "\u0646\u0648": 1.1592059451921316e-07, "\u0627\u0644\u062d\u0642": 1.369970662499792e-07, "\u0633\u0646": 8.430588692306412e-08, "\u0646\u0645\u0628\u0631": 1.8968824557689427e-07, "\u0635\u0628\u062d": 4.215294346153206e-08, "\u0635\u0641\u062d\u0627\u062a": 3.1614707596149046e-08, "\u0635": 1.7915000971151127e-07, "\u0622\u06cc\u0627\u062a": 5.269117932691508e-08, "\u0641": 1.0222088789421526e-06, "\u062d\u0646\u0628\u0644": 3.1614707596149046e-08, "\u0633\u0646\u06c1": 3.1614707596149046e-08, "\u0622\u06cc\u062a": 8.430588692306412e-08, "\u062d\u0627\u0634\u06cc\u06c1": 6.322941519229809e-08, "\u0631\u06a9\u0648\u0639": 1.8968824557689427e-07, "\u06f4": 3.1614707596149046e-08, "\u06f9": 3.1614707596149046e-08, "\u06f8": 3.1614707596149046e-08, "\u06f6": 3.1614707596149046e-08, "\u06f1\u06f4": 3.1614707596149046e-08, "\u06f1\u06f9": 3.1614707596149046e-08, "\u06f4\u06f6": 3.1614707596149046e-08, "\u0634\u0646\u0628\u06c1": 5.269117932691508e-08, "\u06f6\u06f1": 3.1614707596149046e-08, "\u06f7\u06f5": 3.1614707596149046e-08, "\u06f5\u06f7": 3.1614707596149046e-08, "\u06f8\u06f2": 3.1614707596149046e-08, "\u0627\u0644\u0628\u06cc\u0627\u0646": 4.215294346153206e-08, "\u06f8\u06f1": 3.1614707596149046e-08, "\u06f8\u06f4": 3.1614707596149046e-08, "\u06f7\u06f1": 3.1614707596149046e-08, "\u06f8\u06f3": 3.1614707596149046e-08, "\u06f7\u06f0": 3.1614707596149046e-08, "\u06f1\u06f0\u06f4": 3.1614707596149046e-08, "\u06f8\u06f9": 3.1614707596149046e-08, "\u06f9\u06f2": 3.1614707596149046e-08, "\u0627\u0644\u0632\u0648\u0627\u0626\u062f": 6.322941519229809e-08, "\u0627\u0644\u062d\u062c\u0631\u0627\u062a": 3.1614707596149046e-08, "\u0627\u0644\u062a\u0648\u0628\u06c1": 6.322941519229809e-08}, "\u06f9\u06f0": {"\u0645\u06cc\u06ba": 3.1614707596149046e-08, "\u0646\u0645\u0628\u0631": 4.215294346153206e-08, "\u0635": 8.430588692306412e-08, "\u0622\u06cc\u0627\u062a": 3.1614707596149046e-08, "\u0641": 4.3206767048070363e-07, "\u0622\u06cc\u062a": 6.322941519229809e-08, "\u06f7": 3.1614707596149046e-08, "\u06f1\u06f2": 3.1614707596149046e-08, "\u06f2\u06f0": 3.1614707596149046e-08, "\u06f2\u06f1": 3.1614707596149046e-08, "\u06f2\u06f3": 3.1614707596149046e-08}, "\u06f9\u06f9\u06f9\u06f1\u0621": {"\u0627\u06a9\u062a\u0648\u0628\u0631": 5.269117932691508e-08}, "\u06f9\u06f9": {"\u0646\u0645\u0628\u0631": 3.1614707596149046e-08, "\u0635": 8.430588692306412e-08, "\u0641": 4.109911987499376e-07, "\u062d\u0627\u0634\u06cc\u06c1": 4.215294346153206e-08, "\u06f7": 3.1614707596149046e-08, "\u06f1\u06f2": 3.1614707596149046e-08, "\u06f2\u06f0": 3.1614707596149046e-08, "\u06f1\u06f8": 3.1614707596149046e-08, "\u06f1\u06f7": 3.1614707596149046e-08, "\u06f1\u06f1": 3.1614707596149046e-08, "\u06f2\u06f3": 3.1614707596149046e-08, "\u06f3\u06f7": 3.1614707596149046e-08}, "\u06f9\u06f8": {"\u0646\u0645\u0628\u0631": 3.1614707596149046e-08, "\u0635": 7.376765105768111e-08, "\u0641": 4.4260590634608664e-07, "\u0622\u06cc\u062a": 6.322941519229809e-08, "\u06f7": 3.1614707596149046e-08, "\u06f1\u06f2": 3.1614707596149046e-08, "\u06f2\u06f1": 3.1614707596149046e-08, "\u06f1\u06f1": 3.1614707596149046e-08}, "\u06f9\u06f3": {"\u0646\u0645\u0628\u0631": 3.1614707596149046e-08, "\u0635\u0641\u062d\u06c1": 3.1614707596149046e-08, "\u0635": 4.215294346153206e-08, "\u0641": 4.4260590634608664e-07, "\u0622\u06cc\u062a": 9.484412278844714e-08, "\u06f1\u06f0": 3.1614707596149046e-08, "\u06f1\u06f8": 3.1614707596149046e-08, "\u06f2\u06f1": 3.1614707596149046e-08, "\u06f2\u06f6": 3.1614707596149046e-08}, "\u06f9\u06f5": {"\u0646\u0645\u0628\u0631": 3.1614707596149046e-08, "\u0635": 1.7915000971151127e-07, "\u0641": 4.3206767048070363e-07, "\u06f1\u06f0": 3.1614707596149046e-08, "\u06f2\u06f0": 3.1614707596149046e-08, "\u06f1\u06f8": 3.1614707596149046e-08, "\u06f1\u06f7": 3.1614707596149046e-08}, "\u06f9\u06f1": {"\u0646\u0645\u0628\u0631": 3.1614707596149046e-08, "\u0627\u0646\u0688\u0631": 9.484412278844714e-08, "\u0635": 1.5807353798074523e-07, "\u0641": 4.2152943461532063e-07, "\u06f1\u06f0": 3.1614707596149046e-08, "\u06f1\u06f2": 3.1614707596149046e-08, "\u06f1\u06f6": 3.1614707596149046e-08, "\u06f1\u06f1": 3.1614707596149046e-08, "\u06f2\u06f7": 3.1614707596149046e-08, "\u06f2\u06f6": 3.1614707596149046e-08, "\u06f9\u06f0": 3.1614707596149046e-08, "\u0627\u0644\u0646\u062d\u0644": 3.1614707596149046e-08}, "\u06f9\u06f4": {"\u0635": 1.6861177384612824e-07, "\u0641": 4.3206767048070363e-07, "\u06f7": 3.1614707596149046e-08, "\u06f9": 3.1614707596149046e-08, "\u06f2\u06f0": 3.1614707596149046e-08, "\u06f6": 3.1614707596149046e-08, "\u06f1\u06f8": 3.1614707596149046e-08, "\u06f1\u06f7": 3.1614707596149046e-08, "\u06f1\u06f1": 3.1614707596149046e-08, "\u06f2\u06f6": 3.1614707596149046e-08}, "\u06f9\u06f7": {"\u0635": 1.5807353798074523e-07, "\u0641": 4.3206767048070363e-07, "\u0622\u06cc\u062a": 1.1592059451921316e-07, "\u06f1\u06f8": 3.1614707596149046e-08, "\u06f1\u06f1": 3.1614707596149046e-08, "\u06f1\u06f9": 3.1614707596149046e-08, "\u06f1\u06f5": 3.1614707596149046e-08, "\u06f3\u06f7": 3.1614707596149046e-08}, "\u06f9\u06f6": {"\u0635": 1.0538235865383016e-07, "\u0622\u06cc\u0627\u062a": 3.1614707596149046e-08, "\u0641": 4.2152943461532063e-07, "\u06f1": 3.1614707596149046e-08, "\u06f1\u06f2": 3.1614707596149046e-08, "\u06f2\u06f0": 3.1614707596149046e-08}, "\u06f9\u06f2": {"\u0635": 4.215294346153206e-08, "\u0627\u0644\u0646\u0633\u0627\u0621": 4.215294346153206e-08, "\u0641": 4.4260590634608664e-07, "\u06f2": 3.1614707596149046e-08, "\u06f5": 3.1614707596149046e-08, "\u06f1\u06f2": 3.1614707596149046e-08, "\u06f2\u06f0": 3.1614707596149046e-08, "\u06f2\u06f1": 3.1614707596149046e-08, "\u06f1\u06f1": 3.1614707596149046e-08, "\u06f1\u06f9": 3.1614707596149046e-08}, "\u06f9\u06f9\u06f9\u06be": {"\u0633\u0646\u06c1": 5.269117932691508e-08}, "\u06f9\u06f8\u06f1\u06be": {"\u0633\u0646\u06c1": 4.215294346153206e-08}, "\u06f9\u06f6\u06f0\u06be": {"\u0633\u0646\u06c1": 3.1614707596149046e-08}, "\u06f9\u06f9\u06f3\u06be": {"\u0633\u0646\u06c1": 3.1614707596149046e-08}, "\u06f9\u06f8\u06f3\u06be": {"\u0633\u0646\u06c1": 3.1614707596149046e-08}, "\u06f9\u06f1\u06f1": {"\u0645\u062a\u0648\u0641\u06cc": 4.215294346153206e-08}}