{"\u0621": {"\u0627\u0648\u0631": 1.422661841826707e-06, "\u06a9\u0627": 1.6018118515382182e-06, "\u0645\u06cc\u06ba": 2.323681008316955e-05, "\u06a9\u06d2": 1.1465600621536721e-05, "\u06a9\u0648": 7.5980680589411545e-06, "\u0633\u06d2": 4.447135535191633e-06, "\u06a9\u06cc": 4.162603166826291e-06, "\u062a\u06a9": 3.951838449518631e-06, "\u0627\u0644\u0644\u06c1": 1.7915000971151126e-06, "\u0627\u0644\u062d\u0642": 1.2645883038459618e-06, "\u067e\u0631": 7.798294540383431e-07, "\u06be": 7.798294540383431e-07, "\u0646\u06d2": 5.690647367306829e-07, "\u0648": 5.585265008652998e-07, "\u06a9\u06cc\u0644\u0626\u06d2": 2.6345589663457537e-07, "\u062a\u0627": 2.2130295317304332e-07, "\u06c1\u06d2": 1.5807353798074523e-07, "\u0627\u0638\u06c1\u0627\u0631": 1.4753530211536222e-07, "\u0627\u0642\u062a\u062f\u0627\u0631": 1.0538235865383016e-07, "\u0646\u0638\u0631": 9.484412278844714e-08, "\u067e\u0627\u06a9\u0633\u062a\u0627\u0646": 9.484412278844714e-08, "\u0642\u0648\u0645\u06cc": 8.430588692306412e-08, "\u0639\u0645\u0644": 7.376765105768111e-08, "\u0639\u0627\u0644\u0645": 7.376765105768111e-08, "\u0630\u0627\u062a": 6.322941519229809e-08, "\u0631\u0648\u0632\u06af\u0627\u0631": 6.322941519229809e-08, "\u0627\u0644\u062f\u06cc\u0646": 6.322941519229809e-08, "\u0627\u0644\u0641\u0627\u0638": 6.322941519229809e-08, "\u06a9\u0631\u0627\u0645": 6.322941519229809e-08, "\u0648\u0642\u062a": 5.269117932691508e-08, "\u0645": 1.1592059451921316e-07, "\u062e\u0627\u0635": 4.215294346153206e-08, "\u062d\u0631\u0641": 4.215294346153206e-08, "\u067e\u06cc\u0634": 4.215294346153206e-08, "\u062e\u06cc\u0627\u0644": 4.215294346153206e-08, "\u062a\u062d\u0631\u06cc\u06a9": 4.215294346153206e-08, "\u062c\u0645\u06c1\u0648\u0631": 4.215294346153206e-08, "\u0627\u0644\u0645\u0635\u0637\u0641\u06d2": 4.215294346153206e-08, "\u062f\u06cc\u0648\u0627\u0631": 3.1614707596149046e-08, "\u0628": 3.1614707596149046e-08, "\u0627\u0631\u0636": 3.1614707596149046e-08, "\u062d\u0633\u0646": 3.1614707596149046e-08, "\u0628\u06be\u06cc": 3.1614707596149046e-08, "\u0627\u06cc\u06a9": 3.1614707596149046e-08, "\u062c\u0627\u06ba": 3.1614707596149046e-08, "\u06a9\u06cc\u0627": 3.1614707596149046e-08, "\u06a9\u0627\u0631": 3.1614707596149046e-08, "\u062a\u0627\u0632\u06c1": 3.1614707596149046e-08, "\u062e\u0648\u062f\u06cc": 3.1614707596149046e-08, "\u0634\u0631\u0648\u0639": 3.1614707596149046e-08, "\u0627\u0633\u0644\u0627\u0645": 3.1614707596149046e-08, "\u0634\u06c1\u0648\u062f": 3.1614707596149046e-08, "\u0622\u0628": 3.1614707596149046e-08, "\u062f\u0644": 3.1614707596149046e-08, "\u0628\u06d2": 3.1614707596149046e-08, "\u06a9\u0631": 3.1614707596149046e-08, "\u06cc\u0627": 3.1614707596149046e-08, "\u06c1\u06cc": 3.1614707596149046e-08, "\u0632\u0646\u062f\u06af\u06cc": 3.1614707596149046e-08, "\u0639\u0644\u06cc\u06c1\u0645": 3.1614707596149046e-08, "\u067e\u0631\u0648\u0631\u06cc": 3.1614707596149046e-08, "\u062a\u0639\u0628\u06cc\u0631": 3.1614707596149046e-08, "\u0621": 3.1614707596149046e-08, "\u062a": 3.1614707596149046e-08, "\u0686\u06cc\u0645\u067e\u0626\u0646": 3.1614707596149046e-08, "\u0646\u0627": 3.1614707596149046e-08}, "\u0621\u0621": {"\u0645\u06cc\u06ba": 7.376765105768111e-08, "\u06a9\u06d2": 3.1614707596149046e-08}, "\u0621\u06a9\u06d2": {"\u0627\u0646\u062a\u062e\u0627\u0628\u0627\u062a": 7.376765105768111e-08}, "\u0621\u0627": {"\u0646\u0627": 3.1614707596149046e-08}, "\u0621\u06a9\u06cc": {"\u0628\u0627\u062a": 3.1614707596149046e-08}, "\u0621\u0627\u0628\u0622\u0626": {"\u0647": 3.1614707596149046e-08}}