{"\u0625": {"\u0644\u0627": 6.270250339902894e-06, "\u0646": 6.670703302787449e-06, "\u0630\u0627": 2.160338352403518e-06, "\u0644\u06c1": 2.002264814422773e-06, "\u0644\u0649": 1.3278177190382599e-06, "\u0644\u06cc": 1.4964294928843882e-06, "\u0644\u0647": 9.062882844229393e-07, "\u0646\u0627": 7.587529823075771e-07, "\u0646\u06a9": 5.901412084614489e-07, "\u0628\u0631\u0627\u06c1": 4.952970856730017e-07, "\u0646\u0645\u0627": 4.2152943461532063e-07, "\u0644\u06cc\u06a9": 4.3206767048070363e-07, "\u0644\u06cc\u06c1": 4.4260590634608664e-07, "\u0630\u0646": 3.3722354769225647e-07, "\u0644\u064a\u0647": 3.2668531182687346e-07, "\u0630": 3.1614707596149046e-07, "\u0628\u0631\u0627\u0647": 2.739941324999584e-07, "\u0644\u064a\u0643": 2.4237942490380936e-07, "\u0646\u06c1": 2.4237942490380936e-07, "\u0646\u0647": 1.1592059451921316e-07, "\u0644\u064a\u06c1": 7.376765105768111e-08, "\u0644\u064a\u06a9": 7.376765105768111e-08, "\u0644\u0622": 7.376765105768111e-08, "\u0633\u0631\u0627\u0626": 7.376765105768111e-08, "\u062e\u0648\u0627\u0646": 7.376765105768111e-08, "\u062e\u0648\u0629": 7.376765105768111e-08, "\u062d\u0633\u0627\u0646\u0627": 6.322941519229809e-08, "\u0644\u064a": 6.322941519229809e-08, "\u0633\u062d\u0627\u0642": 9.484412278844714e-08, "\u06cc\u0627\u06c1": 6.322941519229809e-08, "\u064a\u0645\u0627\u0646": 6.322941519229809e-08, "\u062e\u0648\u0646": 6.322941519229809e-08, "\u0645\u0627": 4.215294346153206e-08, "\u0644\u06cc\u06c1\u0627": 4.215294346153206e-08, "\u0628\u0631\u0627\u06be": 4.215294346153206e-08, "\u062d\u0633\u0627\u0646": 7.376765105768111e-08, "\u062d\u062f\u0627\u06c1\u0646": 3.1614707596149046e-08, "\u0644\u06c1\u0627": 3.1614707596149046e-08, "\u0644": 3.1614707596149046e-08, "\u062e\u0648\u06c3": 3.1614707596149046e-08, "\u0646\u0633\u0627\u0646": 3.1614707596149046e-08, "\u062b\u0645": 3.1614707596149046e-08, "\u064a\u0627\u0643": 3.1614707596149046e-08, "\u0646\u0647\u0645": 3.1614707596149046e-08}, "\u0625\u0644\u06be": {"\u06cc": 1.5807353798074522e-06}, "\u0625\u0646": {"\u06cc": 1.485891257019005e-06, "\u06a9\u0627\u0646": 3.4776178355763953e-07, "\u06a9\u0646\u062a\u0645": 2.1076471730766031e-07, "\u064a": 1.5807353798074523e-07, "\u0644\u0645": 1.369970662499792e-07, "\u0643\u0627\u0646": 8.430588692306412e-08, "\u0627\u0644\u0645\u0624\u0645\u0646": 8.430588692306412e-08, "\u0627\u0644\u0644\u06c1": 1.5807353798074523e-07, "\u06a9\u0646\u062a": 8.430588692306412e-08, "\u0634\u0627\u0621": 4.215294346153206e-08, "\u0644\u06a9": 4.215294346153206e-08, "\u0628\u0646\u064a": 3.1614707596149046e-08, "\u0623\u06c1\u0644": 3.1614707596149046e-08, "\u0622\u062f\u0645": 3.1614707596149046e-08, "\u0627\u0644\u0630": 3.1614707596149046e-08, "\u06c1\u0630\u0627": 6.322941519229809e-08, "\u0639\u0644\u0645\u062a\u0645": 3.1614707596149046e-08, "\u0623\u0645\u062a\u064a": 3.1614707596149046e-08, "\u0627\u062a\u062e\u0630": 3.1614707596149046e-08, "\u0627\u0644\u0630\u064a": 3.1614707596149046e-08, "\u0627\u0644\u0634\u06cc\u0637\u0627\u0646": 3.1614707596149046e-08, "\u0627\u062a\u062e\u0630\u0648\u0627": 3.1614707596149046e-08}, "\u0625\u0644\u06c1": {"\u0625\u0644\u0627": 1.7388089177881974e-06, "\u0627\u0644\u062d\u0642": 4.215294346153206e-08}, "\u0625\u0644\u0627": {"\u0628": 4.3206767048070363e-07, "\u0672\u0646\u062a": 3.1614707596149046e-07, "\u0672": 2.6345589663457537e-07, "\u06be\u0648": 2.4237942490380936e-07, "\u0648\u0627\u062d\u062f\u06c3": 1.8968824557689427e-07, "\u0623\u0646": 1.4753530211536222e-07, "\u0627\u0644\u0644\u06c1": 2.5291766076919237e-07, "\u0648": 1.0538235865383016e-07, "\u0645\u0646": 1.0538235865383016e-07, "\u0641": 6.322941519229809e-08, "\u0645": 6.322941519229809e-08, "\u0644\u06a9": 4.215294346153206e-08, "\u0635\u06cc\u062d\u06c3": 3.1614707596149046e-08, "\u0631": 3.1614707596149046e-08, "\u0627\u0644\u0639\u0638": 3.1614707596149046e-08, "\u0672\u0646": 3.1614707596149046e-08, "\u0628\u0627\u0644\u0644\u06c1": 3.1614707596149046e-08, "\u0645\u0627": 3.1614707596149046e-08, "\u0642\u0627\u0645": 3.1614707596149046e-08}, "\u0625\u0644\u06cc\u06a9": {"\u0628": 4.2152943461532063e-07, "\u0641": 1.0538235865383016e-07, "\u0645": 8.430588692306412e-08, "\u06cc\u0627": 5.269117932691508e-08, "\u062a\u0648\u062c\u06be\u062a": 3.1614707596149046e-08, "\u0648\u062c\u06be\u062a": 3.1614707596149046e-08}, "\u0625\u0628\u0631\u0627\u06be": {"\u06cc\u0645": 3.2668531182687346e-07}, "\u0625\u0644\u06cc": {"\u0622\u062e\u0631\u06c1": 2.3184118903842633e-07, "\u06cc\u0648\u0645": 2.5291766076919237e-07, "\u0627\u0644\u0644\u06c1": 1.6861177384612824e-07, "\u0633\u0628": 1.2645883038459618e-07, "\u0646\u0641\u0633": 5.269117932691508e-08, "\u0633\u0628\u06cc\u0644": 5.269117932691508e-08, "\u0631\u0628": 5.269117932691508e-08, "\u0627\u0644\u062d\u0631\u0627\u0645": 4.215294346153206e-08, "\u0627\u0644\u0633\u0645\u0627\u0621": 4.215294346153206e-08, "\u0631": 7.376765105768111e-08, "\u0645\u0646": 4.215294346153206e-08, "\u063a\u06cc\u0631": 3.1614707596149046e-08, "\u0627\u0644\u0646\u0627\u0631": 3.1614707596149046e-08, "\u0635": 3.1614707596149046e-08, "\u0627\u0644\u0645\u0631\u0627\u0641\u0642": 3.1614707596149046e-08, "\u0645": 3.1614707596149046e-08, "\u062c\u0633\u062f\u06c1": 3.1614707596149046e-08, "\u0628\u06cc\u062a\u06c1": 3.1614707596149046e-08, "\u0627\u0644\u0635\u0644\u0648\u06c3": 3.1614707596149046e-08, "\u0627\u0644\u062c\u0646\u06c3": 3.1614707596149046e-08, "\u0631\u0624\u06cc\u06c3": 3.1614707596149046e-08, "\u0631\u062d\u0645\u062a": 3.1614707596149046e-08, "\u0645\u0627": 3.1614707596149046e-08, "\u0623\u0646": 3.1614707596149046e-08}, "\u0625\u0646\u06a9": {"\u0639\u0644\u06cc": 1.4753530211536222e-07, "\u0672\u0646\u062a": 1.1592059451921316e-07, "\u0672": 6.322941519229809e-08, "\u0642\u0644\u062a": 6.322941519229809e-08, "\u062d\u0645": 6.322941519229809e-08, "\u0630\u0648": 4.215294346153206e-08, "\u062a\u0631\u06cc": 3.1614707596149046e-08, "\u0633\u0645": 3.1614707596149046e-08}, "\u0625\u0646\u06c1": {"\u0644\u0627": 1.369970662499792e-07, "\u06a9\u0627\u0646": 3.1614707596149046e-08, "\u0648\u0644": 3.1614707596149046e-08}, "\u0625\u0630\u0627": {"\u06a9\u0627\u0646": 1.0538235865383016e-07, "\u0643\u0627\u0646": 6.322941519229809e-08, "\u0634\u0627\u0621": 4.215294346153206e-08, "\u062a\u0632\u0648\u062c": 3.1614707596149046e-08, "\u0627\u062d\u062a\u0636\u0631": 3.1614707596149046e-08, "\u06be\u0645": 3.1614707596149046e-08, "\u062a\u0648\u0641\u06cc\u062a\u0646": 3.1614707596149046e-08, "\u0644\u0645": 3.1614707596149046e-08, "\u0648\u0636\u0639": 3.1614707596149046e-08, "\u0645\u0627\u062a": 3.1614707596149046e-08, "\u0642\u0627\u0645": 3.1614707596149046e-08, "\u062f\u0639": 3.1614707596149046e-08, "\u0628\u0644\u063a": 3.1614707596149046e-08}, "\u0625\u0628\u0631\u0627\u0647\u064a\u0645": {"\u0628\u0646": 8.430588692306412e-08}, "\u0625\u062d\u062f\u06cc": {"\u0648": 7.376765105768111e-08}, "\u0625\u062d\u0633\u0627\u0646": {"\u06a9": 7.376765105768111e-08}, "\u0625\u0646\u0645\u0627": {"\u0623\u0646\u0627": 7.376765105768111e-08, "\u06cc\u0628\u0627\u06cc": 3.1614707596149046e-08}, "\u0625\u0642\u0648\u0627\u0621": {"\u06a9\u06d2": 6.322941519229809e-08}, "\u0625\u0630\u0646": {"\u06a9": 6.322941519229809e-08, "\u06c1": 3.1614707596149046e-08}, "\u0625\u0633\u0645\u0627\u0639": {"\u06cc\u0644": 6.322941519229809e-08}, "\u0625\u0631\u0634\u0627\u062f\u06c1": {"\u0648": 6.322941519229809e-08}, "\u0625\u0633\u062d\u0627\u0642": {"\u0628\u0646": 5.269117932691508e-08, "\u0648\u06cc\u0639\u0642\u0648\u0628": 3.1614707596149046e-08}, "\u0625\u0644\u06cc\u06be": {"\u0645": 5.269117932691508e-08}, "\u0625\u062e\u0648\u0627\u0646": {"\u06cc": 4.215294346153206e-08}, "\u0625\u0646\u0627": {"\u0625\u0644\u06cc\u06c1": 4.215294346153206e-08, "\u0646\u0639\u0648\u0630": 3.1614707596149046e-08, "\u0644": 3.1614707596149046e-08}, "\u0625\u0646\u0639\u0627\u0645": {"\u06a9": 4.215294346153206e-08},