{"\u0647\u0648\u0627\u067e\u06cc\u0645\u0627\u0647\u0627\u06cc": {"\u0628\u062f\u0648\u0646": 4.906239313597495e-07}, "\u0647": {"\u0645": 2.1708765882689012e-06, "\u0646": 9.168265202883223e-07, "\u0645\u0627": 7.376765105768111e-08, "\u0627\u0644\u06a9\u0627\u0641": 4.215294346153206e-08, "\u0630\u0627": 4.215294346153206e-08, "\u0644\u0627\u0644": 3.1614707596149046e-08}, "\u0647\u0631": {"\u0686\u0647": 2.5291766076919237e-07, "\u06a9\u0647": 1.6861177384612824e-07, "\u062f\u0645": 1.369970662499792e-07, "\u06a9\u0633": 9.484412278844714e-08, "\u0622\u0646": 8.430588692306412e-08, "\u062f\u0648": 8.430588692306412e-08, "\u0633\u0648": 6.322941519229809e-08, "\u0637\u0631\u0641": 6.322941519229809e-08, "\u06a9\u0648": 4.215294346153206e-08, "\u06a9\u0633\u06cc": 3.1614707596149046e-08, "\u0633\u0631": 3.1614707596149046e-08, "\u06af\u0648\u0634\u0647": 3.1614707596149046e-08, "\u0644\u062d\u0638\u0647": 3.1614707596149046e-08, "\u0646\u0638\u0631": 3.1614707596149046e-08}, "\u0647\u0627": {"\u0627\u0644\u0623\u0646\u0647\u0627\u0631": 2.3184118903842633e-07, "\u0623\u0648": 1.2645883038459618e-07, "\u0627\u0644\u0646\u0628": 3.1614707596149046e-08, "\u0641": 3.1614707596149046e-08, "\u0646\u0645\u06cc": 3.1614707596149046e-08, "\u0647\u0646\u0627": 3.1614707596149046e-08}, "\u0647\u0630": {"\u0647": 1.1592059451921316e-07}, "\u0647\u0648": {"\u0627\u0644\u0644\u0647": 1.4753530211536222e-07, "\u0627\u0644\u062d\u06cc": 4.215294346153206e-08, "\u0645": 3.1614707596149046e-08, "\u0627\u0644\u0641\u0648\u0632": 3.1614707596149046e-08}, "\u0647\u0631\u064a\u0631\u0629": {"\u0631\u0636\u064a": 9.484412278844714e-08, "\u0639\u0646": 5.269117932691508e-08, "\u0631\u0636": 4.215294346153206e-08, "\u0642\u0627\u0644": 4.215294346153206e-08}, "\u0647\u0645": {"\u0641": 9.484412278844714e-08, "\u0627\u0632": 5.269117932691508e-08, "\u0632": 5.269117932691508e-08, "\u0627\u0644\u0643\u0627\u0641": 5.269117932691508e-08, "\u0623\u0635\u062d\u0627\u0628\u0647": 4.215294346153206e-08, "\u0645\u0648\u0627\u0644": 4.215294346153206e-08, "\u064a\u0647\u062a\u062f\u0648\u0646": 3.1614707596149046e-08, "\u064a\u062d\u0632\u0646\u0648\u0646": 3.1614707596149046e-08, "\u0627\u0644\u0638\u0627\u0644": 3.1614707596149046e-08, "\u0628\u0647": 3.1614707596149046e-08, "\u0627\u0644\u0643\u0641": 3.1614707596149046e-08}, "\u0647\u0631\u06cc\u0631\u0629": {"\u0631\u0636\u06cc": 8.430588692306412e-08}, "\u0647\u0633\u062a": {"\u06a9\u0647": 7.376765105768111e-08, "\u0648": 7.376765105768111e-08, "\u0628\u0627": 3.1614707596149046e-08}, "\u0647\u0630\u0627": {"\u062d\u062f\u06cc\u062b": 6.322941519229809e-08, "\u062d\u062f\u064a\u062b": 5.269117932691508e-08, "\u0639\u0646\u062f": 4.215294346153206e-08, "\u0627\u0644\u062f\u06cc\u0646": 4.215294346153206e-08, "\u0627\u0644\u0625\u062c\u0631\u0627\u0621": 3.1614707596149046e-08, "\u0645\u0648\u0644\u0627\u0647": 3.1614707596149046e-08}, "\u0647\u0645\u0647": {"\u0628\u0631": 6.322941519229809e-08, "\u0627\u0632": 5.269117932691508e-08, "\u062f\u0631": 4.215294346153206e-08, "\u06a9\u0633": 4.215294346153206e-08, "\u0646\u0642\u0634": 3.1614707596149046e-08, "\u0622\u0646": 3.1614707596149046e-08, "\u0634\u0628": 3.1614707596149046e-08, "\u0639\u0627\u0644\u0645": 3.1614707596149046e-08}, "\u0647\u0630\u0647": {"\u0627\u0644\u0622\u064a\u0629": 6.322941519229809e-08, "\u0627\u0644\u0623\u0645\u0629": 4.215294346153206e-08, "\u0627\u0644\u0627\u0645\u0629": 3.1614707596149046e-08, "\u0627\u0644\u0638\u0644\u0627\u0644": 3.1614707596149046e-08}, "\u0647\u062c\u0631": {"\u062a\u0648": 5.269117932691508e-08}, "\u0647\u062f\u0649": {"\u0648": 5.269117932691508e-08}, "\u0647\u0627\u062c\u0631": {"\u0639\u0628\u062f": 4.215294346153206e-08}, "\u0647\u0627\u0631\u0648\u0646": {"\u0628\u0646": 4.215294346153206e-08, "\u0645\u0646": 3.1614707596149046e-08}, "\u0647\u0645\u06a9\u0627\u0631\u06cc": {"\u062f\u0627\u0634\u062a\u0647": 3.1614707596149046e-08}, "\u0647\u0627\u0646": {"\u06a9\u0647": 3.1614707596149046e-08}, "\u0647\u0648\u0627\u0633\u062a": {"\u06a9\u0647": 3.1614707596149046e-08}, "\u0647\u0627\u062f\u0648\u0627": {"\u0648\u0627\u0644\u0631\u0628\u0627\u0646": 3.1614707596149046e-08}, "\u0647\u0648\u0633": {"\u06a9\u0647": 3.1614707596149046e-08}, "\u0647\u0645\u06af\u0627\u0646": {"\u0642\u0631\u0627\u0631": 3.1614707596149046e-08}, "\u0647\u064a\u0686": {"\u06a9\u0633": 3.1614707596149046e-08}, "\u0647\u062c\u0631\u0627\u0646": {"\u062a\u0648": 3.1614707596149046e-08}, "\u0647\u0648\u0627\u06cc": {"\u062a\u0648": 3.1614707596149046e-08}, "\u0647\u0645\u062a": {"\u067e\u0627\u06a9\u0627\u0646": 3.1614707596149046e-08}, "\u0647\u0634\u0627\u0645": {"\u0628\u0646": 3.1614707596149046e-08}, "\u0647\u0645\u0627\u0646": {"\u0628\u0647": 3.1614707596149046e-08}, "\u0647\u0644": {"\u0623\u062a\u0627\u06a9": 3.1614707596149046e-08}}