{"\u0624": {"\u06ba": 4.742206139422357e-07, "\u06af\u06d2": 2.739941324999584e-07, "\u0627\u0648\u0631": 1.6861177384612824e-07, "\u0679": 8.430588692306412e-08, "\u0645\u06cc\u06ba": 7.376765105768111e-08, "\u062c\u0648": 7.376765105768111e-08, "\u0645\u0644": 7.376765105768111e-08, "\u06a9\u06c1": 7.376765105768111e-08, "\u062c\u06cc": 5.269117932691508e-08, "\u062a\u0648": 4.215294346153206e-08, "\u0627": 3.1614707596149046e-08, "\u0627\u062c\u062f\u0627\u062f": 3.1614707596149046e-08}, "\u0624\u06ba": {"\u06a9\u06cc": 1.0538235865383016e-07, "\u06a9\u06d2": 9.484412278844714e-08, "\u0646\u06d2": 9.484412278844714e-08, "\u06a9\u0627": 8.430588692306412e-08, "\u0645\u06cc\u06ba": 4.215294346153206e-08, "\u0627\u0648\u0631": 3.1614707596149046e-08}, "\u0624\u0646": {"\u06a9\u06d2": 7.376765105768111e-08, "\u0645\u06cc\u06ba": 7.376765105768111e-08, "\u06a9\u06cc": 4.215294346153206e-08}, "\u0624\u0679": {"\u06a9\u06cc\u0627": 5.269117932691508e-08}, "\u0624\u0633": {"\u0645\u06cc\u06ba": 4.215294346153206e-08, "\u06a9\u06d2": 3.1614707596149046e-08}, "\u0624\u0646\u0679": {"\u0633\u06d2": 3.1614707596149046e-08}}