{"\u0649": {"\u0627\u0644\u0644\u0647": 5.269117932691508e-08, "\u0625": 4.215294346153206e-08, "\u0628\u0646": 3.1614707596149046e-08, "\u0623\u062e\u0628\u0631\u0646\u0627": 3.1614707596149046e-08, "\u0642\u0644": 3.1614707596149046e-08}}