{"\u064a\u0627\u0626\u064a\u0631": {"\u0644\u067e\u06cc\u062f": 4.906239313597495e-07}, "\u064a\u0627\u0633\u064a\u0646": {"\u0628\u0648\u0646\u0648": 4.906239313597495e-07}, "\u064a\u06c1\u0627\u06ba": {"\u0622\u062a\u06d2": 4.906239313597495e-07}, "\u064a": {"\u0645": 5.796029725960659e-07, "\u0628": 4.847588498076187e-07, "\u0641": 3.0560884009610745e-07, "\u0625": 2.4237942490380936e-07, "\u0645\u0627": 1.7915000971151127e-07, "\u06be\u0631\u06cc\u0631\u06c3": 1.7915000971151127e-07, "\u0644": 2.4237942490380936e-07, "\u0645\u0627\u0644": 1.4753530211536222e-07, "\u0627\u0644\u0644\u0647": 1.369970662499792e-07, "\u0627\u0644\u0627\u0631\u0636": 1.2645883038459618e-07, "\u0633\u0628": 1.6861177384612824e-07, "\u0627\u0644\u0631": 1.1592059451921316e-07, "\u062e\u0644\u0642": 1.7915000971151127e-07, "\u0639": 1.0538235865383016e-07, "\u0628\u06cc\u062a": 1.0538235865383016e-07, "\u0627\u0644\u0623\u0631\u0636": 1.5807353798074523e-07, "\u064a\u0646": 8.430588692306412e-08, "\u0623\u0639\u0648\u0630": 8.430588692306412e-08, "\u0646\u0648\u0631\u0627": 8.430588692306412e-08, "\u06a9\u0644": 7.376765105768111e-08, "\u0641\u0627\u062c\u0644": 7.376765105768111e-08, "\u0630\u0644": 6.322941519229809e-08, "\u0631": 6.322941519229809e-08, "\u0646\u0641\u0633": 5.269117932691508e-08, "\u0628\u0646": 5.269117932691508e-08, "\u0648\u062c\u06c1": 5.269117932691508e-08, "\u0627\u0644\u0623\u0639\u0644\u06cc": 5.269117932691508e-08, "\u0627\u0644\u0633\u0645\u0648\u062a": 5.269117932691508e-08, "\u0648\u0631\u062d\u0645\u0629": 5.269117932691508e-08, "\u0630": 5.269117932691508e-08, "\u0627\u0644\u0639\u0638": 5.269117932691508e-08, "\u0623\u0633\u0623\u0644\u06a9": 4.215294346153206e-08, "\u0648": 8.430588692306412e-08, "\u0644\u0627": 4.215294346153206e-08, "\u0627\u0644\u0623\u0631\u0648\u0627\u062d": 4.215294346153206e-08, "\u0635\u0644\u0649": 1.0538235865383016e-07, "\u0627\u0644\u0645\u0646\u0627\u0645": 4.215294346153206e-08, "\u0627\u0644\u0623\u0633": 4.215294346153206e-08, "\u0627\u0644\u0642\u0628\u0648\u0631": 4.215294346153206e-08, "\u0627\u0644\u0623\u062c\u0633\u0627\u062f": 4.215294346153206e-08, "\u0639\u0644\u06cc": 7.376765105768111e-08, "\u0627\u0644\u0635\u0644\u0627\u0629": 4.215294346153206e-08, "\u0627": 4.215294346153206e-08, "\u0637\u0627\u0644": 4.215294346153206e-08, "\u0627\u0644\u0632": 4.215294346153206e-08, "\u0627\u0644\u062f": 4.215294346153206e-08, "\u0627\u0644\u0625": 4.215294346153206e-08, "\u0641\u0642\u062f": 4.215294346153206e-08, "\u0627\u0644\u062f\u0646\u06cc\u0627": 4.215294346153206e-08, "\u0623\u0628\u0648": 4.215294346153206e-08, "\u0627\u0644\u0642\u0631\u0628\u0649": 4.215294346153206e-08, "\u0648\u062c\u06be": 4.215294346153206e-08, "\u0623\u064a\u062f": 4.215294346153206e-08, "\u062b\u0645\u0646\u0627": 4.215294346153206e-08, "\u0627\u0644\u0627\u0644\u0628\u0627\u0628": 3.1614707596149046e-08, "\u062c\u0639\u0644": 3.1614707596149046e-08, "\u0648\u0627\u0647\u062f": 3.1614707596149046e-08, "\u0627\u0644\u0643\u0641\u0631": 3.1614707596149046e-08, "\u0648\u0644": 3.1614707596149046e-08, "\u0643\u0644": 3.1614707596149046e-08, "\u0645\u0646": 3.1614707596149046e-08, "\u0635\u062f\u0648\u0631": 3.1614707596149046e-08, "\u0648\u0639\u0627\u0641": 3.1614707596149046e-08, "\u0644\u0647": 3.1614707596149046e-08, "\u0623\u0646\u0641\u0633": 6.322941519229809e-08, "\u0627\u0644\u0633\u0645\u0627\u0648\u0627\u062a": 3.1614707596149046e-08, "\u0628\u0639\u0636": 3.1614707596149046e-08, "\u0648\u0627\u0631\u0632\u0642\u0646": 3.1614707596149046e-08, "\u0648\u0628\u06cc\u0646": 3.1614707596149046e-08, "\u064a\u062d\u064a\u0649": 3.1614707596149046e-08, "\u062c\u0646\u0627\u062a": 3.1614707596149046e-08, "\u0639\u0628\u062f": 3.1614707596149046e-08, "\u0627\u0644\u0646\u0628": 6.322941519229809e-08, "\u0627\u0644\u0642\u062f\u0631": 3.1614707596149046e-08, "\u0628\u0643\u0631": 3.1614707596149046e-08, "\u0648\u0628\u064a\u0646": 3.1614707596149046e-08, "\u0644\u06c1\u0645": 3.1614707596149046e-08, "\u0636\u0644\u0627\u0644": 3.1614707596149046e-08, "\u064a\u0642\u0648\u0644": 3.1614707596149046e-08, "\u0627\u0644\u0627\u062e": 3.1614707596149046e-08, "\u062f": 3.1614707596149046e-08, "\u0647": 3.1614707596149046e-08, "\u0638": 3.1614707596149046e-08, "\u0631\u0627\u0633": 3.1614707596149046e-08, "\u0639\u062b\u0645\u0627\u0646": 3.1614707596149046e-08, "\u0638\u0644\u0645\u0627\u062a": 3.1614707596149046e-08, "\u0627\u0644\u0645\u0633\u062c": 3.1614707596149046e-08, "\u0623\u0647\u0644": 3.1614707596149046e-08, "\u0627\u0644\u0636\u0631\u0631": 3.1614707596149046e-08, "\u0632\u0627\u0626": 3.1614707596149046e-08, "\u0642\u0644\u0648\u0628": 3.1614707596149046e-08}, "\u064a\u0646": {"\u0622\u0645\u0646\u0648\u0627": 4.4260590634608664e-07, "\u0641": 2.8453236836534144e-07, "\u0645": 2.6345589663457537e-07, "\u0627\u0645\u0646\u0648\u0627": 2.6345589663457537e-07, "\u0643\u0641\u0631\u0648\u0627": 1.4753530211536222e-07, "\u062a\u062f\u0639\u0648\u0646": 2.0022648144227728e-07, "\u0628": 1.1592059451921316e-07, "\u0625": 6.322941519229809e-08, "\u0632": 6.322941519229809e-08, "\u0641\u0636": 6.322941519229809e-08, "\u064a\u062f\u0639\u0648\u0646": 9.484412278844714e-08, "\u0644\u0627": 5.269117932691508e-08, "\u063a\u064a\u0631": 4.215294346153206e-08, "\u0639\u0644\u0649": 4.215294346153206e-08, "\u0643": 4.215294346153206e-08, "\u0647\u0627\u062f\u0648\u0627": 4.215294346153206e-08, "\u0644\u0645": 4.215294346153206e-08, "\u0641\u0645\u0627": 4.215294346153206e-08, "\u0639\u0644\u064a\u0647": 3.1614707596149046e-08, "\u0623\u0633\u0644\u0645\u0648\u0627": 3.1614707596149046e-08, "\u064a\u0634\u062a\u0631\u0648\u0646": 3.1614707596149046e-08, "\u0642\u062a": 3.1614707596149046e-08, "\u064a\u062d\u0627\u0631": 3.1614707596149046e-08, "\u0639\u0644\u064a\u0647\u0627": 3.1614707596149046e-08, "\u0623\u0646\u0639\u0645\u062a": 3.1614707596149046e-08, "\u064a\u062a\u0648\u0641\u0648\u0646": 3.1614707596149046e-08, "\u0647\u0645": 3.1614707596149046e-08, "\u064a\u062f\u0646": 3.1614707596149046e-08, "\u0627\u0644\u0631\u062d\u0645\u0646": 3.1614707596149046e-08}, "\u064a\u0627": {"\u0623\u064a\u0647\u0627": 2.9507060423072444e-07, "\u0631\u0633\u0648\u0644": 4.6368237807685265e-07, "\u0631\u0628": 9.484412278844714e-08, "\u0623\u0628\u0627": 1.0538235865383016e-07, "\u0623\u064a\u06c1\u0627": 3.1614707596149046e-08}, "\u064a\u0647": {"\u0645": 3.4776178355763953e-07, "\u0646": 6.322941519229809e-08, "\u0639": 3.1614707596149046e-08}, "\u064a\u062d\u064a\u0649": {"\u0628\u0646": 2.1076471730766031e-07}, "\u064a\u062d": {"\u0628": 1.8968824557689427e-07, "\u0644": 3.1614707596149046e-08}, "\u064a\u0624\u0645": {"\u0646\u0648\u0646": 1.5807353798074523e-07, "\u0646": 1.5807353798074523e-07}, "\u064a\u0648\u0645": {"\u0627\u0644\u0642": 1.4753530211536222e-07, "\u0627\u0644\u0642\u064a\u0627\u0645\u0629": 9.484412278844714e-08, "\u0627\u0644\u0627": 4.215294346153206e-08, "\u0639\u0627\u0634\u0648\u0631\u0627\u0621": 6.322941519229809e-08}, "\u064a\u062d\u0643\u0645": {"\u0628": 1.1592059451921316e-07}, "\u064a\u0627\u062f": {"\u0628\u0627\u062f": 9.484412278844714e-08, "\u0631\u0648\u06cc": 3.1614707596149046e-08, "\u062a\u0648": 3.1614707596149046e-08}, "\u064a\u0627\u0631": {"\u0648": 8.430588692306412e-08, "\u0645\u0627": 7.376765105768111e-08, "\u0633\u0641\u0631\u06a9\u0631\u062f\u0647": 5.269117932691508e-08, "\u0645\u0646": 5.269117932691508e-08, "\u0628\u0647": 3.1614707596149046e-08, "\u06a9\u0647": 3.1614707596149046e-08}, "\u064a\u0631": {"\u0631\u0642\u0628\u0629": 8.430588692306412e-08, "\u064a\u062f": 5.269117932691508e-08}, "\u064a\u06a9": {"\u062f\u0645": 8.430588692306412e-08, "\u0644\u0647": 6.322941519229809e-08, "\u062f\u0648": 5.269117932691508e-08, "\u062f\u0627\u0646\u0647": 5.269117932691508e-08, "\u0646\u0638\u0631": 5.269117932691508e-08, "\u062c\u0631\u0639\u0647": 4.215294346153206e-08, "\u06a9\u0631\u0634\u0645\u0647": 3.1614707596149046e-08, "\u0633\u0631": 3.1614707596149046e-08,