{"\u0626\u06cc\u06ba": {"\u06a9\u06c1": 4.906239313597495e-07, "\u06af\u06d2": 1.338355954903643e-06, "\u0627\u0648\u0631": 2.8453236836534144e-07, "\u06af\u06cc": 1.4753530211536222e-07, "\u062a\u0648": 3.1614707596149046e-08, "\u062a\u0627\u06a9\u06c1": 3.1614707596149046e-08, "\u0644\u06cc\u06a9\u0646": 3.1614707596149046e-08}, "\u0626\u0648\u0642\u062a": {"\u062f\u0646\u06cc\u0627": 4.906239313597495e-07}, "\u0626\u06d2": {"\u062a\u06be\u06d2": 5.269117932691507e-07, "\u0633\u0646\u062f\u06be": 4.906239313597495e-07, "\u06af\u0627": 2.3394883621150293e-06, "\u062c\u0633": 4.906239313597495e-07, "\u062c\u0628\u06a9\u06c1": 4.906239313597495e-07, "\u06af\u06cc": 1.4964294928843882e-06, "\u06c1\u06cc\u06ba": 1.2435118321151958e-06, "\u06a9\u06c1\u0627": 1.0432853506729186e-06, "\u0627\u0648\u0631": 7.798294540383431e-07, "\u062a\u0648": 5.374500291345338e-07, "\u06af\u0626\u06d2": 3.4776178355763953e-07, "\u06c1\u0648\u0626\u06d2": 3.0560884009610745e-07, "\u062c\u0627": 2.5291766076919237e-07, "\u06a9\u06cc\u0627": 2.5291766076919237e-07, "\u0627\u0646": 1.7915000971151127e-07, "\u0627\u0633": 1.4753530211536222e-07, "\u062c\u0648": 1.369970662499792e-07, "\u0627\u0646\u06c1\u0648\u06ba": 1.2645883038459618e-07, "\u06a9\u06c1": 1.1592059451921316e-07, "\u06a9\u0631\u0627\u0645": 1.1592059451921316e-07, "\u06a9\u06c1\u06cc": 1.0538235865383016e-07, "\u062a\u0627\u06a9\u06c1": 8.430588692306412e-08, "\u06c1\u06d2": 7.376765105768111e-08, "\u062a\u0627\u06c1\u0645": 6.322941519229809e-08, "\u0644\u06cc\u06a9\u0646": 4.215294346153206e-08, "\u0632\u0646\u062f\u06af\u06cc": 4.215294346153206e-08, "\u06a9\u06c1\u0627\u06a9\u06c1": 4.215294346153206e-08, "\u0628\u0644\u06a9\u06c1": 4.215294346153206e-08, "\u062c\u0646": 3.1614707596149046e-08, "\u06cc\u06c1": 3.1614707596149046e-08, "\u06a9\u06cc": 3.1614707596149046e-08, "\u06c1\u0648": 3.1614707596149046e-08, "\u0648\u06c1": 3.1614707596149046e-08, "\u0641\u0627\u0646\u06cc": 3.1614707596149046e-08, "\u062f\u06cc\u0646": 3.1614707596149046e-08, "\u0627\u0633\u06d2": 3.1614707596149046e-08, "\u0627\u0633\u0644\u0627\u0645": 3.1614707596149046e-08, "\u0627\u0645\u0631\u0627\u0636": 3.1614707596149046e-08, "\u0627\u067e\u0646\u06d2": 3.1614707596149046e-08}, "\u0626\u06cc": {"\u06c1\u0648\u0626\u06cc": 4.906239313597495e-07, "\u062a\u06be\u06cc": 7.060618029806621e-07, "\u06a9\u0627\u0631\u0648\u0628\u0627\u0631": 4.906239313597495e-07, "\u06c1\u06d2": 2.107647173076603e-06, "\u0627\u0648\u0631": 1.1381294734613658e-06, "\u06a9\u06d2": 5.796029725960659e-07, "\u0628\u06be\u06cc": 5.585265008652998e-07, "\u06af\u0626\u06cc": 5.269117932691507e-07, "\u06c1\u06cc\u06ba": 5.163735574037677e-07, "\u06a9\u0627": 4.952970856730017e-07, "\u062a\u0648": 4.847588498076187e-07, "\u0627\u06d2": 4.742206139422357e-07, "\u0633\u06cc": 3.8991472701917156e-07, "\u0646\u06c1\u06cc\u06ba": 3.6883825528840554e-07, "\u06a9\u06cc": 3.3722354769225647e-07, "\u062c\u0627": 3.1614707596149046e-07, "\u0645\u06cc\u06ba": 2.4237942490380936e-07, "\u06c1\u0648": 2.3184118903842633e-07, "\u0634\u062e\u0635": 2.2130295317304332e-07, "\u06a9\u0648": 2.1076471730766031e-07, "\u067e\u06cc": 1.8968824557689427e-07, "\u06a9\u06c1": 1.6861177384612824e-07, "\u0627\u06cc\u0633": 1.369970662499792e-07, "\u0627\u06cc\u0633\u0627": 1.2645883038459618e-07, "\u062a\u06be\u06cc\u06ba": 1.2645883038459618e-07, "\u062c\u0627\u062a\u06cc": 1.0538235865383016e-07, "\u0648\u0632\u06cc\u0631": 1.0538235865383016e-07, "\u0627\u0633": 1.0538235865383016e-07, "\u0686\u06cc\u0632": 9.484412278844714e-08, "\u0646\u06c1": 9.484412278844714e-08, "\u062c\u0627\u0626\u06d2": 8.430588692306412e-08, "\u06a9\u0631": 8.430588692306412e-08, "\u0627\u06cc\u06a9": 7.376765105768111e-08, "\u0628\u0627\u062a": 7.376765105768111e-08, "\u062f\u06cc": 7.376765105768111e-08, "\u062c\u0628\u06a9\u06c1": 6.322941519229809e-08, "\u062f\u06cc\u062a\u06d2": 6.322941519229809e-08, "\u0641\u0631\u0642": 6.322941519229809e-08, "\u0644\u0648\u06a9": 6.322941519229809e-08, "\u067e\u0627": 6.322941519229809e-08, "\u06c1\u0627": 5.269117932691508e-08, "\u062c\u0633": 5.269117932691508e-08, "\u06a9\u0645\u06cc\u0634\u0646": 5.269117932691508e-08, "\u0632\u0628\u0627\u0646": 4.215294346153206e-08, "\u0633\u0648\u0627\u0644": 4.215294346153206e-08, "\u0644\u06cc\u0646\u0688": 4.215294346153206e-08, "\u062c\u06c1\u0627": 4.215294346153206e-08, "\u0627\u06cc\u0645": 4.215294346153206e-08, "\u0634\u0628\u06c1": 4.215294346153206e-08, "\u062d\u0627": 4.215294346153206e-08, "\u0627": 3.1614707596149046e-08, "\u0634\u0639\u0631\u0627": 3.1614707596149046e-08, "\u062c\u0627\u0626\u06cc\u06ba": 3.1614707596149046e-08, "\u0627\u0633\u067e\u06cc\u0688": 3.1614707596149046e-08, "\u06a9\u0631\u0644\u06cc\u0627": 3.1614707596149046e-08, "\u0631\u0646\u06af": 3.1614707596149046e-08, "\u062a\u06be\u06d2": 3.1614707596149046e-08, "\u062f\u06cc\u0627": 3.1614707596149046e-08, "\u0627\u062f\u0628": 3.1614707596149046e-08, "\u0646\u06cc\u0645": 3.1614707596149046e-08, "\u0645\u06af\u0631": 3.1614707596149046e-08, "\u0646\u0638\u0631": 3.1614707596149046e-08, "\u0645\u0639\u0627": 3.1614707596149046e-08, "\u0646\u0626\u06cc": 3.1614707596149046e-08, "\u06a9\u0686\u06be": 3.1614707596149046e-08, "\u0628\u06be\u0627\u0626\u06cc": 3.1614707596149046e-08, "\u06a9\u06cc\u0644\u0626\u06d2": 3.1614707596149046e-08, "\u06c1\u0645": 3.1614707596149046e-08, "\u06cc\u0627": 3.1614707596149046e-08, "\u0679\u06cc": 3.1614707596149046e-08, "\u062f\u06d2": 3.1614707596149046e-08, "\u0628\u06d2": 3.1614707596149046e-08, "\u0645\u0648": 3.1614707596149046e-08, "\u0646\u0627": 3.1614707596149046e-08}, "\u0626\u0644": {"\u067e\u06cc\u062f\u0627": 4.906239313597495e-07, "\u062d\u0644": 2.1076471730766031e-07, "\u06a9\u06cc": 2.0022648144227728e-07, "\u06a9\u0627": 1.5807353798074523e-07, "\u06a9\u06d2": 1.5807353798074523e-07, "\u0633\u06cc\u06a9\u0679\u0631": 9.484412278844714e-08, "\u0627\u0646\u0688\u0633\u0679\u0631\u06cc": 6.322941519229809e-08, "\u0645\u06cc\u06ba": 6.322941519229809e-08, "\u0627\u0648\u0631": 6.322941519229809e-08, "\u0633\u06d2": 6.322941519229809e-08, "\u06a9\u0648": 4.215294346153206e-08, "\u0633\u0645\u06cc\u062a": 3.1614707596149046e-08, "\u0641\u0648\u0646": 3.1614707596149046e-08, "\u0628\u06be\u06cc": 3.1614707596149046e-08, "\u067e\u0631": 3.1614707596149046e-08}, "\u0626\u0645": {"\u0627\u0633\u06a9\u06cc\u0644": 4.4260590634608664e-07, "\u0639\u0644\u06cc": 1.1592059451921316e-07, "\u067e\u06cc\u0634\u06c1": 9.484412278844714e-08, "\u0645\u0642\u0627\u0645": 4.215294346153206e-08, "\u06a9\u06cc": 3.1614707596149046e-08, "\u06a9\u06d2": 3.1614707596149046e-08}, "\u0626\u0631\u0646\u06af": {"\u0633\u06d2": 3.3722354769225647e-07, "\u06a9\u0631\u06a9\u06d2": 1.1592059451921316e-07, "\u06a9\u0631\u062f\u06cc": 6.322941519229809e-08, "\u06a9\u06d2": 3.1614707596149046e-08}, "\u0626\u0628": {"\u0635\u062f\u0631": 2.6345589663457537e-07}, "\u0626\u06cc\u0648\u06ba": {"\u0646\u06d2": 2.4237942490380936e-07, "\u06a9\u0648": 1.5807353798074523e-07, "\u06a9\u06d2": 1.5807353798074523e-07, "\u0633\u06d2": 1.2645883038459618e-07, "\u06a9\u06cc": 8.430588692306412e-08, "\u0645\u06cc\u06ba": 7.376765105768111e-08, "\u0627\u0648\u0631": 4.215294346153206e-08, "\u06a9\u0627": 4.215294346153206e-08}, "\u0626\u06cc\u0645": {"\u06a9\u06d2": 2.3184118903842633e-07, "\u06a9\u0627": 4.215294346153206e-08, "\u06a9\u06cc": 3.1614707596149046e-08, "\u0627\u0648\u0631": 3.1614707596149046e-08}, "\u0626\u0631": {"\u0646\u06af": 2.2130295317304332e-07, "\u0645\u06cc\u06ba": 5.269117932691508e-08, "\u06c1\u0648": 5.269117932691508e-08, "\u0627\u06cc\u062c\u0648": 3.1614707596149046e-08, "\u06cc\u06a9\u0679\u0631": 3.1614707596149046e-08, "\u06a9\u06cc": 3.1614707596149046e-08}, "\u0626": {"\u0643": 1.7915000971151127e-07, "\u0672\u062f\u062e\u0644": 1.6861177384612824e-07, "\u064a\u0646": 8.430588692306412e-08, "\u06cc\u0646": 6.322941519229809e-08, "\u0645\u06c3": 3.1614707596149046e-08},