{"\u0661": {"\u0635": 1.8968824557689427e-07, "\u0633\u0648\u0631\u06c1": 1.4753530211536222e-07, "\u0646\u06c1\u062c": 8.430588692306412e-08, "\u06cc\u0639\u0646\u06cc": 5.269117932691508e-08, "\u06cc\u06c1": 4.215294346153206e-08, "\u06f1": 4.215294346153206e-08, "\u0642\u0631\u0622\u0646": 3.1614707596149046e-08, "\u0628\u062e\u0627\u0631\u06cc": 3.1614707596149046e-08, "\u062c\u0648": 3.1614707596149046e-08, "\u0645\u06cc\u06ba": 3.1614707596149046e-08, "\u0642\u0633\u0645": 3.1614707596149046e-08, "\u0627\u0633": 3.1614707596149046e-08, "\u062c\u0628": 3.1614707596149046e-08, "\u06a9\u0627": 3.1614707596149046e-08, "\u0628\u062d\u0627\u0631": 3.1614707596149046e-08}, "\u0661\u0668": {"\u0633\u0627\u0644": 4.215294346153206e-08}, "\u0661\u0660": {"\u0630\u0648\u0627\u0644\u062d\u062c\u06c1": 4.215294346153206e-08}, "\u0661\u0669\u0669\u0660\u0621": {"\u0633\u06d2": 4.215294346153206e-08}, "\u0661\u0662\u0660": {"\u0645\u06cc\u0644": 3.1614707596149046e-08}, "\u0661\u0660\u06be": {"\u0645\u06cc\u06ba": 3.1614707596149046e-08}, "\u0661\u0669": {"\u0628\u0631\u0633": 3.1614707596149046e-08, "\u0635": 3.1614707596149046e-08}, "\u0661\u0669\u0669\u0662\u0621": {"\u0645\u06cc\u06ba": 3.1614707596149046e-08}, "\u0661\u0660\u0664": {"\u0627\u0648\u0631": 3.1614707596149046e-08}, "\u0661\u0669\u0667\u0660\u0621": {"\u0645\u06cc\u06ba": 3.1614707596149046e-08}, "\u0661\u0661": {"\u06be": 3.1614707596149046e-08}, "\u0661\u0665": {"\u0635": 3.1614707596149046e-08}, "\u0661\u0665\u0664": {"\u0627\u0648\u0631": 3.1614707596149046e-08}}