{"\u0662": {"\u0635": 1.5807353798074523e-07, "\u0633\u0648\u0631\u06c1": 5.269117932691508e-08, "\u0644\u0627\u06a9\u06be": 4.215294346153206e-08, "\u0628\u062e\u0627\u0631\u06cc": 3.1614707596149046e-08}, "\u0662\u0664": {"\u06af\u06be\u0646\u0679\u06d2": 4.215294346153206e-08}, "\u0662\u0665": {"\u0633\u0627\u0644": 4.215294346153206e-08}, "\u0662\u0663": {"\u0627\u0648\u0631": 3.1614707596149046e-08}, "\u0662\u06be": {"\u0645\u06cc\u06ba": 3.1614707596149046e-08}, "\u0662\u0668": {"\u0627\u0648\u0631": 3.1614707596149046e-08}}