{"\u0663": {"\u0635": 8.430588692306412e-08, "\u06cc\u0639\u0646\u06cc": 4.215294346153206e-08}, "\u0663\u0663": {"\u0645\u0631\u062a\u0628\u06c1": 6.322941519229809e-08}, "\u0663\u0662\u06be": {"\u0645\u06cc\u06ba": 4.215294346153206e-08}, "\u0663\u0666\u06be": {"\u0645\u06cc\u06ba": 4.215294346153206e-08}, "\u0663\u0665\u06be": {"\u0645\u06cc\u06ba": 4.215294346153206e-08}, "\u0663\u0667\u06be": {"\u0645\u06cc\u06ba": 3.1614707596149046e-08}}