{"\u0664": {"\u0635": 1.2645883038459618e-07, "\u0627\u0633": 3.1614707596149046e-08}, "\u0664\u0668": {"\u0645\u06cc\u0644": 4.215294346153206e-08}, "\u0664\u0664": {"\u0633\u0627\u0644": 3.1614707596149046e-08, "\u0645\u06cc\u06ba": 3.1614707596149046e-08}, "\u0664\u0662": {"\u0627\u0648\u0631": 3.1614707596149046e-08}, "\u0664\u0669": {"\u0627\u0648\u0631": 3.1614707596149046e-08}, "\u0664\u0663": {"\u0627\u0648\u0631": 3.1614707596149046e-08}}