{"\u0665\u06be": {"\u0645\u06cc\u06ba": 5.269117932691508e-08}, "\u0665\u0668": {"\u0645\u06cc\u06ba": 4.215294346153206e-08}, "\u0665": {"\u0635": 4.215294346153206e-08}, "\u0665\u0664": {"\u06a9\u0627": 3.1614707596149046e-08}, "\u0665\u0667": {"\u0627\u0648\u0631": 3.1614707596149046e-08}}