{"\u0666": {"\u06c1\u062c\u0631\u06cc": 9.484412278844714e-08}, "\u0666\u06be": {"\u0645\u06cc\u06ba": 5.269117932691508e-08}, "\u0666\u0660\u06be": {"\u0645\u06cc\u06ba": 3.1614707596149046e-08}, "\u0666\u0668": {"\u0627\u0648\u0631": 3.1614707596149046e-08}, "\u0666\u0669": {"\u0627\u0648\u0631": 3.1614707596149046e-08}, "\u0666\u0660": {"\u0645\u06cc\u0644": 3.1614707596149046e-08}}