{"\u0667": {"\u0627\u0648\u0631": 7.376765105768111e-08, "\u06c1\u062c\u0631\u06cc": 4.215294346153206e-08}, "\u0667\u0668": {"\u06a9\u0644\u0648": 3.1614707596149046e-08}}