{"\u0668\u06be": {"\u0645\u06cc\u06ba": 7.376765105768111e-08}, "\u0668\u0660": {"\u06a9\u0648\u0691\u06d2": 4.215294346153206e-08}, "\u0668\u0665": {"\u0627\u0648\u0631": 3.1614707596149046e-08}, "\u0668": {"\u06c1\u062c\u0631\u06cc": 3.1614707596149046e-08}}