{"\u0669\u06be": {"\u0645\u06cc\u06ba": 8.430588692306412e-08}, "\u0669": {"\u06c1\u062c\u0631\u06cc": 7.376765105768111e-08, "\u06a9\u06d2": 3.1614707596149046e-08, "\u0633\u0627\u0644": 3.1614707596149046e-08, "\u0627\u0648\u0631": 3.1614707596149046e-08}, "\u0669\u0663": {"\u0645\u06cc\u06ba": 3.1614707596149046e-08}, "\u0669\u06f2\u06f0": {"\u062c\u0644\u062f\u0648\u06ba": 3.1614707596149046e-08}}