{"\u0671\u0644\u0648\u0644": {"\u062f\u06cc\u0646": 4.215294346153206e-08}, "\u0671\u0644\u0645\u0624\u0645": {"\u0646": 4.215294346153206e-08}, "\u0671\u0644\u0646": {"\u0633\u0622\u0621": 3.1614707596149046e-08}, "\u0671\u0644\u0646\u0628": {"\u0649": 3.1614707596149046e-08}, "\u0671\u0644\u0630": {"\u06cc\u0646": 3.1614707596149046e-08}}