{"\u0672\u0631\u062d\u0645": {"\u0627\u0644\u0631\u0627\u062d": 8.852118126921733e-07}, "\u0672": {"\u0646\u062a": 6.112176801922149e-07, "\u06cc\u06be\u0627": 2.5291766076919237e-07, "\u0646\u06a9": 1.8968824557689427e-07, "\u0646\u062a\u0645": 1.369970662499792e-07, "\u0646\u0627": 1.2645883038459618e-07, "\u0641\u0636\u0644": 5.269117932691508e-08, "\u0646\u0628": 5.269117932691508e-08, "\u0646\u06a9\u0645": 5.269117932691508e-08, "\u0646\u06be\u0645": 4.215294346153206e-08, "\u0646\u0635\u0627\u0631": 4.215294346153206e-08, "\u0672": 4.215294346153206e-08, "\u0644\u0645": 3.1614707596149046e-08, "\u062a\u06cc\u062a\u06a9": 3.1614707596149046e-08, "\u0642\u0645\u062a": 3.1614707596149046e-08, "\u0646": 3.1614707596149046e-08, "\u0646\u0641\u0633": 3.1614707596149046e-08}, "\u0672\u0628": {"\u06cc": 4.952970856730017e-07, "\u06cc\u06a9": 3.1614707596149046e-08}, "\u0672\u0645": {"\u06cc\u0631": 5.796029725960659e-07, "\u06cc\u0646": 1.6861177384612824e-07, "\u0641": 4.215294346153206e-08, "\u06cc\u0631\u0627\u0644\u0645\u0624\u0645": 3.1614707596149046e-08, "\u06a9\u06cc\u0641": 3.1614707596149046e-08}, "\u0672\u0646": {"\u062a\u0635\u0644": 4.0045296288455456e-07, "\u0644\u0627": 3.0560884009610745e-07, "\u06cc": 9.484412278844714e-08, "\u0645\u062d\u0645\u062f\u0627": 9.484412278844714e-08, "\u0672\u06a9\u0648\u0646": 5.269117932691508e-08, "\u062a\u062c\u0639\u0644": 5.269117932691508e-08, "\u06cc\u06a9\u0648\u0646": 3.1614707596149046e-08, "\u062a\u0637": 3.1614707596149046e-08, "\u06cc\u0635\u0644": 3.1614707596149046e-08, "\u062a\u062e\u062a": 3.1614707596149046e-08}, "\u0672\u0645\u0631": {"\u06a9": 3.0560884009610745e-07, "\u06cc": 1.6861177384612824e-07, "\u06be": 9.484412278844714e-08, "\u06c1": 7.376765105768111e-08}, "\u0672\u062c\u0645\u0639": {"\u06cc\u0646": 2.739941324999584e-07}, "\u0672\u0648\u0644": {"\u06cc\u0627\u0626": 3.2668531182687346e-07, "\u06cc\u0627\u0626\u06a9": 5.269117932691508e-08}, "\u0672\u0633\u0672": {"\u0644\u06a9": 3.1614707596149046e-07}, "\u0672\u062d\u062f": {"\u0645": 2.5291766076919237e-07, "\u0648\u0633\u0628\u062d\u0627\u0646": 7.376765105768111e-08, "\u0648\u0644\u0627": 7.376765105768111e-08, "\u0648\u0627\u0644\u062d\u0645\u062f": 6.322941519229809e-08, "\u0633": 4.215294346153206e-08}, "\u0672\u0633\u0672\u0644\u06a9": {"\u0628": 2.4237942490380936e-07, "\u0672\u0646": 1.0538235865383016e-07, "\u06cc\u0627": 4.215294346153206e-08}, "\u0672\u0628\u0627": {"\u0639\u0628\u062f": 2.3184118903842633e-07, "\u0627\u0644\u062d\u0633\u0646": 1.369970662499792e-07, "\u0645\u062d\u0645\u062f": 7.376765105768111e-08, "\u062c\u0639\u0641\u0631": 4.215294346153206e-08}, "\u0672\u0672\u062f\u062e\u0644": {"\u06cc\u0627": 2.0022648144227728e-07}, "\u0672\u0634\u06be\u062f": {"\u0672\u0646\u06a9": 2.3184118903842633e-07, "\u0672\u0646": 2.0022648144227728e-07, "\u0672": 1.1592059451921316e-07}, "\u0672\u0648": {"\u0644": 1.6861177384612824e-07, "\u0641": 4.215294346153206e-08, "\u0631": 3.1614707596149046e-08}, "\u0672\u0641\u0636\u0644": {"\u0645\u0627": 1.5807353798074523e-07}, "\u0672\u062f\u062e\u0644": {"\u06cc\u0627": 1.5807353798074523e-07}, "\u0672\u0631\u0636": {"\u06c1": 1.2645883038459618e-07, "\u06a9": 1.1592059451921316e-07}, "\u0672\u0639\u0648\u0630": {"\u0628": 1.2645883038459618e-07}, "\u0672\u062a\u0627\u06a9": {"\u0627\u0644\u06cc\u0642": 1.4753530211536222e-07}, "\u0672\u0646\u062a": {"\u0648\u0672\u0645": 1.0538235865383016e-07, "\u0645": 8.430588692306412e-08, "\u0672\u06be\u0644\u06c1": 5.269117932691508e-08, "\u0627\u0644\u0630": 4.215294346153206e-08, "\u06cc\u0627": 3.1614707596149046e-08}, "\u0672\u0645\u0644": {"\u06cc": 8.430588692306412e-08}, "\u0672\u0639\u062f\u0627\u0626": {"\u06a9": 8.430588692306412e-08, "\u06a9\u0645": 3.1614707596149046e-08}, "\u0672\u0646\u06a9": {"\u0642\u062f": 8.430588692306412e-08, "\u0627\u0644\u0627": 4.215294346153206e-08, "\u0672\u0642\u0645\u062a": 3.1614707596149046e-08}, "\u0672\u062e": {"\u06cc": 7.376765105768111e-08, "\u06cc\u06c1": 3.1614707596149046e-08}, "\u0672\u062f\u0631": {"\u06a9\u0646": 7.376765105768111e-08}, "\u0672\u0626": {"\u0645\u06c3": 1.1592059451921316e-07, "\u0645\u062a": 3.1614707596149046e-08}, "\u0672\u0646\u0628": {"\u06cc\u0627\u0626": 7.376765105768111e-08}, "\u0672\u0646\u062a\u0645": {"\u0648\u0672\u0645": 6.322941519229809e-08}, "\u0672\u06a9\u0628\u0631": {"\u062a\u06a9\u0628": 6.322941519229809e-08, "\u0648\u0644\u0627": 3.1614707596149046e-08}, "\u0672\u0645\u06c3": {"\u0642\u062a\u0644\u062a\u06a9": 6.322941519229809e-08}, "\u0672\u06be\u0645\u0646": {"\u06cc": 6.322941519229809e-08}, "\u0672\u0628\u0642\u06cc\u062a\u0646": {"\u06cc": 6.322941519229809e-08}, "\u0672\u0633\u062a\u0648\u062f": {"\u0639\u06a9": 5.269117932691508e-08}, "\u0672\u0628\u0631\u0672": {"\u0625\u0644\u06cc": 5.269117932691508e-08}, "\u0672\u06cc\u06be\u0627": {"\u0627\u0644\u0627": 5.269117932691508e-08, "\u0627\u0644\u0630": 5.269117932691508e-08}, "\u0672\u06be\u0644": {"\u0628\u06cc\u062a": 5.269117932691508e-08, "\u06c1": 4.215294346153206e-08, "\u06cc": 4.215294346153206e-08, "\u0627\u0644\u0628\u06cc\u062a": 3.1614707596149046e-08, "\u0627\u0644\u06a9": 3.1614707596149046e-08}, "\u0672\u062a\u0642\u0631\u0628": {"\u0625\u0644\u06cc\u06a9": 5.269117932691508e-08, "\u0625\u0644\u06cc": 3.1614707596149046e-08}, "\u0672\u062c\u0644": {"\u06cc": 5.269117932691508e-08}, "\u0672\u0630": {"\u0646\u062a": 5.269117932691508e-08, "\u0646": 3.1614707596149046e-08}, "\u0672\u062d\u0633\u0646": {"\u0627\u0644\u062e\u0627\u0644": 5.269117932691508e-08}, "\u0672\u0645\u062a": {"\u06c1": 5.269117932691508e-08, "\u06a9": 4.215294346153206e-08}, "\u0672\u0642\u0645\u062a": {"\u0627\u0644\u0635\u0644\u0627\u06c3": 5.269117932691508e-08}, "\u0672\u0631\u0648\u0627\u062d": {"\u06be": 5.269117932691508e-08}, "\u0672\u062d\u062a\u0633": {"\u0628": 5.269117932691508e-08}, "\u0672\u062a\u0672\u0630\u0646": {"\u0644": 5.269117932691508e-08}, "\u0672\u062c": {"\u062f": 4.215294346153206e-08}, "\u0672\u0628\u062f\u0627": {"\u0648\u0644\u0627": 4.215294346153206e-08, "\u0645\u0627": 3.1614707596149046e-08}, "\u0672\u0633\u0645\u0627\u0626": {"\u06a9": 4.215294346153206e-08}, "\u0672\u0639\u0637\u06cc\u062a\u0646": {"\u06cc": 4.215294346153206e-08}, "\u0672\u0646\u0635\u0627\u0631": {"\u06be": 4.215294346153206e-08}, "\u0672\u0646\u0627": {"\u0641": 4.215294346153206e-08, "\u0628\u0631": 4.215294346153206e-08, "\u0625\u0644\u06cc": 3.1614707596149046e-08}, "\u0672\u06cc\u062f": {"\u06cc": 4.215294346153206e-08, "\u06cc\u06be": 3.1614707596149046e-08}, "\u0672\u06a9\u0631\u0645\u062a\u0646\u0627": {"\u0628": 4.215294346153206e-08}, "\u0672\u062a\u06cc\u062a\u06a9": {"\u0645\u062a\u0642\u0631": 3.1614707596149046e-08}, "\u0672\u062a\u0648\u062c\u06c1": {"\u0628": 3.1614707596149046e-08, "\u0625\u0644\u06cc\u06a9": 3.1614707596149046e-08}, "\u0672\u0633\u062a\u063a\u0641": {"\u0631\u06a9": 3.1614707596149046e-08}, "\u0672\u0628\u062f": {"\u0627\u0644\u0627\u0628\u062f": 3.1614707596149046e-08}, "\u0672\u06cc\u062a\u06be\u0627": {"\u0627\u0644\u0635": 3.1614707596149046e-08, "\u0627\u0644\u062a\u0642": 3.1614707596149046e-08}, "\u0672\u0639\u0644\u0645": {"\u0628": 3.1614707596149046e-08}, "\u0672\u0634\u0631\u0641": {"\u0645\u062d\u0644": 3.1614707596149046e-08}, "\u0672\u0639\u0638\u0645": {"\u0645": 3.1614707596149046e-08}, "\u0672\u0635\u0641": {"\u06cc\u0627\u0626": 3.1614707596149046e-08}, "\u0672\u0637\u0639\u062a\u06a9": {"\u0641": 3.1614707596149046e-08}, "\u0672\u0633\u0645\u0639": {"\u0627\u0644\u0633\u0627\u0645": 3.1614707596149046e-08}, "\u0672\u0634\u06be": {"\u062f": 3.1614707596149046e-08}, "\u0672\u062d\u06cc\u0627\u0626": {"\u0639": 3.1614707596149046e-08}, "\u0672\u062a\u062e": {"\u0630": 3.1614707596149046e-08}, "\u0672\u0646\u0639\u0645\u062a": {"\u0628": 3.1614707596149046e-08}, "\u0672\u0639\u0637": {"\u06c1": 3.1614707596149046e-08}, "\u0672\u06cc\u0627\u0645": {"\u06cc": 3.1614707596149046e-08}}