{"\u0674": {"\u067e\u0627\u06a9\u0633\u062a\u0627\u0646": 4.5314414221146965e-07, "\u0646\u0633\u0648\u0627\u06ba": 2.2130295317304332e-07, "\u0635\u062d\u0627\u0641\u062a": 2.0022648144227728e-07, "\u0627\u0631\u0636": 2.0022648144227728e-07, "\u0646\u0638\u0631": 2.0022648144227728e-07, "\u06a9\u0627\u0631": 1.6861177384612824e-07, "\u0627\u0633\u062a\u0642\u0628\u0627\u0644\u06cc\u06c1": 1.1592059451921316e-07, "\u062f\u06cc\u0648\u0627\u0631": 1.1592059451921316e-07, "\u062e\u06cc\u0627\u0644": 1.1592059451921316e-07, "\u0627\u062f\u0628": 1.0538235865383016e-07, "\u062a\u06a9\u0645\u06cc\u0644": 9.484412278844714e-08, "\u0627\u0638\u06c1\u0627\u0631": 8.430588692306412e-08, "\u062f\u0631\u062c\u0627\u062a": 8.430588692306412e-08, "\u0641\u06a9\u0631\u06cc\u06c1": 7.376765105768111e-08, "\u062c\u0645\u06c1\u0648\u0631\u06cc\u062a": 6.322941519229809e-08, "\u0636\u0631\u0648\u0631\u062a": 5.269117932691508e-08, "\u0627\u0631\u062f\u0648": 5.269117932691508e-08, "\u0631\u0648\u0632\u06af\u0627\u0631": 5.269117932691508e-08, "\u062d\u06cc\u0627\u062a": 5.269117932691508e-08, "\u0627\u062e\u0644\u0627\u0642": 5.269117932691508e-08, "\u0627\u0642\u062a\u062f\u0627\u0631": 5.269117932691508e-08, "\u0628\u0633\u06cc\u0627\u0631": 5.269117932691508e-08, "\u0646\u0627\u06a9\u0627\u0645": 5.269117932691508e-08, "\u062c\u0645\u06c1\u0648\u0631": 5.269117932691508e-08, "\u0631\u0633\u0648\u0644": 4.215294346153206e-08, "\u06c1\u0633\u062a\u06cc": 4.215294346153206e-08, "\u0642\u062f\u06cc\u0645": 4.215294346153206e-08, "\u0622\u0628": 4.215294346153206e-08, "\u0627\u0639\u0645\u0627\u0644": 4.215294346153206e-08, "\u06af\u0641\u062a\u0627\u0631": 4.215294346153206e-08, "\u0635\u062f\u0627\u0631\u062a": 4.215294346153206e-08, "\u0631\u0627\u0632": 4.215294346153206e-08, "\u0635\u0628\u0631": 4.215294346153206e-08, "\u0645\u0633\u0644\u0633\u0644": 4.215294346153206e-08, "\u0627\u0644\u0642\u062f\u0633": 4.215294346153206e-08, "\u067e\u0627\u0631\u06cc\u0646\u06c1": 4.215294346153206e-08, "\u062a\u0639\u0628\u06cc\u0631": 4.215294346153206e-08, "\u0627\u0628\u0631\u0648": 3.1614707596149046e-08, "\u062e\u06cc\u0627\u0644\u0627\u062a": 3.1614707596149046e-08, "\u062d\u0633\u06cc\u0646": 3.1614707596149046e-08, "\u062e\u062f\u0645\u062a": 3.1614707596149046e-08, "\u0627\u0631\u062a\u0642\u0627\u0621": 3.1614707596149046e-08, "\u0637\u0627\u0644\u0628": 3.1614707596149046e-08, "\u0642\u0644\u0627\u062a": 3.1614707596149046e-08, "\u06a9\u06cc": 3.1614707596149046e-08, "\u06a9\u0627": 3.1614707596149046e-08, "\u0648\u0627\u0631\u062f\u0627\u062a": 3.1614707596149046e-08, "\u0630\u0627\u062a": 3.1614707596149046e-08, "\u0628\u06cc\u062a": 3.1614707596149046e-08, "\u0634\u06a9\u0631": 3.1614707596149046e-08, "\u0639\u0627\u0645": 3.1614707596149046e-08, "\u0635\u062d\u062a": 3.1614707596149046e-08, "\u0648\u0642\u062a": 3.1614707596149046e-08, "\u0627\u0646\u062a\u062e\u0627\u0628": 3.1614707596149046e-08, "\u0627\u06cc\u0631\u0627\u0646": 3.1614707596149046e-08, "\u0686\u06cc\u0646": 3.1614707596149046e-08, "\u0627\u0638\u06c1\u0627\u0631\u06a9\u06d2": 3.1614707596149046e-08, "\u0633\u06cc\u0627\u0633\u062a": 3.1614707596149046e-08, "\u062d\u0627\u0644\u0627\u062a": 3.1614707596149046e-08}}