{"\u0691": {"\u06a9\u0631": 2.3184118903842633e-07, "\u06cc": 1.369970662499792e-07, "\u06cc\u0648": 1.369970662499792e-07, "\u062f\u06cc\u0627": 1.2645883038459618e-07, "\u0646\u0627": 4.215294346153206e-08, "\u067e\u0631": 4.215294346153206e-08, "\u067e\u06be\u0648\u0691": 3.1614707596149046e-08, "\u0645\u06cc\u06ba": 3.1614707596149046e-08, "\u06af": 3.1614707596149046e-08, "\u0646\u06d2": 3.1614707596149046e-08, "\u06a9\u06d2": 3.1614707596149046e-08}, "\u0691\u06cc\u0648\u06ba": {"\u06a9\u0648": 2.1076471730766031e-07, "\u0646\u06d2": 5.269117932691508e-08, "\u06a9\u06cc": 4.215294346153206e-08, "\u067e\u0631": 4.215294346153206e-08}, "\u0691\u06cc\u0648": {"\u06ba": 2.0022648144227728e-07}, "\u0691\u06a9\u0627\u0646\u06c1": {"\u0627\u0648\u0631": 9.484412278844714e-08}, "\u0691\u06cc": {"\u06a9\u0648": 6.322941519229809e-08, "\u0642\u0631\u0627\u0631": 6.322941519229809e-08, "\u0622\u0624\u0679": 6.322941519229809e-08, "\u06a9\u06d2": 3.1614707596149046e-08, "\u0642\u0631\u0627": 3.1614707596149046e-08, "\u067e\u0648\u0631": 3.1614707596149046e-08}, "\u0691\u06cc\u0627": {"\u06af\u06be\u0631": 5.269117932691508e-08}, "\u0691\u06d2": {"\u06a9\u06cc": 3.1614707596149046e-08, "\u0646\u06d2": 3.1614707596149046e-08}, "\u0691\u0627": {"\u06a9\u0631": 3.1614707596149046e-08}}