{"\u0698\u06cc\u0627\u0624\u0632\u0648\u0626\u06cc": {"\u062e\u0648\u062f": 4.906239313597495e-07, "\u0627\u0648\u0631": 9.81247862719499e-07, "\u06a9\u0627": 2.4531196567987474e-06, "\u0646\u06d2": 9.81247862719499e-07, "\u0628\u062a\u0627\u062a\u06d2": 4.906239313597495e-07, "\u0641\u0648\u0646": 4.906239313597495e-07, "\u062c\u06cc\u0633\u06d2": 4.906239313597495e-07, "\u06a9\u06c1\u062a\u06d2": 9.81247862719499e-07, "\u06a9\u0627\u0645": 4.906239313597495e-07, "\u0633\u06cc\u06c1\u0627\u0646\u0648\u06a9\u0648\u0644": 4.906239313597495e-07, "\u0627\u067e\u0646\u06d2": 4.906239313597495e-07}, "\u0698\u0627\u0646\u06af": {"\u06a9\u06d2": 9.81247862719499e-07, "\u0634\u0648\u0626\u06cc": 3.1614707596149046e-08}, "\u0698\u0627\u0646": {"\u067e\u06cc\u0631": 4.906239313597495e-07, "\u0633\u06d2": 3.2668531182687346e-07, "\u067e\u06cc\u0626\u063a": 3.1614707596149046e-08, "\u067e\u0646\u0627\u0688\u0627": 3.1614707596149046e-08}, "\u0698\u0627\u0624\u0688\u0648\u0646\u06af": {"\u06a9\u0627": 4.906239313597495e-07, "\u0627\u0648\u0631": 4.906239313597495e-07}, "\u0698\u0648": {"\u0646\u06d2": 4.906239313597495e-07, "\u0648\u06cc\u0646\u0628\u0648": 4.906239313597495e-07, "\u0627\u06cc\u0646": 2.0022648144227728e-07, "\u0645\u06cc\u06ba": 1.2645883038459618e-07, "\u062c\u0646\u06af": 9.484412278844714e-08, "\u0633\u06d2": 6.322941519229809e-08, "\u0686\u06cc\u0646": 4.215294346153206e-08, "\u067e\u06cc": 3.1614707596149046e-08}, "\u0698\u0646\u06c1\u0648\u0627": {"\u0646\u06cc\u0648\u0632": 9.81247862719499e-07, "\u06a9\u06d2": 4.906239313597495e-07}, "\u0698\u06cc": {"\u0641\u0627\u0626\u06cc\u0648": 4.906239313597495e-07, "\u06a9\u06d2": 9.81247862719499e-07, "\u06a9\u0627": 4.906239313597495e-07, "\u062c\u0646": 9.484412278844714e-08, "\u06a9\u0648": 3.1614707596149046e-08, "\u0646\u06d2": 3.1614707596149046e-08}, "\u0698\u06cc\u0627\u0624": {"\u067e\u0646\u06af": 4.906239313597495e-07}, "\u0698\u0627\u0624": {"\u0686\u0646\u0644\u06cc": 4.906239313597495e-07, "\u0644\u06cc\u062c\u06cc\u0627\u0646": 4.906239313597495e-07, "\u06c1\u0648\u0626\u06cc": 7.376765105768111e-08}, "\u0698\u0627\u0646\u0627\u06a9\u0631\u0646\u0648\u0688\u0644": {"\u0627\u0648\u0631": 4.906239313597495e-07}, "\u0698\u06cc\u0646\u06af": {"\u0632\u0648": 4.906239313597495e-07, "\u0698\u06cc": 6.322941519229809e-08, "\u0646\u06d2": 5.269117932691508e-08}, "\u0698\u06cc\u0646\u06af\u0632\u0648": {"\u06a9\u06d2": 4.906239313597495e-07}, "\u0698\u06cc\u0627\u0646": {"\u0627\u0648\u0631": 4.906239313597495e-07}, "\u0698\u06cc\u0634\u0648\u0641": {"\u0627\u06cc\u0626\u0631\u067e\u0648\u0631\u0679": 4.906239313597495e-07}, "\u0698\u0627\u06ba": {"\u0646\u0648\u0648\u06cc\u0644": 4.906239313597495e-07, "\u067e\u0627\u0644": 2.2130295317304332e-07, "\u062c\u06cc\u06a9\u0648\u0626\u0633": 4.215294346153206e-08, "\u067e\u0644": 4.215294346153206e-08}, "\u0698\u0648\u0628": {"\u0628\u0627\u0631\u06a9\u06be\u0627\u0646": 4.906239313597495e-07, "\u0627\u0648\u0691": 4.906239313597495e-07, "\u0645\u06cc\u06ba": 1.6861177384612824e-07, "\u06a9\u06d2": 7.376765105768111e-08, "\u0633\u06d2": 7.376765105768111e-08, "\u0627\u0648\u0631": 7.376765105768111e-08}, "\u0698\u06cc\u0624": {"\u062c\u06cc\u0627\u0646\u0648\u0627": 4.906239313597495e-07}, "\u0698\u06cc\u06a9\u06cc\u0627\u0646\u06af": {"\u0627\u0633": 4.906239313597495e-07, "\u06a9\u0648": 4.906239313597495e-07}, "\u0698\u0627\u0648": {"\u0646\u06d2": 4.906239313597495e-07}, "\u0698\u0627\u0644\u06c1": {"\u0628\u0627\u0631\u06cc": 9.062882844229393e-07}, "\u0698\u0627\u06a9": {"\u062f\u0631\u06cc\u062f\u0627": 8.957500485575563e-07, "\u0634\u06cc\u0631\u0627\u06a9": 3.1614707596149046e-08}, "\u0698\u0631\u0641": {"\u0646\u06af\u0627\u06c1\u06cc": 3.0560884009610745e-07, "\u0628\u06cc\u0646\u06cc": 7.376765105768111e-08}, "\u0698\u0627\u0644\u06d2": {"\u0633\u0631\u062d\u062f\u06cc": 2.2130295317304332e-07}, "\u0698\u0648\u0644\u06cc\u062f\u06c1": {"\u0641\u06a9\u0631\u06cc": 8.430588692306412e-08, "\u0641\u06a9\u0631": 5.269117932691508e-08}, "\u0698\u0646": {"\u0646\u06d2": 6.322941519229809e-08}, "\u0698\u0631\u0627\u0641": {"\u06a9\u0648": 5.269117932691508e-08, "\u0646\u06d2": 5.269117932691508e-08, "\u06a9\u06cc": 3.1614707596149046e-08, "\u0633\u06d2": 3.1614707596149046e-08}, "\u0698\u0648\u06c1\u0627\u0626\u06cc": {"\u0645\u06cc\u06ba": 5.269117932691508e-08}, "\u0698\u06cc\u0627\u0646\u06af": {"\u0644\u06cc": 4.215294346153206e-08}, "\u0698\u0646\u062f": {"\u06a9\u06cc": 3.1614707596149046e-08, "\u0648": 3.1614707596149046e-08}, "\u0698\u06cc\u0631\u0627\u062a\u06cc\u0648\u0644\u0648\u06ba": {"\u0646\u06d2": 3.1614707596149046e-08}}