{"\u06ba": {"\u062c\u0646\u06c1\u06cc\u06ba": 4.906239313597495e-07, "\u06a9\u06cc": 5.427191470672253e-06, "\u0645\u06cc\u06ba": 5.6484944238452965e-06, "\u0627\u06a9\u062b\u0631": 4.906239313597495e-07, "\u06a9\u0648": 4.6579002524992924e-06, "\u062f\u0631\u0648\u0627\u0632\u0648\u06ba": 4.906239313597495e-07, "\u06cc\u06c1\u0627\u06ba": 4.906239313597495e-07, "\u06a9\u06d2": 5.585265008652998e-06, "\u0646\u06d2": 7.16600038846045e-06, "\u0633\u06d2": 3.2247001748072027e-06, "\u06af\u06d2": 2.2130295317304333e-06, "\u06a9\u0627": 2.1392618806727523e-06, "\u067e\u0631": 2.118185408941986e-06, "\u0627\u0648\u0631": 2.076032465480454e-06, "\u06af\u06cc": 8.219823974998752e-07, "\u06a9\u06c1": 7.798294540383431e-07, "\u06af\u0627": 7.482147464421941e-07, "\u06c1\u06d2": 5.374500291345338e-07, "\u062a\u0648": 3.3722354769225647e-07, "\u0628\u062d\u0642": 3.1614707596149046e-07, "\u062a\u06a9": 3.1614707596149046e-07, "\u06c1\u06cc\u06ba": 2.5291766076919237e-07, "\u0646\u06c1\u06cc\u06ba": 2.3184118903842633e-07, "\u0646\u06c1": 2.2130295317304332e-07, "\u06a9\u06cc\u0644\u0626\u06d2": 2.1076471730766031e-07, "\u0628\u06be\u06cc": 1.8968824557689427e-07, "\u06cc\u0627": 1.6861177384612824e-07, "\u06ba": 1.5807353798074523e-07, "\u0648": 1.4753530211536222e-07, "\u06a9\u0631": 1.2645883038459618e-07, "\u062c\u0648": 1.1592059451921316e-07, "\u0648\u06c1": 1.1592059451921316e-07, "\u0686\u06c1": 1.0538235865383016e-07, "\u0627\u0633": 9.484412278844714e-08, "\u0627\u06cc\u06a9": 8.430588692306412e-08, "\u06c1\u0648": 8.430588692306412e-08, "\u06c1\u06cc": 8.430588692306412e-08, "\u0637\u0631\u0641": 7.376765105768111e-08, "\u0627\u0646": 7.376765105768111e-08, "\u0645\u0645\u0627\u0644\u06a9": 7.376765105768111e-08, "\u0627\u062f\u0627\u0631\u06d2": 6.322941519229809e-08, "\u0645\u062d\u0645\u062f": 5.269117932691508e-08, "\u062c\u0645\u0627\u06cc\u0627": 5.269117932691508e-08, "\u06d2": 5.269117932691508e-08, "\u0631\u0648\u067e\u06d2": 5.269117932691508e-08, "\u0648\u0627\u0644\u06d2": 3.1614707596149046e-08, "\u0635\u0631\u0641": 3.1614707596149046e-08, "\u062a\u06be\u06d2": 3.1614707596149046e-08, "\u062a\u06be\u0627": 3.1614707596149046e-08, "\u062a\u0644\u06d2": 3.1614707596149046e-08, "\u0645\u06d2\u06ba": 3.1614707596149046e-08, "\u0645\u06ba\u06ba": 3.1614707596149046e-08, "\u067e\u0691\u06d2": 3.1614707596149046e-08, "\u06a9\u06cc\u0627": 3.1614707596149046e-08, "\u0627\u06d2": 3.1614707596149046e-08, "\u062c\u0633": 3.1614707596149046e-08, "\u0645\u06ba": 3.1614707596149046e-08, "\u06cc\u06c1": 3.1614707596149046e-08, "\u0645\u0648\u062c\u0648\u062f": 3.1614707596149046e-08, "\u06a9\u06c1\u0627\u06ba": 3.1614707596149046e-08, "\u0628\u0644\u06a9\u06c1": 3.1614707596149046e-08, "\u0627": 3.1614707596149046e-08, "\u0632\u062e\u0645\u0648\u06ba": 3.1614707596149046e-08, "\u0633\u0645\u06cc\u062a": 3.1614707596149046e-08, "\u0635\u0627\u062d\u0628": 3.1614707596149046e-08}, "\u06ba\u06a9\u06c1": {"\u0627\u0646\u0688\u06cc\u0627": 4.906239313597495e-07, "\u0627\u0628": 4.906239313597495e-07}, "\u06ba\u06a9\u0627\u062d": {"\u06a9\u06d2": 4.906239313597495e-07}, "\u06ba\u0627\u0645\u0633\u0679\u0631": {"\u0627\u0631\u0648\u0646\u062f\u06a9\u0634\u0646": 4.906239313597495e-07}, "\u06ba\u0627\u0635\u0631": {"\u062d\u0633\u06cc\u0646": 4.906239313597495e-07}}