{"\u06be\u0628\u0627": {"\u0627\u06a9\u0628\u0631": 1.962495725438998e-06}, "\u06be\u06d2": {"\u0648\u06c1": 4.906239313597495e-07}, "\u06be\u06cc\u0627": {"\u06a9\u0627\u0631\u0688": 9.81247862719499e-07}, "\u06be": {"\u0645": 4.19421787442244e-06, "\u0645\u06cc\u06ba": 3.7410737322109706e-06, "\u06a9\u0631": 6.639088595191299e-07, "\u06a9\u06d2": 6.217559160575979e-07, "\u06cc": 5.058353215383847e-07, "\u0646": 4.5314414221146965e-07, "\u06a9\u0648": 4.109911987499376e-07, "\u0633\u06d2": 2.5291766076919237e-07, "\u0645\u0637\u0627\u0628\u0642": 2.2130295317304332e-07, "\u0645\u0627": 2.1076471730766031e-07, "\u06a9\u0627": 1.4753530211536222e-07, "\u062a\u06a9": 1.2645883038459618e-07, "\u06a9\u06cc": 1.0538235865383016e-07, "\u0627\u0633\u0645\u0628\u0644\u06cc": 8.430588692306412e-08, "\u06af\u0626\u06cc": 7.376765105768111e-08, "\u0631\u06c1\u06d2": 6.322941519229809e-08, "\u0634": 6.322941519229809e-08, "\u0627\u0648\u0631": 5.269117932691508e-08, "\u062f\u0627\u06cc\u062a": 5.269117932691508e-08, "\u06cc\u0648\u0646\u06cc\u0648\u0631\u0633\u0679\u06cc": 4.215294346153206e-08, "\u0641\u0679\u0628\u0627\u0644": 4.215294346153206e-08, "\u062c\u0644\u0648\u0633": 4.215294346153206e-08, "\u06c1\u0627\u0626\u06cc": 4.215294346153206e-08, "\u0628\u0645\u0637\u0627\u0628\u0642": 4.215294346153206e-08, "\u0648\u0627\u0644\u06d2": 4.215294346153206e-08, "\u0631\u06c1\u0627": 3.1614707596149046e-08, "\u06c1\u0627\u0626\u06cc\u06a9\u0648\u0631\u0679": 3.1614707596149046e-08, "\u067e\u0644\u0627\u0646\u06d2": 3.1614707596149046e-08, "\u062a\u0627": 3.1614707596149046e-08, "\u0631": 3.1614707596149046e-08}, "\u06be\u0648": {"\u0627\u0644\u0644\u06c1": 1.4121236059613241e-06, "\u0627\u0644\u0630": 3.1614707596149046e-07, "\u0627\u0644\u0630\u06cc": 1.369970662499792e-07, "\u0627\u0644\u062d\u06cc": 1.8968824557689427e-07, "\u06cc\u0627": 6.322941519229809e-08, "\u0672\u06be\u0644\u06c1": 6.322941519229809e-08, "\u06be\u0648": 6.322941519229809e-08, "\u0644\u06a9": 6.322941519229809e-08, "\u0634": 5.269117932691508e-08, "\u0641": 4.215294346153206e-08, "\u0639\u0644\u06cc\u06c1": 4.215294346153206e-08, "\u0639\u0644\u06cc": 7.376765105768111e-08, "\u0627\u0644\u0631\u062d\u0645\u0646": 1.0538235865383016e-07, "\u0639\u0646\u062f": 4.215294346153206e-08, "\u06a9\u0644": 4.215294346153206e-08, "\u0641\u06cc": 4.215294346153206e-08, "\u0645\u0627": 4.215294346153206e-08, "\u0644\u0644\u0630\u06cc\u0646": 3.1614707596149046e-08, "\u062e\u06cc\u0631": 3.1614707596149046e-08, "\u0627\u0644\u0627\u0648\u0644": 3.1614707596149046e-08, "\u0627\u0644\u0639\u0632": 3.1614707596149046e-08, "\u0628\u0627\u0637\u0644": 3.1614707596149046e-08, "\u0642\u0631\u0627\u0646": 3.1614707596149046e-08, "\u06a9\u06cc": 3.1614707596149046e-08}, "\u06be\u0630": {"\u06c1": 7.482147464421941e-07, "\u0627": 7.376765105768111e-08}, "\u06be\u0631\u06cc\u0631\u06c3": {"\u0631\u0636\u06cc": 2.1076471730766031e-07, "\u0631\u0636": 5.269117932691508e-08}, "\u06be\u0627": {"\u0645": 1.369970662499792e-07, "\u0648": 1.1592059451921316e-07, "\u06a9\u0627": 4.215294346153206e-08, "\u0627": 4.215294346153206e-08, "\u0627\u0648": 4.215294346153206e-08, "\u0645\u0639\u0631": 3.1614707596149046e-08, "\u062e\u0644": 3.1614707596149046e-08}, "\u06be\u062c\u0631\u06cc": {"\u0645\u06cc\u06ba": 1.369970662499792e-07}, "\u06be\u0644": {"\u0645\u0646": 1.1592059451921316e-07, "\u06cc\u0633\u062a\u0648\u06cc": 5.269117932691508e-08, "\u0627\u062a\u06cc": 5.269117932691508e-08, "\u06cc\u0646\u0638\u0631\u0648\u0646": 4.215294346153206e-08, "\u0644\u06a9": 4.215294346153206e-08, "\u06a9\u06cc": 3.1614707596149046e-08, "\u0627\u0679\u06be\u0627": 3.1614707596149046e-08}, "\u06be\u06cc\u0645": {"\u0686\u0648\u06c1\u062f\u0631\u06cc": 1.0538235865383016e-07}, "\u06be\u0645\u0645": {"\u0627\u0648\u0644\u06cc": 9.484412278844714e-08}, "\u06be\u0630\u0627": {"\u0627\u0644\u06cc\u0648\u0645": 8.430588692306412e-08, "\u0627\u0644\u0642\u0631\u0622\u0646": 8.430588692306412e-08, "\u0627\u0644\u0630": 4.215294346153206e-08, "\u0627\u0644\u0642\u0631\u0627\u0646": 4.215294346153206e-08, "\u0627\u0644\u0642\u06cc\u0627\u0633": 3.1614707596149046e-08, "\u0628\u0627\u0637": 3.1614707596149046e-08, "\u0648\u0627\u0644\u0644\u06c1": 3.1614707596149046e-08, "\u0646\u0630\u06cc\u0631": 3.1614707596149046e-08, "\u0648": 3.1614707596149046e-08, "\u0645\u0627": 3.1614707596149046e-08, "\u0648\u0642\u062a": 3.1614707596149046e-08, "\u0635\u0631\u0627\u0637\u06cc": 3.1614707596149046e-08}, "\u06be\u0627\u0644\u0627": {"\u06a9\u06d2": 8.430588692306412e-08}, "\u06be\u0645": {"\u0627\u0644\u0645\u0641\u0644\u062d\u0648\u0646": 7.376765105768111e-08, "\u0639\u0646": 9.484412278844714e-08, "\u0628\u0627\u0633\u0646\u0627\u062f": 4.215294346153206e-08, "\u0627": 4.215294346153206e-08, "\u0628": 4.215294346153206e-08, "\u0628\u0627": 4.215294346153206e-08, "\u06cc\u0633\u062a\u063a\u0641": 3.1614707596149046e-08, "\u0627\u0644\u06a9\u0627\u0641\u0631\u0648\u0646": 3.1614707596149046e-08, "\u0641": 3.1614707596149046e-08, "\u0627\u0644\u0641\u0627\u0633": 3.1614707596149046e-08, "\u06cc\u062d\u0632\u0646\u0648\u0646": 3.1614707596149046e-08, "\u0645\u0627": 3.1614707596149046e-08}, "\u06be\u0648\u0627\u0644\u0644\u06c1": {"\u0627\u062d\u062f": 7.376765105768111e-08}, "\u06be\u06cc": {"\u0627\u062d\u0633\u0646": 6.322941519229809e-08, "\u06a9\u06d2": 3.1614707596149046e-08}, "\u06be\u0630\u06c1": {"\u0627\u0644\u0635\u062d\u06cc\u0641\u06c3": 6.322941519229809e-08, "\u0627\u0644\u0633\u0648\u0631\u06c3": 3.1614707596149046e-08}, "\u06be\u0627\u062f\u06cc": {"\u0644\u06c1": 5.269117932691508e-08}, "\u06be\u0646\u0633": {"\u0633\u06cc\u0688\u0644": 5.269117932691508e-08}, "\u06be\u0631": {"\u06be\u0631": 5.269117932691508e-08}, "\u06be\u0631\u06cc\u0631\u06c1": {"\u0633\u06d2": 4.215294346153206e-08}, "\u06be\u062f\u06cc": {"\u0648": 4.215294346153206e-08, "\u0644": 3.1614707596149046e-08}, "\u06be\u0631\u0627": {"\u06c1\u0648\u0627": 4.215294346153206e-08}, "\u06be\u0648\u0628\u06cc\u0644\u06c1": {"\u06a9\u06d2": 4.215294346153206e-08}, "\u06be\u0646\u06cc": {"\u0645\u0644\u06a9": 4.215294346153206e-08}, "\u06be\u062f\u06cc\u062a\u0646": {"\u06cc": 4.215294346153206e-08}, "\u06be\u0627\u0648\u06cc\u0631": {"\u0633\u0648\u0644\u0627\u0646\u0627": 4.215294346153206e-08}, "\u06be\u0631\u06cc\u0631\u0629": {"\u0642\u0627\u0644": 4.215294346153206e-08}, "\u06be\u0630\u0622": {"\u0627": 4.215294346153206e-08}, "\u06be\u0646": {"\u0646\u0627": 4.215294346153206e-08, "\u0644": 3.1614707596149046e-08}, "\u06be\u062f\u0627\u06cc\u06c1": {"\u0645\u06cc\u06ba": 3.1614707596149046e-08}, "\u06be\u06cc\u0644": {"\u062e\u0631\u062f": 3.1614707596149046e-08, "\u06a9\u0644\u0627\u06ba": 3.1614707596149046e-08}, "\u06be\u0627\u0631\u0648\u0646": {"\u0645": 3.1614707596149046e-08}, "\u06be\u0644\u0627": {"\u06c1\u06d2": 3.1614707596149046e-08}, "\u06be\u0627\u062f": {"\u06c1": 3.1614707596149046e-08}, "\u06be\u0648\u0627\u0644\u0630": {"\u06cc": 3.1614707596149046e-08}, "\u06be\u062f": {"\u06cc": 3.1614707596149046e-08}, "\u06be\u0622": {"\u0627\u0645": 3.1614707596149046e-08}, "\u06be\u062f\u06a9\u0645": {"\u0648": 3.1614707596149046e-08}, "\u06be\u0627\u062f\u0648\u0627": {"\u062d\u0631\u0645\u0646\u0627": 3.1614707596149046e-08}, "\u06be\u0628": {"\u0644\u06cc": 3.1614707596149046e-08}, "\u06be\u06cc\u0646\u0633": {"\u0628\u0644\u06a9\u0633": 3.1614707596149046e-08}, "\u06be\u0624": {"\u0644\u0627": 3.1614707596149046e-08}, "\u06be\u0627\u0634\u0645": {"\u0628\u062d\u0631\u0627\u0646\u06cc": 3.1614707596149046e-08}, "\u06be\u06cc\u0628\u062a": {"\u06c1": 3.1614707596149046e-08}, "\u06be\u0646\u06af": {"\u0686\u0648": 3.1614707596149046e-08}}