{"\u06c3": {"\u0627\u0644\u0644\u06c1": 1.2645883038459618e-07, "\u06a9\u06d2": 7.376765105768111e-08, "\u0627\u0644\u0645\u0648\u0644\u062f": 5.269117932691508e-08, "\u0645\u0646": 4.215294346153206e-08, "\u0627\u0644\u0642\u0631\u0622\u0646": 4.215294346153206e-08, "\u0627\u0644\u062b\u0627\u0646\u06cc\u06c1": 3.1614707596149046e-08, "\u0648": 3.1614707596149046e-08}}