{"\u06d2": {"\u0645\u06cc\u06ba": 2.5713295511534557e-06, "\u06a9\u06d2": 1.3278177190382599e-06, "\u06af\u0627": 2.149800116538135e-06, "\u06af\u06cc": 1.380508898365175e-06, "\u0627\u0648\u0631": 1.1592059451921318e-06, "\u0633\u06d2": 7.798294540383431e-07, "\u06a9\u06c1": 7.798294540383431e-07, "\u06a9\u06cc": 7.166000388460451e-07, "\u06a9\u0627": 5.690647367306829e-07, "\u062a\u0648": 5.479882649999168e-07, "\u06c1\u0648\u0626\u06d2": 4.847588498076187e-07, "\u06c1\u06cc\u06ba": 4.109911987499376e-07, "\u067e\u0631": 4.109911987499376e-07, "\u06a9\u0648": 3.5830001942302254e-07, "\u06a9\u0631": 3.3722354769225647e-07, "\u06c1\u0627\u06ba": 2.2130295317304332e-07, "\u062c\u0648": 1.8968824557689427e-07, "\u0627\u0633": 1.7915000971151127e-07, "\u06c1\u06cc": 1.6861177384612824e-07, "\u06a9\u0648\u0626\u06cc": 1.5807353798074523e-07, "\u0633\u06cc\u0631\u06cc\u0632": 1.5807353798074523e-07, "\u0628\u0691\u06d2": 1.369970662499792e-07, "\u0646\u06d2": 1.2645883038459618e-07, "\u062a\u06be\u06d2": 1.1592059451921316e-07, "\u0645\u0644\u06a9": 1.0538235865383016e-07, "\u067e\u0627\u0633": 9.484412278844714e-08, "\u06a9\u06c1\u0627": 9.484412278844714e-08, "\u062f\u06cc": 9.484412278844714e-08, "\u0679\u06cc\u0633\u0679": 8.430588692306412e-08, "\u0628\u06be\u06cc": 8.430588692306412e-08, "\u06af\u0626\u06d2": 7.376765105768111e-08, "\u06a9\u0631\u0627\u0645": 7.376765105768111e-08, "\u0644\u0626\u06d2": 7.376765105768111e-08, "\u0645\u06cc\u0686": 7.376765105768111e-08, "\u062c\u0627\u0646\u06d2": 6.322941519229809e-08, "\u0627\u0646\u0679\u0631\u0646\u06cc\u0634\u0646\u0644": 6.322941519229809e-08, "\u062f\u0648\u0633\u062a": 6.322941519229809e-08, "\u062e\u06cc\u0627\u0644": 6.322941519229809e-08, "\u06c1": 6.322941519229809e-08, "\u062f\u0646": 6.322941519229809e-08, "\u06cc\u0627": 6.322941519229809e-08, "\u0627\u06cc\u0646": 6.322941519229809e-08, "\u0627\u06cc\u0688\u06cc\u0634\u0646": 5.269117932691508e-08, "\u0633\u06cc\u0645\u06cc": 5.269117932691508e-08, "\u0674": 5.269117932691508e-08, "\u06c1\u0648": 5.269117932691508e-08, "\u06af\u06be\u0631": 4.215294346153206e-08, "\u0633\u0627\u062a\u06be": 4.215294346153206e-08, "\u062c\u0627\u0626\u06cc\u06ba": 4.215294346153206e-08, "\u062f\u06d2": 4.215294346153206e-08, "\u067e\u06cc": 4.215294346153206e-08, "\u0645\u06cc\u0631\u06d2": 4.215294346153206e-08, "\u0622\u0646\u06d2": 4.215294346153206e-08, "\u067e\u06be\u0631": 3.1614707596149046e-08, "\u06a9\u0626\u06d2": 3.1614707596149046e-08, "\u067e\u06cc\u0645\u0627\u0646\u06d2": 3.1614707596149046e-08, "\u0645\u06cc\u0686\u0648\u06ba": 3.1614707596149046e-08, "\u0622\u062f\u0645\u06cc": 3.1614707596149046e-08, "\u0631\u0641\u0642\u0627\u0621": 3.1614707596149046e-08, "\u067e\u0648\u0686\u06be\u0627": 3.1614707596149046e-08, "\u0628\u06be\u0631\u06d2": 3.1614707596149046e-08, "\u062e\u0644\u0627\u0641": 3.1614707596149046e-08, "\u0648\u063a\u06cc\u0631\u06c1": 3.1614707596149046e-08, "\u0634\u0627\u0639\u0631": 3.1614707596149046e-08, "\u06c1\u0648\u0646\u06d2": 3.1614707596149046e-08, "\u062f\u0648\u0646\u0648\u06ba": 3.1614707596149046e-08, "\u067e\u06c1\u0644\u06d2": 3.1614707596149046e-08, "\u0627\u0633\u0644\u0627\u0645": 3.1614707596149046e-08, "\u0644\u0648\u06af\u0648": 3.1614707596149046e-08, "\u0627": 3.1614707596149046e-08, "\u0633\u06cc": 3.1614707596149046e-08, "\u062f\u0644": 3.1614707596149046e-08, "\u062f\u0648": 3.1614707596149046e-08, "\u0627\u0646": 3.1614707596149046e-08, "\u0648\u06c1": 3.1614707596149046e-08, "\u0648\u0646": 3.1614707596149046e-08, "\u0645\u062e\u062a\u0644\u0641": 3.1614707596149046e-08, "\u0633\u0627\u0645\u0646\u06d2": 3.1614707596149046e-08, "\u0646\u06c1\u06cc\u06ba": 3.1614707596149046e-08, "\u0628\u0639\u062f": 3.1614707596149046e-08, "\u0627\u06cc\u06a9": 3.1614707596149046e-08, "\u0644\u06cc\u06d2": 3.1614707596149046e-08, "\u0631\u0648\u0632": 3.1614707596149046e-08, "\u0635\u062f\u0631": 3.1614707596149046e-08}, "\u06d2\u06c1": {"\u06c1\u06d2": 1.338355954903643e-06, "\u0628\u0627\u062a": 4.742206139422357e-07, "\u0628\u06be\u06cc": 4.6368237807685265e-07, "\u06a9\u06c1": 3.7937649115378855e-07, "\u062a\u0648": 1.6861177384612824e-07, "\u0644\u0648\u06af": 1.4753530211536222e-07, "\u0627\u06d2\u06a9": 1.369970662499792e-07, "\u0633\u0628": 1.2645883038459618e-07, "\u0633\u0644\u0633\u0644\u06c1": 9.484412278844714e-08, "\u062a\u06be\u0627": 9.484412278844714e-08, "\u062a\u06be\u06cc": 9.484412278844714e-08, "\u06a9\u06c1\u06c1": 9.484412278844714e-08, "\u06a9\u06c1\u0646\u0627": 8.430588692306412e-08, "\u062b\u0627\u0628\u062a": 8.430588692306412e-08, "\u062c\u0646\u06af": 8.430588692306412e-08, "\u062a\u0648\u0642\u0639": 7.376765105768111e-08, "\u0628\u06d2\u0627\u0646": 7.376765105768111e-08, "\u06c1\u0648": 7.376765105768111e-08, "\u06a9\u06c1\u062a\u06d2": 6.322941519229809e-08, "\u0645\u0644\u06a9": 6.322941519229809e-08, "\u06a9\u0627\u0645": 6.322941519229809e-08, "\u062a\u0627\u062b\u0631": 5.269117932691508e-08, "\u0633\u0648\u0627\u0644": 5.269117932691508e-08, "\u0627\u0646": 8.430588692306412e-08, "\u0639\u0627\u0644\u0645": 5.269117932691508e-08, "\u0645\u0645\u06a9\u0646": 5.269117932691508e-08, "\u0633\u0648\u0686": 5.269117932691508e-08, "\u0648\u06c1\u06cc": 5.269117932691508e-08, "\u0645\u0646\u0635\u0648\u0628\u06c1": 4.215294346153206e-08, "\u067e\u06d2\u063a\u0627\u0645": 4.215294346153206e-08, "\u062f\u0648\u0646\u0648\u06ba": 4.215294346153206e-08, "\u062d\u0642\u06d2\u0642\u062a": 4.215294346153206e-08, "\u0645\u0633\u0626\u0644\u06c1": 4.215294346153206e-08, "\u0645\u0639\u0644\u0648\u0645": 4.215294346153206e-08, "\u0633\u06d2\u0627\u0633\u06cc": 3.1614707596149046e-08, "\u0641\u06cc\u0635\u0644\u06c1": 3.1614707596149046e-08, "\u0645\u0637\u0627\u0644\u0628\u06c1": 3.1614707596149046e-08, "\u06a9\u06c1\u0646\u06d2": 3.1614707596149046e-08, "\u062a\u0645\u0627\u0645": 3.1614707596149046e-08, "\u062c\u0645\u0627\u0639\u062a\u06d2\u06ba": 3.1614707596149046e-08, "\u0633\u0645\u062c\u06be": 3.1614707596149046e-08, "\u062e\u0637": 3.1614707596149046e-08, "\u0627\u0633": 3.1614707596149046e-08, "\u0648\u06c1": 3.1614707596149046e-08, "\u06c1\u0648\u0626\u06cc": 3.1614707596149046e-08, "\u06c1\u0648\u0646\u0627": 3.1614707596149046e-08, "\u063a\u0631\u06d2\u0628": 3.1614707596149046e-08, "\u0645\u0648\u0642\u0641": 3.1614707596149046e-08, "\u0645\u0646\u0635\u0628": 3.1614707596149046e-08, "\u0627\u0642\u062f\u0627\u0645": 3.1614707596149046e-08, "\u0627\u0645\u062f\u0627\u062f": 3.1614707596149046e-08, "\u0646\u06c1\u06d2\u06ba": 3.1614707596149046e-08, "\u0631\u0627\u0633\u062a\u06c1": 3.1614707596149046e-08, "\u0633\u067e\u0631\u06cc\u0645": 3.1614707596149046e-08, "\u0628\u062a\u0627": 3.1614707596149046e-08, "\u0627\u0648\u0631": 3.1614707596149046e-08, "\u0628\u06c1\u062a": 3.1614707596149046e-08, "\u0631\u0642\u0645": 3.1614707596149046e-08, "\u0639\u0645\u0644": 3.1614707596149046e-08, "\u0642\u0648\u0645": 3.1614707596149046e-08, "\u06a9\u0648\u0646": 3.1614707596149046e-08, "\u06a9\u0633\u06cc": 3.1614707596149046e-08, "\u06a9\u06c1\u0627": 3.1614707596149046e-08, "\u06c1\u06d2\u06ba": 3.1614707596149046e-08}, "\u06d2\u0627": {"\u067e\u06be\u0631": 2.6345589663457537e-07, "\u0627\u0633": 9.484412278844714e-08, "\u06a9\u0633\u06cc": 8.430588692306412e-08, "\u06a9\u0648\u0626\u06cc": 7.376765105768111e-08, "\u062a\u0648": 6.322941519229809e-08, "\u0646\u06c1": 6.322941519229809e-08, "\u0646\u06c1\u06d2\u06ba": 6.322941519229809e-08, "\u062f\u0648\u0633\u0631\u06d2": 4.215294346153206e-08, "\u062f\u0648\u0633\u0631\u06cc": 3.1614707596149046e-08, "\u0627\u067e\u0648\u0632\u06d2\u0634\u0646": 3.1614707596149046e-08}, "\u06d2\u06c1\u0627\u06ba": {"\u062a\u06a9": 1.7915000971151127e-07, "\u067e\u0631": 7.376765105768111e-08, "\u0628\u06be\u06cc": 4.215294346153206e-08}, "\u06d2\u06c1\u06cc": {"\u0648\u062c\u06c1": 1.4753530211536222e-07, "\u0648\u06c1": 7.376765105768111e-08, "\u06c1\u06d2": 5.269117932691508e-08, "\u0627\u06d2\u06a9": 3.1614707596149046e-08},