{"\u06f0\u06f0": {"\u06f1": 1.2435118321151958e-06}, "\u06f0": {"\u06f1": 3.0560884009610745e-07, "\u06f0": 8.430588692306412e-08, "\u0631": 7.376765105768111e-08, "\u0627\u0633\u0645": 5.269117932691508e-08, "\u0628\u06d2": 5.269117932691508e-08, "\u062f": 5.269117932691508e-08, "\u06f2\u06f5": 4.215294346153206e-08, "\u062f\u0634\u0646\u0627\u0645": 3.1614707596149046e-08, "\u067e\u0633\u062a": 3.1614707596149046e-08, "\u0644\u063a\u0648\u06cc\u0627\u062a": 3.1614707596149046e-08, "\u06cc\u0627\u0648\u06c1": 3.1614707596149046e-08, "\u06f3\u06f1": 3.1614707596149046e-08, "\u06f2\u06f0": 3.1614707596149046e-08, "\u06f1\u06f1": 3.1614707596149046e-08, "\u0628\u06a9\u0648\u0627\u0633": 3.1614707596149046e-08, "\u0628\u06a9\u0648\u0627\u0633\u06cc": 3.1614707596149046e-08, "\u0644": 3.1614707596149046e-08, "\u067e\u06be\u0628\u062a\u06cc\u0627\u06ba": 3.1614707596149046e-08, "\u06af\u0627\u0644\u06cc": 3.1614707596149046e-08}, "\u06f0\u06f0\u06f0": {"\u06f3": 8.430588692306412e-08, "\u06f2\u06f4": 8.430588692306412e-08, "\u06f1\u06f0": 7.376765105768111e-08, "\u06f1\u06f2\u06f0": 4.215294346153206e-08, "\u06f1": 4.215294346153206e-08, "\u06f7": 4.215294346153206e-08, "\u06f0\u06f0": 4.215294346153206e-08, "\u06f2\u06f2": 4.215294346153206e-08, "\u06f7\u06f5": 4.215294346153206e-08, "\u06f3\u06f0": 4.215294346153206e-08, "\u06f4\u06f0": 4.215294346153206e-08, "\u06f4\u06f0\u06f0": 3.1614707596149046e-08, "\u06f1\u06f2": 3.1614707596149046e-08, "\u06f2\u06f0": 3.1614707596149046e-08, "\u06f8\u06f0": 3.1614707596149046e-08}, "\u06f0\u06f1": {"\u06f0\u06f1": 4.215294346153206e-08}, "\u06f0\u06f5": {"\u0641\u06cc\u0635\u062f": 3.1614707596149046e-08}}