{"\u06f4": {"\u0635": 1.338355954903643e-06, "\u0627\u0648\u0631": 1.2118971245190467e-06, "\u06af\u0631\u0627\u0645": 4.0045296288455456e-07, "\u0645\u06cc\u06ba": 2.5291766076919237e-07, "\u0627\u0633": 2.9507060423072444e-07, "\u062c\u0633": 2.1076471730766031e-07, "\u067e\u06be\u0631": 1.7915000971151127e-07, "\u06cc\u06c1": 1.369970662499792e-07, "\u06f5": 1.369970662499792e-07, "\u06cc\u0639\u0646\u06cc": 1.369970662499792e-07, "\u062c\u0648": 1.1592059451921316e-07, "\u0648\u06c1": 1.1592059451921316e-07, "\u06c1\u0645": 1.1592059451921316e-07, "\u0633\u062a\u0645\u0628\u0631": 1.0538235865383016e-07, "\u0627\u0644\u0644\u06c1": 1.0538235865383016e-07, "\u0628\u06cc\u0634\u06a9": 1.0538235865383016e-07, "\u067e\u0633": 7.376765105768111e-08, "\u06a9\u06cc\u0648\u0646\u06a9\u06c1": 7.376765105768111e-08, "\u0627": 7.376765105768111e-08, "\u0631\u0648\u0627\u06cc\u062a": 6.322941519229809e-08, "\u062a\u0648": 6.322941519229809e-08, "\u06cc\u0627": 6.322941519229809e-08, "\u06a9\u06cc\u0648\u0628\u0679": 6.322941519229809e-08, "\u0634\u0639\u0631": 6.322941519229809e-08, "\u0648\u06c1\u06cc": 6.322941519229809e-08, "\u06a9\u06cc\u0627": 5.269117932691508e-08, "\u0644\u06cc\u0679\u0631": 5.269117932691508e-08, "\u0627\u0646": 5.269117932691508e-08, "\u0622\u0648\u0631\u062f\u06c1": 5.269117932691508e-08, "\u062d\u0636\u0631\u062a": 5.269117932691508e-08, "\u0632\u0645\u06cc\u0646": 5.269117932691508e-08, "\u0631\u0648\u067e\u06cc\u06c1": 4.215294346153206e-08, "\u06cc\u0642\u06cc\u0646\u0627": 4.215294346153206e-08, "\u062c\u0628": 4.215294346153206e-08, "\u062a\u0645": 4.215294346153206e-08, "\u06c1\u0631\u06af\u0632": 4.215294346153206e-08, "\u06c1\u062c\u0631\u06cc": 4.215294346153206e-08, "\u06be": 4.215294346153206e-08, "\u0633\u06cc\u062f\u0646\u0627": 4.215294346153206e-08, "\u06f3\u06f2\u06f3": 4.215294346153206e-08, "\u06a9\u0648\u0627\u0631\u0679": 4.215294346153206e-08, "\u0628\u062c\u06d2": 4.215294346153206e-08, "\u0648\u0631\u0642": 4.215294346153206e-08, "\u0639\u062f\u062f": 4.215294346153206e-08, "\u0627\u06af\u0631": 4.215294346153206e-08, "\u06f1\u06f4\u06f7": 3.1614707596149046e-08, "\u06f1\u06f1\u06f1": 3.1614707596149046e-08, "\u06f1\u06f1\u06f9": 3.1614707596149046e-08, "\u06f1\u06f7\u06f3": 6.322941519229809e-08, "\u06f1\u06f7\u06f6": 3.1614707596149046e-08, "\u06f1\u06f5\u06f5": 3.1614707596149046e-08, "\u06f1\u06f6\u06f9": 3.1614707596149046e-08, "\u06f4\u06f1": 3.1614707596149046e-08, "\u06f2\u06f9\u06f6\u062d\u062f\u06cc\u062b": 3.1614707596149046e-08, "\u06a9\u0631\u0648\u0691": 3.1614707596149046e-08, "\u06a9\u062a\u0627\u0628": 3.1614707596149046e-08, "\u0627\u0628": 3.1614707596149046e-08, "\u06f2\u06f2": 3.1614707596149046e-08, "\u06f6\u06f7": 3.1614707596149046e-08, "\u06f7\u06f8": 3.1614707596149046e-08, "\u06a9\u0648\u0626\u06cc": 3.1614707596149046e-08, "\u06c1\u0632\u0627\u0631": 3.1614707596149046e-08, "\u0645\u06c1\u06cc\u0646\u06d2": 3.1614707596149046e-08, "\u06f6": 3.1614707596149046e-08, "\u06f3": 3.1614707596149046e-08, "\u06f4": 3.1614707596149046e-08, "\u06f9": 3.1614707596149046e-08, "\u06f1": 3.1614707596149046e-08, "\u06f1\u06f4": 3.1614707596149046e-08, "\u06f5\u06f6": 3.1614707596149046e-08, "\u0622\u0642\u0627": 3.1614707596149046e-08, "\u0627\u0633\u06cc": 3.1614707596149046e-08, "\u0645\u0626\u06cc": 3.1614707596149046e-08, "\u0645\u06af\u0631": 3.1614707596149046e-08, "\u0631\u0648\u0632": 3.1614707596149046e-08}, "\u06f4\u06f8": {"\u0627\u0648\u0631": 6.744470953845129e-07, "\u0627\u0633": 1.0538235865383016e-07, "\u067e\u06be\u0631": 7.376765105768111e-08, "\u0627\u0628": 6.322941519229809e-08, "\u0627\u0644\u0644\u06c1": 6.322941519229809e-08, "\u06cc\u0639\u0646\u06cc": 5.269117932691508e-08, "\u06cc\u06c1": 5.269117932691508e-08, "\u0645\u06cc\u06ba": 5.269117932691508e-08, "\u0648": 4.215294346153206e-08, "\u062a\u0648": 4.215294346153206e-08, "\u06a9\u06cc\u0627": 4.215294346153206e-08, "\u0628\u06cc\u0634\u06a9": 4.215294346153206e-08, "\u06f1\u06f0": 3.1614707596149046e-08, "\u06f1\u06f1": 3.1614707596149046e-08, "\u06f2\u06f8": 3.1614707596149046e-08, "\u06f1\u06f7": 3.1614707596149046e-08, "\u06c1\u0645": 3.1614707596149046e-08, "\u0630\u0631\u0627": 3.1614707596149046e-08, "\u0645\u0627\u062f\u0631\u06cc": 3.1614707596149046e-08}, "\u06f4\u06f6": {"\u0627\u0648\u0631": 6.006794443268319e-07, "\u0627\u0633": 6.322941519229809e-08, "\u06c1\u0645": 6.322941519229809e-08, "\u06cc\u06c1": 6.322941519229809e-08, "\u06a9\u06cc\u0627": 6.322941519229809e-08, "\u0648\u06c1": 5.269117932691508e-08, "\u0627\u0631\u0634\u0627\u062f": 4.215294346153206e-08, "\u062c\u0633": 4.215294346153206e-08, "\u062c\u0648": 4.215294346153206e-08, "\u067e\u06be\u0631": 4.215294346153206e-08, "\u06f1": 3.1614707596149046e-08, "\u06f9": 3.1614707596149046e-08, "\u062a\u0645": 3.1614707596149046e-08, "\u06cc\u0627": 3.1614707596149046e-08, "\u06f3\u06f5": 3.1614707596149046e-08, "\u06f3\u06f2": 3.1614707596149046e-08, "\u06f1\u06f8": 3.1614707596149046e-08, "\u06f1\u06f6": 3.1614707596149046e-08, "\u06f2\u06f4": 3.1614707596149046e-08, "\u06f2\u06f2": 3.1614707596149046e-08, "\u06f2\u06f1": 3.1614707596149046e-08, "\u06f2\u06f0": 3.1614707596149046e-08, "\u06f1\u06f1": 3.1614707596149046e-08, "\u06f1\u06f0": 3.1614707596149046e-08, "\u0628\u0644\u06a9\u06c1": 3.1614707596149046e-08, "\u062c\u06cc\u0633\u06d2": 3.1614707596149046e-08, "\u06c1\u0632\u0627\u0631": 3.1614707596149046e-08, "\u06cc\u0639\u0646\u06cc": 3.1614707596149046e-08}, "\u06f4\u06f7": {"\u0627\u0648\u0631": 5.901412084614489e-07, "\u067e\u06be\u0631": 9.484412278844714e-08, "\u0627\u0633": 6.322941519229809e-08, "\u0627\u06d2": 6.322941519229809e-08, "\u062a\u0648": 5.269117932691508e-08, "\u06cc\u0639\u0646\u06cc": 5.269117932691508e-08, "\u06cc\u0627": 4.215294346153206e-08, "\u06cc\u06c1": 4.215294346153206e-08, "\u0627\u06af\u0631": 4.215294346153206e-08, "\u0645\u06cc\u06ba": 4.215294346153206e-08, "\u0635": 3.1614707596149046e-08, "\u06f2": 3.1614707596149046e-08, "\u06f1": 3.1614707596149046e-08, "\u06f6": 3.1614707596149046e-08, "\u06f8": 3.1614707596149046e-08, "\u06f1\u06f5": 3.1614707596149046e-08, "\u06f1\u06f9": 3.1614707596149046e-08, "\u06f2\u06f5": 3.1614707596149046e-08, "\u06f3\u06f7": 3.1614707596149046e-08, "\u06f3\u06f8": 3.1614707596149046e-08, "\u06f2\u06f8": 3.1614707596149046e-08, "\u06f3\u06f3": 3.1614707596149046e-08, "\u06f3\u06f5": 3.1614707596149046e-08, "\u06f3\u06f6": 3.1614707596149046e-08, "\u0642\u06cc\u0627\u0645\u062a": 3.1614707596149046e-08, "\u06cc\u06c1\u0627\u06ba": 3.1614707596149046e-08}, "\u06f4\u06f3": {"\u0627\u0648\u0631": 5.690647367306829e-07, "\u06a9\u06cc\u0627": 1.369970662499792e-07, "\u06cc\u06c1": 8.430588692306412e-08, "\u0627\u06d2": 7.376765105768111e-08, "\u0628\u06cc\u0634\u06a9": 6.322941519229809e-08, "\u06cc\u0639\u0646\u06cc": 6.322941519229809e-08, "\u0648\u06c1": 5.269117932691508e-08, "\u0633\u0627\u0644": 4.215294346153206e-08, "\u0627": 4.215294346153206e-08, "\u067e\u06cc\u063a\u0645\u0628\u0631": 4.215294346153206e-08, "\u0648\u06c1\u06cc": 3.1614707596149046e-08, "\u0645\u06cc\u06ba": 3.1614707596149046e-08, "\u06f1": 3.1614707596149046e-08, "\u067e\u06be\u0631": 3.1614707596149046e-08, "\u06f4\u06f1": 3.1614707596149046e-08, "\u06f2\u06f8": 3.1614707596149046e-08, "\u06f2\u06f2": 3.1614707596149046e-08, "\u06f3\u06f2": 3.1614707596149046e-08, "\u06f3\u06f0": 3.1614707596149046e-08, "\u06f5\u06f7": 3.1614707596149046e-08, "\u06f5\u06f6": 3.1614707596149046e-08, "\u06f6\u06f4": 3.1614707596149046e-08, "\u06f6\u06f5": 3.1614707596149046e-08, "\u06f6\u06f0": 3.1614707596149046e-08, "\u06f4\u06f6": 3.1614707596149046e-08, "\u06f4\u06f5": 3.1614707596149046e-08, "\u06f5\u06f3": 3.1614707596149046e-08, "\u06f5\u06f4": 3.1614707596149046e-08, "\u06f5\u06f2": 3.1614707596149046e-08, "\u06f7\u06f9": 3.1614707596149046e-08, "\u06f8\u06f2": 3.1614707596149046e-08, "\u06f6\u06f7": 3.1614707596149046e-08, "\u06f7\u06f4": 3.1614707596149046e-08,