{"\u06f5": {"\u0627\u0648\u0631": 1.338355954903643e-06, "\u06af\u0631\u0627\u0645": 1.2645883038459618e-06, "\u0635": 8.009059257691091e-07, "\u062a\u0627": 6.744470953845129e-07, "\u067e\u06be\u0631": 3.0560884009610745e-07, "\u0648\u06c1": 2.4237942490380936e-07, "\u06f5": 2.4237942490380936e-07, "\u0645\u06cc\u06ba": 2.0022648144227728e-07, "\u0633\u06d2": 1.5807353798074523e-07, "\u062c\u0648": 1.4753530211536222e-07, "\u0627\u0633": 1.7915000971151127e-07, "\u06be": 1.369970662499792e-07, "\u06cc\u06c1": 1.2645883038459618e-07, "\u06a9\u06cc\u0648\u0646\u06a9\u06c1": 1.1592059451921316e-07, "\u06a9\u06cc\u0627": 1.1592059451921316e-07, "\u06cc\u0639\u0646\u06cc": 1.1592059451921316e-07, "\u0627\u0644\u0644\u06c1": 9.484412278844714e-08, "\u067e\u0633": 9.484412278844714e-08, "\u0627\u0646": 8.430588692306412e-08, "\u062a\u0645": 8.430588692306412e-08, "\u06c1\u0645": 8.430588692306412e-08, "\u0646\u0628\u0648\u06cc": 8.430588692306412e-08, "\u06f6": 8.430588692306412e-08, "\u06a9\u06cc\u0648\u0628\u0679": 6.322941519229809e-08, "\u0633\u0627\u0644": 6.322941519229809e-08, "\u0642\u0637\u0631\u06d2": 6.322941519229809e-08, "\u06f4": 6.322941519229809e-08, "\u0645\u06c1\u06cc\u0646\u06d2": 6.322941519229809e-08, "\u0628\u0644\u06a9\u06c1": 5.269117932691508e-08, "\u062d\u0636\u0631\u062a": 5.269117932691508e-08, "\u0631\u0648\u067e\u06cc\u06c1": 5.269117932691508e-08, "\u06c1\u062c\u0631\u06cc": 5.269117932691508e-08, "\u0641\u06cc": 5.269117932691508e-08, "\u0628\u0631\u0633": 5.269117932691508e-08, "\u0645\u0626\u06cc": 5.269117932691508e-08, "\u06cc\u06c1\u06cc": 5.269117932691508e-08, "\u06f4\u06f2\u06f5": 5.269117932691508e-08, "\u0627": 5.269117932691508e-08, "\u0633\u06cc\u062f\u0646\u0627": 4.215294346153206e-08, "\u062c\u0646\u0648\u0631\u06cc": 4.215294346153206e-08, "\u062f\u0633\u0645\u0628\u0631": 4.215294346153206e-08, "\u0628\u06cc\u0634\u06a9": 4.215294346153206e-08, "\u06c1\u0632\u0627\u0631": 4.215294346153206e-08, "\u062a\u0648": 4.215294346153206e-08, "\u0633\u06cc\u0631": 4.215294346153206e-08, "\u0622\u0642\u0627": 4.215294346153206e-08, "\u0644\u06cc\u06a9\u0646": 4.215294346153206e-08, "\u0644\u06cc\u0679\u0631": 4.215294346153206e-08, "\u067e\u0627\u06a9\u0633\u062a\u0627\u0646": 3.1614707596149046e-08, "\u06a9\u0648\u0626\u06cc": 3.1614707596149046e-08, "\u062a\u0627\u06a9\u06c1": 3.1614707596149046e-08, "\u062f\u06cc\u06a9\u06be\u0648": 3.1614707596149046e-08, "\u062c\u0633": 3.1614707596149046e-08, "\u0627\u06d2": 3.1614707596149046e-08, "\u0622\u062c": 3.1614707596149046e-08, "\u06a9\u06d2": 3.1614707596149046e-08, "\u06f1\u06f3": 3.1614707596149046e-08, "\u06f3\u06f0": 3.1614707596149046e-08, "\u06f2\u06f3": 3.1614707596149046e-08, "\u06f2\u06f2": 3.1614707596149046e-08, "\u06f2\u06f1": 3.1614707596149046e-08, "\u06f2\u06f6": 3.1614707596149046e-08, "\u06f2\u06f5": 3.1614707596149046e-08, "\u06f5\u06f8": 3.1614707596149046e-08, "\u06f4\u06f7": 3.1614707596149046e-08, "\u06f6\u06f1": 3.1614707596149046e-08, "\u06f6\u06f0": 3.1614707596149046e-08, "\u06f9\u06f2": 3.1614707596149046e-08, "\u06f8\u06f9": 3.1614707596149046e-08, "\u06f8\u06f5": 3.1614707596149046e-08, "\u06f8\u06f4": 3.1614707596149046e-08, "\u0639\u0646\u0642\u0631\u06cc\u0628": 3.1614707596149046e-08, "\u0634\u06cc\u062e": 3.1614707596149046e-08, "\u062c\u0648\u0646": 3.1614707596149046e-08, "\u0628\u062c\u06d2": 3.1614707596149046e-08, "\u0645\u06af\u0631": 3.1614707596149046e-08, "\u06a9\u0646\u0688\u06cc\u0627\u06ba": 3.1614707596149046e-08, "\u06c1\u0627\u06ba": 3.1614707596149046e-08, "\u06a9\u06cc\u0648": 3.1614707596149046e-08, "\u06f1\u06f0\u06f8": 3.1614707596149046e-08, "\u06f1\u06f0\u06f7": 3.1614707596149046e-08, "\u06f1\u06f0\u06f5": 3.1614707596149046e-08, "\u06f1\u06f0\u06f4": 3.1614707596149046e-08, "\u06f1\u06f1\u06f9": 3.1614707596149046e-08, "\u06f1\u06f1\u06f6": 3.1614707596149046e-08, "\u06f1\u06f1\u06f5": 3.1614707596149046e-08, "\u06f1\u06f1\u06f2": 3.1614707596149046e-08, "\u06f1\u06f2\u06f0": 3.1614707596149046e-08, "\u0646\u0648\u0645\u0628\u0631": 3.1614707596149046e-08, "\u0622\u06cc\u062a\u06cc\u06ba": 3.1614707596149046e-08, "\u0642\u0631\u06cc\u0628": 3.1614707596149046e-08, "\u0627\u06cc\u0679\u0645\u06cc": 3.1614707596149046e-08, "\u06f2\u06f1\u06f7\u062d\u062f\u06cc\u062b": 3.1614707596149046e-08, "\u06f1\u06f7\u06f1\u062d\u062f\u06cc\u062b": 3.1614707596149046e-08}, "\u06f5\u06f8": {"\u0627\u0648\u0631": 6.322941519229809e-07, "\u06cc\u06c1": 7.376765105768111e-08, "\u062c\u0648": 5.269117932691508e-08, "\u0628\u06cc\u0634\u06a9": 4.215294346153206e-08, "\u0627\u06d2": 4.215294346153206e-08, "\u0627\u0644\u0644\u06c1": 4.215294346153206e-08, "\u067e\u06be\u0631": 4.215294346153206e-08, "\u06a9\u06cc\u0627": 4.215294346153206e-08, "\u06f1": 3.1614707596149046e-08, "\u06cc\u0639\u0646\u06cc": 3.1614707596149046e-08, "\u0648\u06c1": 3.1614707596149046e-08, "\u06cc\u0627": 3.1614707596149046e-08}, "\u06f5\u06f1": {"\u0627\u0648\u0631": 6.006794443268319e-07, "\u067e\u06be\u0631": 7.376765105768111e-08, "\u0627\u06d2": 6.322941519229809e-08, "\u06a9\u06cc\u0627": 6.322941519229809e-08, "\u0627\u0633": 5.269117932691508e-08, "\u0627\u0646": 5.269117932691508e-08, "\u062c\u0648": 5.269117932691508e-08, "\u0627\u0644\u0644\u06c1": 4.215294346153206e-08, "\u0628\u06cc\u0634\u06a9": 4.215294346153206e-08, "\u062a\u0648": 4.215294346153206e-08, "\u06cc\u06c1": 4.215294346153206e-08, "\u06c1\u0645": 4.215294346153206e-08, "\u06f3\u06f3\u06f1\u062d\u062f\u06cc\u062b": 3.1614707596149046e-08, "\u06f1\u06f9\u06f5\u06f0\u0621": 3.1614707596149046e-08, "\u0627\u06cc\u0645\u0627\u0646": 3.1614707596149046e-08, "\u06c1\u0632\u0627\u0631": 3.1614707596149046e-08, "\u062a\u0627": 3.1614707596149046e-08, "\u06f4\u06f4": 3.1614707596149046e-08, "\u06f3\u06f2": 3.1614707596149046e-08, "\u06f3\u06f1": 3.1614707596149046e-08, "\u06f3\u06f0": 3.1614707596149046e-08, "\u06f3\u06f5": 3.1614707596149046e-08, "\u06f3\u06f9": 3.1614707596149046e-08, "\u06f2\u06f5": 3.1614707596149046e-08, "\u06f2\u06f4": 3.1614707596149046e-08, "\u06f2\u06f8": 3.1614707596149046e-08, "\u06cc\u0627": 3.1614707596149046e-08, "\u06cc\u0639\u0646\u06cc": 3.1614707596149046e-08, "\u0633\u0627\u0644": 3.1614707596149046e-08}, "\u06f5\u06f3": {"\u0627\u0648\u0631": 4.952970856730017e-07, "\u067e\u06be\u0631": 1.1592059451921316e-07, "\u06a9\u06cc\u0627": 1.1592059451921316e-07, "\u06cc\u06c1": 1.0538235865383016e-07, "\u06cc\u0639\u0646\u06cc": 6.322941519229809e-08, "\u0627\u0633": 6.322941519229809e-08, "\u0627\u0646": 5.269117932691508e-08, "\u0645\u0644\u0627\u062d\u0638\u06c1": 4.215294346153206e-08, "\u0627\u0646\u06c1\u0648\u06ba": 4.215294346153206e-08, "\u06f1": 3.1614707596149046e-08, "\u06f8": 3.1614707596149046e-08, "\u06f1\u06f7": 3.1614707596149046e-08, "\u06f1\u06f0": 3.1614707596149046e-08, "\u06f1\u06f3": 3.1614707596149046e-08, "\u06f4\u06f1": 3.1614707596149046e-08, "\u06f3\u06f6": 3.1614707596149046e-08, "\u06f3\u06f8": 3.1614707596149046e-08, "\u06f2\u06f1": 3.1614707596149046e-08, "\u06f2\u06f2": 3.1614707596149046e-08, "\u06f2\u06f3": 3.1614707596149046e-08, "\u0627\u06d2": 3.1614707596149046e-08, "\u062a\u0627\u06a9\u06c1": 3.1614707596149046e-08, "\u0645\u06cc\u06ba": 3.1614707596149046e-08, "\u06c1\u0631\u06af\u0632": 3.1614707596149046e-08}, "\u06f5\u06f0": {"\u0627\u0648\u0631": 4.6368237807685265e-07, "\u06af\u0631\u0627\u0645": 4.6368237807685265e-07, "\u0645\u0644\u06cc": 2.4237942490380936e-07, "\u067e\u06be\u0631": 1.369970662499792e-07, "\u0627\u0646": 1.1592059451921316e-07, "\u0633\u0627\u0644": 9.484412278844714e-08, "\u0641\u06cc\u0635\u062f": 8.430588692306412e-08, "\u0622\u062f\u0645\u06cc\u0648\u06ba": 8.430588692306412e-08, "\u0628\u0631\u0633": 7.376765105768111e-08, "\u06a9\u06cc\u0648\u0628\u0679": 7.376765105768111e-08, "\u0633\u06d2": 7.376765105768111e-08, "\u06cc\u06c1": 7.376765105768111e-08, "\u06c1\u0632\u0627\u0631": 6.322941519229809e-08, "\u062a\u0648": 5.269117932691508e-08,