{"\u06f7": {"\u0627\u0648\u0631": 1.338355954903643e-06, "\u06af\u0631\u0627\u0645": 6.112176801922149e-07, "\u062c\u0648": 2.739941324999584e-07, "\u0635": 2.739941324999584e-07, "\u0627\u0633": 2.0022648144227728e-07, "\u067e\u06be\u0631": 1.7915000971151127e-07, "\u0645\u06cc\u06ba": 1.0538235865383016e-07, "\u06cc\u06c1": 1.0538235865383016e-07, "\u06cc\u0642\u06cc\u0646\u0627": 1.0538235865383016e-07, "\u0628\u062c\u06d2": 8.430588692306412e-08, "\u0627\u06af\u0631": 8.430588692306412e-08, "\u06a9\u06cc\u0627": 8.430588692306412e-08, "\u062a\u0645": 8.430588692306412e-08, "\u06f5": 8.430588692306412e-08, "\u062c\u0628": 7.376765105768111e-08, "\u0648\u06c1": 7.376765105768111e-08, "\u067e\u0633": 7.376765105768111e-08, "\u06c1\u062c\u0631\u06cc": 7.376765105768111e-08, "\u06f7": 7.376765105768111e-08, "\u06cc\u0639\u0646\u06cc": 7.376765105768111e-08, "\u062a\u0648": 6.322941519229809e-08, "\u062a\u0627": 6.322941519229809e-08, "\u06a9\u06cc\u0648\u0646\u06a9\u06c1": 6.322941519229809e-08, "\u0633\u06d2": 5.269117932691508e-08, "\u0627\u0644\u0644\u06c1": 5.269117932691508e-08, "\u0627": 5.269117932691508e-08, "\u06be": 5.269117932691508e-08, "\u06f2\u06f6\u06f2": 5.269117932691508e-08, "\u0644\u0627\u06a9\u06be": 5.269117932691508e-08, "\u0633\u0627\u0644": 4.215294346153206e-08, "\u0628\u0631\u0633": 4.215294346153206e-08, "\u0622\u0642\u0627": 4.215294346153206e-08, "\u062c\u0633": 4.215294346153206e-08, "\u0627\u06d2": 4.215294346153206e-08, "\u0633\u0648": 4.215294346153206e-08, "\u0627\u06af\u0633\u062a": 4.215294346153206e-08, "\u0628\u06cc\u0634\u06a9": 4.215294346153206e-08, "\u0631\u0648\u067e\u06cc\u06c1": 4.215294346153206e-08, "\u0627\u0639\u0631\u0627\u0641": 3.1614707596149046e-08, "\u0622\u0648\u0631\u062f\u06c1": 3.1614707596149046e-08, "\u0627\u06cc\u0645\u0627\u0646": 3.1614707596149046e-08, "\u0645\u0631\u062f\u0648\u06ba": 3.1614707596149046e-08, "\u0645\u06af\u0631": 3.1614707596149046e-08, "\u06cc\u0627\u062f": 3.1614707596149046e-08, "\u06f1\u06f0\u06f6": 3.1614707596149046e-08, "\u06f1\u06f0\u06f3": 3.1614707596149046e-08, "\u06f1\u06f0\u06f9": 3.1614707596149046e-08, "\u06f1\u06f4\u06f6": 3.1614707596149046e-08, "\u06f1\u06f4\u06f4": 3.1614707596149046e-08, "\u06f1\u06f4\u06f8": 3.1614707596149046e-08, "\u06f1\u06f4\u06f0": 3.1614707596149046e-08, "\u06f1\u06f3\u06f5": 3.1614707596149046e-08, "\u06f1\u06f3\u06f3": 3.1614707596149046e-08, "\u06f1\u06f3\u06f9": 3.1614707596149046e-08, "\u06f1\u06f3\u06f0": 3.1614707596149046e-08, "\u06f1\u06f2\u06f8": 3.1614707596149046e-08, "\u06f1\u06f2\u06f9": 3.1614707596149046e-08, "\u06f1\u06f1\u06f1": 3.1614707596149046e-08, "\u06f1\u06f1\u06f6": 3.1614707596149046e-08, "\u06f1\u06f1\u06f5": 3.1614707596149046e-08, "\u06f1\u06f1\u06f9": 3.1614707596149046e-08, "\u06f2\u06f0\u06f5": 3.1614707596149046e-08, "\u06f1\u06f8\u06f9": 3.1614707596149046e-08, "\u06f1\u06f8\u06f8": 3.1614707596149046e-08, "\u06f1\u06f8\u06f6": 3.1614707596149046e-08, "\u06f1\u06f7\u06f0": 3.1614707596149046e-08, "\u06f1\u06f7\u06f3": 3.1614707596149046e-08, "\u06f1\u06f6\u06f6": 3.1614707596149046e-08, "\u06f1\u06f6\u06f5": 3.1614707596149046e-08, "\u06f1\u06f6\u06f2": 3.1614707596149046e-08, "\u06f1\u06f5\u06f7": 3.1614707596149046e-08, "\u06f1\u06f5\u06f4": 3.1614707596149046e-08, "\u06f1\u06f5\u06f2": 3.1614707596149046e-08, "\u06f1\u06f5\u06f1": 3.1614707596149046e-08, "\u06f1\u06f5\u06f0": 3.1614707596149046e-08, "\u06f1\u06f9\u06f9": 3.1614707596149046e-08, "\u0645\u06cc\u0645\u0646\u06d2": 3.1614707596149046e-08, "\u0627\u0628": 3.1614707596149046e-08, "\u0633\u0628": 3.1614707596149046e-08, "\u06a9\u06c1": 3.1614707596149046e-08, "\u06a9\u06d2": 3.1614707596149046e-08, "\u06c1\u0645": 3.1614707596149046e-08, "\u06f7\u06f6": 3.1614707596149046e-08, "\u06f7\u06f1": 3.1614707596149046e-08, "\u06f7\u06f2": 3.1614707596149046e-08, "\u06f6\u06f0": 3.1614707596149046e-08, "\u06f6\u06f1": 3.1614707596149046e-08, "\u06f9\u06f9": 3.1614707596149046e-08, "\u06f9\u06f8": 3.1614707596149046e-08, "\u06f9\u06f4": 3.1614707596149046e-08, "\u06f8\u06f8": 3.1614707596149046e-08, "\u06f8\u06f9": 3.1614707596149046e-08, "\u06f8\u06f4": 3.1614707596149046e-08, "\u06f8\u06f6": 3.1614707596149046e-08, "\u06f8\u06f1": 3.1614707596149046e-08, "\u06f8\u06f3": 3.1614707596149046e-08, "\u06f9\u06f0": 3.1614707596149046e-08, "\u06f1\u06f5": 3.1614707596149046e-08, "\u06f1\u06f6": 3.1614707596149046e-08, "\u06f1\u06f1": 3.1614707596149046e-08, "\u06f1\u06f2": 3.1614707596149046e-08, "\u06f1\u06f3": 3.1614707596149046e-08, "\u06f1\u06f4": 3.1614707596149046e-08, "\u06f1\u06f9": 3.1614707596149046e-08, "\u06f2\u06f6": 3.1614707596149046e-08, "\u06f2\u06f3": 3.1614707596149046e-08, "\u06f2\u06f4": 3.1614707596149046e-08, "\u06f2\u06f5": 3.1614707596149046e-08, "\u06f2\u06f0": 3.1614707596149046e-08, "\u06f5\u06f2": 3.1614707596149046e-08, "\u06f4\u06f4": 3.1614707596149046e-08, "\u06f4\u06f6": 3.1614707596149046e-08, "\u06f4\u06f0": 3.1614707596149046e-08, "\u062d\u0636\u0631\u062a": 3.1614707596149046e-08, "\u0633\u0627\u0648\u0646": 3.1614707596149046e-08, "\u06f1\u06f3\u06f5\u062d\u062f\u06cc\u062b": 3.1614707596149046e-08, "\u06f2\u06f7\u06f1\u062d\u062f\u06cc\u062b": 3.1614707596149046e-08, "\u06f8": 3.1614707596149046e-08, "\u06f4": 3.1614707596149046e-08, "\u062d\u0627\u0644\u0627\u0646\u06a9\u06c1": 3.1614707596149046e-08}, "\u06f7\u06f5": {"\u0627\u0648\u0631": 4.0045296288455456e-07, "\u06af\u0631\u0627\u0645": 1.6861177384612824e-07, "\u067e\u0627\u0624\u0646\u0688": 1.0538235865383016e-07, "\u0645\u0644\u06cc": 1.0538235865383016e-07, "\u0627\u0646": 9.484412278844714e-08, "\u0633\u0627\u0644": 6.322941519229809e-08, "\u0627\u0644\u0644\u06c1": 5.269117932691508e-08, "\u062a\u0627": 5.269117932691508e-08, "\u067e\u06be\u0631": 5.269117932691508e-08, "\u062a\u0648": 4.215294346153206e-08, "\u06cc\u0639\u0646\u06cc": 4.215294346153206e-08, "\u06f7": 3.1614707596149046e-08, "\u06f1": 3.1614707596149046e-08, "\u06f4": 3.1614707596149046e-08, "\u06f9": 3.1614707596149046e-08, "\u06f3\u06f0": 3.1614707596149046e-08, "\u06f2\u06f2": 3.1614707596149046e-08, "\u06f2\u06f1": 3.1614707596149046e-08, "\u06f2\u06f7": 3.1614707596149046e-08, "\u06f3\u06f2": 3.1614707596149046e-08, "\u06f3\u06f8": 3.1614707596149046e-08, "\u06f1\u06f1": 3.1614707596149046e-08, "\u06cc\u06c1": 3.1614707596149046e-08, "\u0644\u0627\u06a9\u06be": 3.1614707596149046e-08, "\u0645\u0633\u06cc\u062d": 3.1614707596149046e-08}, "\u06f7\u06f3": {"\u0627\u0648\u0631": 3.6883825528840554e-07, "\u062a\u0648": 8.430588692306412e-08, "\u06cc\u06c1": 7.376765105768111e-08, "\u06c1\u0645": 7.376765105768111e-08, "\u067e\u06be\u0631": 5.269117932691508e-08, "\u06cc\u0642\u06cc\u0646\u0627": 4.215294346153206e-08, "\u0648\u06c1\u06cc": 3.1614707596149046e-08, "\u0641\u0631\u0634\u062a\u0648\u06ba": 3.1614707596149046e-08, "\u06f1": 3.1614707596149046e-08, "\u06f3": 3.1614707596149046e-08, "\u06f5": 3.1614707596149046e-08, "\u06c1\u0632\u0627\u0631": 3.1614707596149046e-08, "\u06f7\u06f4": 3.1614707596149046e-08, "\u06f1\u06f6": 3.1614707596149046e-08, "\u06f1\u06f7": 3.1614707596149046e-08, "\u06f1\u06f8": 3.1614707596149046e-08, "\u0627\u0646": 3.1614707596149046e-08, "\u0627\u0633": 3.1614707596149046e-08, "\u062c\u0648": 3.1614707596149046e-08, "\u062a\u0627": 3.1614707596149046e-08}, "\u06f7\u06f8": {"\u0627\u0648\u0631": 3.4776178355763953e-07, "\u0627\u0646": 9.484412278844714e-08, "\u0645\u06cc\u06ba": 4.215294346153206e-08, "\u06a9\u06cc\u0627": 4.215294346153206e-08, "\u0648\u06c1": 4.215294346153206e-08, "\u0622\u067e": 4.215294346153206e-08, "\u06f2": 3.1614707596149046e-08, "\u06f4": 3.1614707596149046e-08, "\u06f5": 3.1614707596149046e-08, "\u06f1": 3.1614707596149046e-08, "\u06f6": 3.1614707596149046e-08, "\u0628\u0646\u06cc": 3.1614707596149046e-08, "\u067e\u06be\u0631": 3.1614707596149046e-08, "\u06cc\u0642\u06cc\u0646\u0627": 3.1614707596149046e-08, "\u06f1\u06f7": 3.1614707596149046e-08, "\u06f3\u06f3": 3.1614707596149046e-08,