{"\u06f8": {"\u0627\u0648\u0631": 1.1486677093267487e-06, "\u0635": 4.3206767048070363e-07, "\u06af\u0631\u0627\u0645": 2.8453236836534144e-07, "\u067e\u06be\u0631": 2.4237942490380936e-07, "\u06cc\u06c1": 2.3184118903842633e-07, "\u0627\u0633": 1.7915000971151127e-07, "\u06a9\u06cc\u0627": 1.6861177384612824e-07, "\u06c1\u062c\u0631\u06cc": 1.2645883038459618e-07, "\u0648\u06c1": 1.0538235865383016e-07, "\u0645\u06cc\u06ba": 1.0538235865383016e-07, "\u0627\u06a9\u062a\u0648\u0628\u0631": 9.484412278844714e-08, "\u0627\u0644\u0644\u06c1": 9.484412278844714e-08, "\u062a\u0627": 9.484412278844714e-08, "\u0633\u06d2": 9.484412278844714e-08, "\u062a\u0648": 9.484412278844714e-08, "\u062a\u0627\u06a9\u06c1": 8.430588692306412e-08, "\u06c1\u0645": 8.430588692306412e-08, "\u0644\u06cc\u06a9\u0646": 8.430588692306412e-08, "\u06f5": 7.376765105768111e-08, "\u067e\u0633": 6.322941519229809e-08, "\u06a9\u06cc\u0648\u0646\u06a9\u06c1": 6.322941519229809e-08, "\u062c\u0633": 5.269117932691508e-08, "\u0622\u0642\u0627": 5.269117932691508e-08, "\u0627\u0646": 9.484412278844714e-08, "\u0633\u0627\u0644": 5.269117932691508e-08, "\u067e\u0631\u0648\u0631\u062f\u06af\u0627\u0631": 4.215294346153206e-08, "\u0622\u06cc\u062a\u06cc\u06ba": 4.215294346153206e-08, "\u0628\u06cc\u0634\u06a9": 4.215294346153206e-08, "\u0622\u0648\u0631\u062f\u06c1": 4.215294346153206e-08, "\u0627\u06cc\u0645\u0627\u0646": 4.215294346153206e-08, "\u0622\u067e": 4.215294346153206e-08, "\u0627\u06d2": 4.215294346153206e-08, "\u06a9\u06c1": 4.215294346153206e-08, "\u06cc\u0642\u06cc\u0646\u0627": 4.215294346153206e-08, "\u0645\u0627\u0631\u0686": 4.215294346153206e-08, "\u0644\u06c1\u0630\u0627": 4.215294346153206e-08, "\u0645\u06af\u0631": 4.215294346153206e-08, "\u06a9\u0686\u06be": 4.215294346153206e-08, "\u0646\u0648\u0645\u0628\u0631": 3.1614707596149046e-08, "\u062c\u0628": 3.1614707596149046e-08, "\u062c\u0648": 3.1614707596149046e-08, "\u067e\u0631": 3.1614707596149046e-08, "\u06a9\u06d2": 3.1614707596149046e-08, "\u06cc\u0627": 3.1614707596149046e-08, "\u06f3\u06f3": 3.1614707596149046e-08, "\u06f3\u06f2": 3.1614707596149046e-08, "\u06f5\u06f2": 3.1614707596149046e-08, "\u06f7\u06f4": 3.1614707596149046e-08, "\u06f2\u06f8": 3.1614707596149046e-08, "\u06f2\u06f0": 3.1614707596149046e-08, "\u06cc\u0639\u0646\u06cc": 3.1614707596149046e-08, "\u0633\u06cc\u062f\u0646\u0627": 3.1614707596149046e-08, "\u0641\u0631\u0648\u0631\u06cc": 3.1614707596149046e-08, "\u0627\u06af\u0631": 3.1614707596149046e-08, "\u0645\u0626\u06cc": 3.1614707596149046e-08, "\u06f9": 3.1614707596149046e-08, "\u06f1": 3.1614707596149046e-08}, "\u06f8\u06f6": {"\u0627\u0648\u0631": 3.7937649115378855e-07, "\u06cc\u06c1": 6.322941519229809e-08, "\u06a9\u06cc\u0627": 6.322941519229809e-08, "\u06f1\u06f2": 3.1614707596149046e-08, "\u06f1\u06f3": 3.1614707596149046e-08, "\u06f5": 3.1614707596149046e-08, "\u06f3": 3.1614707596149046e-08, "\u0627\u0644\u0644\u06c1": 3.1614707596149046e-08}, "\u06f8\u06f0": {"\u0627\u0648\u0631": 3.4776178355763953e-07, "\u06a9\u06d2": 1.8968824557689427e-07, "\u0645\u0631\u0628\u0639": 8.430588692306412e-08, "\u0633\u0627\u0644": 7.376765105768111e-08, "\u06af\u0631\u0627\u0645": 5.269117932691508e-08, "\u06cc\u06c1": 5.269117932691508e-08, "\u0645\u06cc\u06ba": 4.215294346153206e-08, "\u0648\u06c1\u06cc": 4.215294346153206e-08, "\u0622\u067e": 4.215294346153206e-08, "\u0633\u06d2": 4.215294346153206e-08, "\u06f3": 3.1614707596149046e-08, "\u06f8": 3.1614707596149046e-08, "\u0622\u062f\u0645\u06cc": 3.1614707596149046e-08, "\u06cc\u0639\u0646\u06cc": 3.1614707596149046e-08, "\u06a9\u0648\u0691\u0648\u06ba": 3.1614707596149046e-08, "\u06f3\u06f4": 3.1614707596149046e-08, "\u06f3\u06f1": 3.1614707596149046e-08, "\u06f4\u06f2": 3.1614707596149046e-08, "\u06f1\u06f9": 3.1614707596149046e-08, "\u0627\u0633": 3.1614707596149046e-08, "\u0627\u0646": 3.1614707596149046e-08, "\u0648\u06c1": 3.1614707596149046e-08, "\u062c\u0648": 3.1614707596149046e-08, "\u06cc\u0627": 3.1614707596149046e-08, "\u06c1\u0645": 3.1614707596149046e-08}, "\u06f8\u06f2": {"\u0627\u0648\u0631": 3.3722354769225647e-07, "\u067e\u06be\u0631": 9.484412278844714e-08, "\u0627\u0633": 7.376765105768111e-08, "\u0627\u0628": 5.269117932691508e-08, "\u0622\u067e": 5.269117932691508e-08, "\u06a9\u06cc\u0627": 4.215294346153206e-08, "\u0648\u06c1": 4.215294346153206e-08, "\u06f2": 3.1614707596149046e-08, "\u06f1": 3.1614707596149046e-08, "\u06f9": 3.1614707596149046e-08, "\u06f1\u06f8": 3.1614707596149046e-08, "\u06f1\u06f9": 3.1614707596149046e-08, "\u06f1\u06f0": 3.1614707596149046e-08, "\u062c\u0648": 3.1614707596149046e-08}, "\u06f8\u06f5": {"\u0627\u0648\u0631": 3.2668531182687346e-07, "\u06a9\u06d2": 1.2645883038459618e-07, "\u06cc\u06c1": 6.322941519229809e-08, "\u062a\u0648": 6.322941519229809e-08, "\u06cc\u0639\u0646\u06cc": 4.215294346153206e-08, "\u0627\u06d2": 4.215294346153206e-08, "\u06f1": 3.1614707596149046e-08, "\u0645\u06cc\u06ba": 3.1614707596149046e-08, "\u06f1\u06f8": 3.1614707596149046e-08, "\u062c\u0628": 3.1614707596149046e-08, "\u0627\u0646": 3.1614707596149046e-08, "\u06a9\u06c1": 3.1614707596149046e-08}, "\u06f8\u06f1": {"\u0627\u0648\u0631": 3.0560884009610745e-07, "\u062a\u0648": 8.430588692306412e-08, "\u062a\u0645": 6.322941519229809e-08, "\u067e\u06be\u0631": 5.269117932691508e-08, "\u062c\u0648": 5.269117932691508e-08, "\u0627\u06af\u0631": 4.215294346153206e-08, "\u06f2": 3.1614707596149046e-08, "\u06f5": 3.1614707596149046e-08, "\u06f1": 3.1614707596149046e-08, "\u06f9": 3.1614707596149046e-08, "\u0645\u06af\u0631": 3.1614707596149046e-08, "\u06f1\u06f4": 3.1614707596149046e-08, "\u06f1\u06f3": 3.1614707596149046e-08, "\u06f1\u06f0": 3.1614707596149046e-08, "\u06f1\u06f2": 3.1614707596149046e-08}, "\u06f8\u06f7": {"\u0627\u0648\u0631": 2.9507060423072444e-07, "\u06cc\u06c1": 8.430588692306412e-08, "\u062a\u0648": 7.376765105768111e-08, "\u0627\u0646": 5.269117932691508e-08, "\u06c1\u0645": 4.215294346153206e-08, "\u0627\u0633": 6.322941519229809e-08, "\u06f1\u06f1": 3.1614707596149046e-08, "\u06f1\u06f6": 3.1614707596149046e-08, "\u06f1\u06f7": 3.1614707596149046e-08, "\u06f1\u06f0": 3.1614707596149046e-08, "\u06f1": 3.1614707596149046e-08, "\u06f2": 3.1614707596149046e-08, "\u06cc\u0639\u0646\u06cc": 3.1614707596149046e-08, "\u0645\u06cc\u0631\u06d2": 3.1614707596149046e-08}, "\u06f8\u06f4": {"\u0627\u0648\u0631": 2.8453236836534144e-07, "\u062a\u0648": 7.376765105768111e-08, "\u06c1\u0645": 6.322941519229809e-08, "\u067e\u06be\u0631": 5.269117932691508e-08, "\u062c\u0628": 4.215294346153206e-08, "\u0622\u067e": 4.215294346153206e-08, "\u0645\u06cc\u06ba": 3.1614707596149046e-08, "\u06f2": 3.1614707596149046e-08, "\u06f1": 3.1614707596149046e-08, "\u06f9": 3.1614707596149046e-08, "\u06f4": 3.1614707596149046e-08, "\u06f3": 3.1614707596149046e-08, "\u06f6": 3.1614707596149046e-08, "\u06f5": 3.1614707596149046e-08, "\u06cc\u06c1\u0627\u06ba": 3.1614707596149046e-08, "\u06f1\u06f4": 3.1614707596149046e-08, "\u06f1\u06f3": 3.1614707596149046e-08, "\u06f1\u06f2": 3.1614707596149046e-08, "\u06f1\u06f1": 3.1614707596149046e-08, "\u06f1\u06f0": 3.1614707596149046e-08, "\u06f2\u06f2": 3.1614707596149046e-08, "\u062c\u0648": 3.1614707596149046e-08}, "\u06f8\u06f8": {"\u0627\u0648\u0631": 2.739941324999584e-07, "\u067e\u06be\u0631": 1.1592059451921316e-07, "\u062c\u0646": 3.1614707596149046e-08, "\u0627\u0628": 3.1614707596149046e-08, "\u06cc\u06c1": 3.1614707596149046e-08, "\u06f2\u06f3": 3.1614707596149046e-08, "\u06f2\u06f5": 3.1614707596149046e-08, "\u06f1\u06f9": 3.1614707596149046e-08, "\u06f1\u06f8": 3.1614707596149046e-08, "\u06f2\u06f0": 3.1614707596149046e-08, "\u06f2\u06f2": 3.1614707596149046e-08, "\u06f2\u06f1": 3.1614707596149046e-08, "\u06f6": 3.1614707596149046e-08, "\u06f2": 3.1614707596149046e-08, "\u06f1": 3.1614707596149046e-08, "\u06f7": 3.1614707596149046e-08, "\u06cc\u0639\u0646\u06cc": 3.1614707596149046e-08}, "\u06f8\u06f3": {"\u0627\u0648\u0631": 2.5291766076919237e-07,